=== forked_block_checker started 2026-07-22T09:13:39Z ===
blocks: 170  workers: 8  rpc: http://100.64.0.60:8545


=== DETAILED RESULTS ===

BLOCK 25422915  status=OK  canonical=333  stored=333  bc_tx_count=333  canonical_hash=0xd90091da04ed05a199a4281b1c42232b5e9b9e1b9ac05f432fa9c6ddc6466c3b
BLOCK 25424457  status=OK  canonical=295  stored=295  bc_tx_count=295  canonical_hash=0x7552c65c08a6c51e82e2b761c22aa0c2484627ed2f09c66f87b09abfecebf102
BLOCK 25424613  status=OK  canonical=401  stored=401  bc_tx_count=401  canonical_hash=0x4b11aa60a6cf01fa20b5432feed41e3a99bffa0526966b01ead3b8215d2ef314
BLOCK 25426131  status=OK  canonical=213  stored=213  bc_tx_count=213  canonical_hash=0x88c57a14925ba569f9d91816a21fa5d3f58cfda275485c8f9eaaa79284dc62b2
BLOCK 25427040  status=OK  canonical=274  stored=274  bc_tx_count=274  canonical_hash=0xda3b765675c9d7bc8ff088e29357c32a979ed8fff7478f52f1f6551d759cf114
BLOCK 25428189  status=OK  canonical=197  stored=197  bc_tx_count=197  canonical_hash=0xebbf9f28a99f2572212f1746d5eca28dfe7044faf7de0946db335d7368b6e486
BLOCK 25428897  status=OK  canonical=288  stored=288  bc_tx_count=288  canonical_hash=0x8a14ae6e511a9e812e46b45fa1b39dc416011bf6461c5ab8010f11c571d5ebc6
BLOCK 25430473  status=OK  canonical=334  stored=334  bc_tx_count=334  canonical_hash=0xc575bbc769a4f047589141c059c191700957fe5a162d2496aa688adde5635958
BLOCK 25430767  status=OK  canonical=443  stored=443  bc_tx_count=443  canonical_hash=0x4e3a7868ec390fd101f1a8dbc78b90f1c01a89f89726654c970eec7c7134ef33
BLOCK 25433414  status=OK  canonical=448  stored=448  bc_tx_count=448  canonical_hash=0xf0a7c6b6d716752cbb6192c206acc05b498ed75ef445a5bf5b0ac73688e4ab71
BLOCK 25435711  status=OK  canonical=205  stored=205  bc_tx_count=205  canonical_hash=0x06748c6fdc4c7474fba8c143d71996a3c1373cfc888a85493a99c25a2a99d27b
BLOCK 25437081  status=OK  canonical=323  stored=323  bc_tx_count=323  canonical_hash=0x42c3222857700d2f41109aa87b0450564af7f11628f1ed4b7e16b1714bdba435
BLOCK 25437746  status=ORPHANED_SUPERSET  canonical=85  stored=177  bc_tx_count=85  orphan_only=92  lost=0
  canonical_hash=0xaaae6fbf8281ba276869232111d34e9d6e12411031a0ce7521dc4c11d451f770
  ORPHAN_ONLY_HASHES (92):
    tx_idx=85    0xfc5d329daafc1a4e107645bb180bb587e75ab39945e185ac9ebc82cd8f3b83c6
    tx_idx=86    0x57d1aa532d98ba455995d66217197eed7269c918388df0536dff1488bfcb30ee
    tx_idx=87    0x5ea1aaf52ad82c6a1de31c7765a64441cb507d61fc2c79155deacdb23a46f97f
    tx_idx=88    0x049818495a46360d7c57cc4a77fc844d065be3a460451c44434c741bc849121b
    tx_idx=89    0x7a3b551b4d27328aa20eab29c5b697a0fd6dbe1a635370d71be7b978dcc02d3b
    tx_idx=90    0x441bcddbed0cc1e4393c0b4c9830dcd1f7d977c19a00b11bfb8e9c623f5b3b38
    tx_idx=91    0xa5cdc810aea37ffb5557ede03aea2dd37295bad571cdb261163e24c55365222e
    tx_idx=92    0x8b48d55b69187261da807450e7bdf4dedda7b523de927fd6e75ba93b5e8182a9
    tx_idx=93    0x7df86b3e9378c7f220363a06f8310bbecc0b5c864d8c250ad7eca576f139d758
    tx_idx=94    0xb33235c59b0c026737d8aadfdcf47af7ee610072c28b41709143b2dba74caa5a
    tx_idx=95    0xc2fcd1dcb09724bad6362198c3dc1d58e36b84fe3fde9f4f734842ae037f7d01
    tx_idx=96    0x5ca765ae21bd7e742195492e83b6bc090b2d067b5be817bd10047a5f8b395ae6
    tx_idx=97    0x418e998f609855f335ebbac6746b374a9faf2df0ac6c48be6614fd616fe7bb54
    tx_idx=98    0x71f3229c695c233b0134f303e5a60101fb0467c92acc328343e9ebdc642ed9c5
    tx_idx=99    0x26c38a52aa10d0d2dd5e85ce1a2ac8609379befc8bfb26ca7a9e3a5d3d2f2f38
    tx_idx=100   0x3ced764b665855034ba102bc8492aaeca8da47779a0112a9e05e59e3aaa5f823
    tx_idx=101   0x0ccad5c14573f2fbf7fcfeb71f0b3009162b115b82d194cf78ab0b4032f3e2a6
    tx_idx=102   0xe176e722a6ce4f475d129518da258be6cfb315d98c835b448c13ce975c7d6383
    tx_idx=103   0x4150d0dde530d7a6fbc5b174aa30996b2260b8b9f4f9e87bacfa293a9e5b6662
    tx_idx=104   0xe1d0738991968d9580f14d8492dd3c4e72a0b5394e3ef16db32038dae75b3589
    tx_idx=105   0xb7ed30e3d33c3d89bf94dc01676c2deacb2f0b59b581d61a2b5b5049baf08ef7
    tx_idx=106   0xcd1dc95219a44e43c262c6c1913afb65f17ae6b9ed5fcc66f5af67ac6101aa52
    tx_idx=107   0x9ba9642bdbc2bb5a10859e6cee6312208a4622aa04b58e728690646957b3c19c
    tx_idx=108   0x18855a06b4c1d5641a8bc3c8d6d899df4ecd534f188fe10ed5129ef2e0549e06
    tx_idx=109   0x9d272e9a44e441f71173b3fb8c38a0edebc0308bc1eb156a3551923bb190187a
    tx_idx=110   0xa543afa09041aefaa19195081ee0e9d3f9428554d78f98f217319ae2a225080e
    tx_idx=111   0x6a910bbf373b5c63f27d5f67986dc2d91cce33860889cd476b36c4b9d94f0b40
    tx_idx=112   0x4e2f28c9fa5855529fef8cfdf4702859af93f11a29cf21de9083652c458e6776
    tx_idx=113   0xa74b2fe1e1ba947cd5b7f7d1d1ff08d057c3c56987ba0cd3f73807aac4234070
    tx_idx=114   0x6790363ba254be59ca1909a73be576d790739244747aa44e0ab8c3e86dcf528c
    tx_idx=115   0x7b113e1dd53643efa1fc1dc42700623ceb2b521203435853fa053cdce4bb2412
    tx_idx=116   0x51418bf1e505c5e889eaf4b4cb5a34f17b8fd34eb5f079e53c35480cb7106094
    tx_idx=117   0x729ff9e3d401476a5ebc107ac5a8d459b37589167d0c33e38c25856fb68aba16
    tx_idx=118   0x24a57b3ce0add84eb9e8b2f6f695b93facadbf1f05106e3f791c844ef2f2eb0b
    tx_idx=119   0x515acf7988658546084f57874ccfd722f455b310d66dcfc78d4bc12f80c2ce20
    tx_idx=120   0x3fd1ca19d7969f3e96850e62cbc472652f19c8d84198b9b74cb08776a4ef66d9
    tx_idx=121   0x081273f1da18c63aae20bd42e5aa4149a36e0c6c3f2543ae0ec66465431bb721
    tx_idx=122   0x1e82c7dcd6c65f6ff4d634cc9b45668d7548971b01fd46372c41bdc541bc9c4f
    tx_idx=123   0x2dc9e02b3ac896415608b6727d432835400a3ca214682ecc4d9fdae569e40064
    tx_idx=124   0x923003581fcf43d3cce404ee2eb9c20d5689553f025869b9f18cbf0fa39e6286
    tx_idx=125   0x81999a59437d21f4291a6aad4854bb643348ecdc0df81d69ccf6eb32d9734dbb
    tx_idx=126   0xf2d71bde2af4066a6aedbd9f0eb334812bb00a9f4b231f7cfeba716896adc525
    tx_idx=127   0x0a474daf845ed85987e8d1a28c5990d2ea7f57448ba33629bc0a256d1f1e534d
    tx_idx=128   0x7b5b7122532b36d15fdad5fde58c7f0a57d0817d4155f7e2f699a5c0376dbb7d
    tx_idx=129   0xa4a6ef1b985cf83fae1104effe312096130d96852434e733b4f199f03f07ffaa
    tx_idx=130   0x42367213de34fb2462fb3f9d96735e36515881da67ba40e1b23084d275ebb01a
    tx_idx=131   0x438044b68140e2fad17fd4494d039c9fd21bea715f39fc493e9ed8a41293804d
    tx_idx=132   0xf3a6f428df9245f17d355c2f4c9a350f0bc1aeaacf1a140560cfda03b239cab6
    tx_idx=133   0x0930aaf96c864ca320a8a1c85800949b175ee264f1ca7727790ed39d8bacbdf2
    tx_idx=134   0xc4fa452e61c9cec0d89759cf126a04ef54b80a6a1c9acd90b39974984dfabf0f
    tx_idx=135   0xbf4b06676e5c7fd808a57ca11070e036cbaf44d9fb7ce471033c59df4365a8ce
    tx_idx=136   0x38952cd57032d8830d93d6cdaf6ba2cbed9891617233c3410d68f0e4ef49632b
    tx_idx=137   0xbe0fbf8ad71af16a7a758439031f123a2d4dff666b3bd48b757f750f63566e3f
    tx_idx=138   0xdd582a5ec4e602e4b0ac0f18a7f5b970d2a77cbd6bd62fa8e453a54f0a04197b
    tx_idx=139   0xa7039cade266ecde7347fdce2c5cf54e1798f9ccbdecbfb56fef4eeb9fbc8e68
    tx_idx=140   0x4bb40c0f2d5150f6b11dca00dc6984ba653745a7561cd2438ceb1b022e675a98
    tx_idx=141   0xde797cbe126e3a05d4a706533509e55f7728b9802fa888e0e5b997df52fdb06a
    tx_idx=142   0xd664736b675a4aec07c9a2ab2438658f20c0fa5bd7066f2724c4f584517c1914
    tx_idx=143   0x032907427a3ffd654a9a8bf240b9374ee6b4231e6a00f8ecccfaf2b37a89aeac
    tx_idx=144   0x727c9fc9acaec4ed52fbbf266ef95f9e78e20b52145c959e47d3ecbcefbc0302
    tx_idx=145   0x0bc53f4cd7a24bc2cb4f7890df7cc2ef1404de37574e7f7195d28317d3402b26
    tx_idx=146   0xcd0868ff2153e0aa5deaae24af02180e1e17a4705c1483aaf1eedb2c7ed3baef
    tx_idx=147   0x26b547eacec46ec4f6293fd67f9aa48be434cff4944f1a16e6e0871758ffe71c
    tx_idx=148   0x5ea5ccf5b29cbaa30d79f91cd2715727cfcae5139a3eaf5b42c3b4d0d63d362c
    tx_idx=149   0x1f792cf6cbf89124d4af67d385b693da8c78694f7deb5343961ccd02cc09dc5b
    tx_idx=150   0x4ab369bd614fb5674881e374d37c96d87e0e8a91081e2ef2a36c601bec7b988a
    tx_idx=151   0x33de06a848a98574fe170633091b9a511554b2b4ea7284b7761e94fe8a1e0c00
    tx_idx=152   0xcadf3d2b4eed96a9a4208bc0ba9cca5faa449a1d1bc7f3fd7873f351bb44b19c
    tx_idx=153   0x713dd228a717486014a664c690f55820d9cf91ff60a98203af1b7bff24cfc26f
    tx_idx=154   0x484159d0a9537125d40e826cc7e0ad16360283153c7ffd8751c4b2f8679c93dd
    tx_idx=155   0x66367ac1a11896f9c98dde29dce2625c0cc3fb8eb905c37146ab10257d8e4790
    tx_idx=156   0x0357eb91e7aa2e3d1acf6bb9457ae7f61b20cc996cdbb3c876fdbaf3a0e9ef5a
    tx_idx=157   0x172518575ef0947651d1e82122c2137d96d81921b0a435924830fac30d36b6e8
    tx_idx=158   0x19aa29046d334d3208fa7d192aa4ee17b73854c9cf0fbb306881c260ade422f2
    tx_idx=159   0x9ebb2872b8884e51e0032451c7f524d540d793bf982cf269dc76324c200aeffa
    tx_idx=160   0x0e5f6d0d18e55af11b73c6879997cc53d88b719bfd5c199e7727c320913bd9b5
    tx_idx=161   0x1e3be8196a99200ecbd76c2360c87723cedf9449102e52a42cd46f9931592c6c
    tx_idx=162   0xf092f676844803f1998d22f10ad905a122e7661e9bf784bc873ff0c079ee2b08
    tx_idx=163   0xf4bc7fab55ebf3f9dc375e7add917cc5dce5fbef4ee44105c5860115bddbd53b
    tx_idx=164   0x198181545ddf0c4e7c0b8a5952205e34b34712c4a744e7ce14704824239cdccf
    tx_idx=165   0x741e79a597da847eb4e758e9e4f6f4fe094054712adb3eb9aead23f235d369f8
    tx_idx=166   0x976a4e696351ddda2a096871fa3f9efcbf8580359a611d23ac910e4eed467899
    tx_idx=167   0xec789bd9a7d821231c98b7b23ef74a88c30169eac09fc8b8db68ec7f8a923244
    tx_idx=168   0xcc1672af6a501af416aa1db2bb64e2fa3af7cad8facbb78354c1a0977154ed06
    tx_idx=169   0xa7bb91758e8daadd892aa464b4f928acafd12a06fc5d7172bdbf4bc238bb7a5b
    tx_idx=170   0xbbb12b71ee5a737f3f6acd9930a144e4976b665822be8f8f00430966c80789f8
    tx_idx=171   0xca03cfe9e135f5d87acfee7faed3e216226160a5357e7f8c46e7d6aabfd6ed60
    tx_idx=172   0x92f392c543244f9e4a4307692c74a94cc05cb0c83c87515c0076372ac5543248
    tx_idx=173   0xf8a333bde8be510ce856a1ff6776536bb6697993c2783fa83a58759997ef6883
    tx_idx=174   0x0e3e3a4df301a1ee937920d1d1a1a27b9cfd8b8212fde55e1d43c78d8cabde99
    tx_idx=175   0xd019ef65a64bf194c367384a80e780f6bca6edbf276ea0d463c512f6d982269f
    tx_idx=176   0x9eef3e3b48d3cf91d7f37092c4bac926a4389087481005b801cbca1cebf290a1
BLOCK 25437900  status=OK  canonical=532  stored=532  bc_tx_count=532  canonical_hash=0x0fc33aee09054c473e88a2b50b858a6c1e6e854b0e328ac3cc3efbf8ffae01e6
BLOCK 25438292  status=ORPHANED_SUPERSET  canonical=114  stored=358  bc_tx_count=114  orphan_only=244  lost=0
  canonical_hash=0x2c8b0324973bd1e87213429237a1f30a9aeb9d27bb3a01b5d64d6f159ec2fc3e
  ORPHAN_ONLY_HASHES (244):
    tx_idx=114   0x347e32193ed645860917322e4f7a662f623472aa2cfa8e997ce89d294240f87d
    tx_idx=115   0x59406f2e2bd48a7a8232c83854e13cf06fa1320463893660d02f604a380d64ce
    tx_idx=116   0xa251f4ffea88e5bb482f7cdc83e3ecd3600b6b217e45a6baedd5a1919a4fe3ea
    tx_idx=117   0x4fef3031c57dcc8a807ccd8494964e72f15432d1bac1d3f035eadc441d72b357
    tx_idx=118   0x292f098bf3de3027c1ab4bb72980c4a82e2fd65158e6acee4ecb3b2b70586dd7
    tx_idx=119   0x162e9567e0163c09cf87ce989e201f84a32ef89b1aeeb23b0bcc51ed2bdcbb92
    tx_idx=120   0x6d8713bd40ceff1489ac6af5981b26bee65d38df2703dd153756f4433f2d3180
    tx_idx=121   0xf0945fbbf2f31e0bed72dffdc92923916acdbf941a8096f43b82c4e1f66b81c3
    tx_idx=122   0x97212c4ddd41c9c313c62298d08dcdb7692abe35e6316846acd724df29b1b490
    tx_idx=123   0x3a44a4316e8ffa6195c382c990b8498e9cd4d12aaa78ab5593ddbc228bd47130
    tx_idx=124   0x2ba6eb51df1ab13dd4c9085276c45dc43d67c09a54e4f6f2a825fc7eef3d441e
    tx_idx=125   0xff5e9acc3e44093cda76d6cb1cd6a8b50a358f098b15f0c2184419854b703bfa
    tx_idx=126   0xc3e45522dbe49266280c34f75bc33e2f5b2bf5b736902c501b1f690eda31a685
    tx_idx=127   0x91c55405b6ee5ac756bda7918233674d834c525c8a6d5686a420e3cef730154b
    tx_idx=128   0xa9b3a2e33e413ba282ea4d9627e5abaf6f0d4512cf7fa8b4291ddb01ec1cb48c
    tx_idx=129   0x9ec666f9ec1fb734e30bab37b6f075f8933c1396d59c27e491bdaae609914462
    tx_idx=130   0xbf9e9c6065d82222b2af141ce1856ab3cfdc130bd8d942dd792d403c9647dcc1
    tx_idx=131   0x161b66a26560da625a8164b4d6d71e1d8a3fda95fc40ad33860b342461b91b04
    tx_idx=132   0xd607a18163f7558fa1e65acb491cfac844076887fa600e36f5ac30bcc3c8d0c9
    tx_idx=133   0x01b01b8a353c4baca5fe525d66c23bd10fadecafd22008bc2da7f01621a4cea8
    tx_idx=134   0x122ca7f15cacf476e9373929df8a2ec80fc33c25ede6a04727435dd613467fe1
    tx_idx=135   0x40dbf256638a46ae3fbb418c1b52e571109f5d00b0912ba0fc41d5df932e05d7
    tx_idx=136   0x427258e5635e1b1851da8ac1b2ec263e871932b706fda536ebc77efc6f2b00b0
    tx_idx=137   0x9a40926522853204eb09a79124892ab424a8b8427b3b0ba977450b75d059ef78
    tx_idx=138   0x26fd6d6b0aca44a8a434cbbfa3aeba1ae5eb94cce8bef2ec46899175a0ad550a
    tx_idx=139   0xa4853637d891e9b33f4aa843abea9b870af1c4b6a89414893ba08f366c367302
    tx_idx=140   0x976f9b327be04f01e423efa733e6d74a7544ad1ae8e02e1247f1206488069d2f
    tx_idx=141   0xabefd79a1f641cbdca26b225fd8169154e7cbb1f06371be5340b3ba3742a6f52
    tx_idx=142   0x21885c85e56e93adc812d28f98bbf40bd790f451b1e01c0e76ffd177367148f0
    tx_idx=143   0x24e46bb4b6bf59ed176540fa31f4e1c9063d35c2e5855789b2532ab0220453e3
    tx_idx=144   0xf00a694054a2602a1f34be2295d52a1608c75a6b96ec223e91f03d2b95805faf
    tx_idx=145   0x6b689e0153f3af7295ab8a906fb5ac44d612d50a24256c25c8e8f5c901669670
    tx_idx=146   0x234308b1ba3b9231d64575df496b40d9c57703b11d91d1972d7c22b59a33b5fd
    tx_idx=147   0xe05abd2d196f33b6d4b3678ba4f162aae2a009369eb77cac61dce0536b057c94
    tx_idx=148   0x27e6c1582beafbdddae9a88bf74b13bd68917595696f7bd5dbf6ffa344c148d7
    tx_idx=149   0xfed70a6bc5f11e1d2107e735b7009eda5ad10344abd06cbc5326d755e59d43a3
    tx_idx=150   0x9646ce326031c540d64ed6556546c112aeb4c80864cc5ee89dd8ed0e62e9733a
    tx_idx=151   0x54c9b47b10cc68bc05506b1902d600beb798cba3fb23a914da5a4fd8891e41b0
    tx_idx=152   0xf0e5614961c8ad4106a6ad4d9b4a6d6de0b922961ded6b832b84a51e36c11224
    tx_idx=153   0xf92cd08afac2912588da3a58a910c3821d496b291309263d37f3a1be35ab98bb
    tx_idx=154   0xb5e1b7d9fa55fadca36bbd2ea6c29bdb5dadb96169d0e2ea1c561a082de2bf45
    tx_idx=155   0xf3cbe7608c8da28638a3d681a93c44ecae82097b102eb3bb738dee9bd4cb8683
    tx_idx=156   0xa54c8163de52a9f1077bdcf252062a17e4ed7ee2885cd01aeb2f41d3a0abc370
    tx_idx=157   0xa2211220774a9898862ad6a5c19a9e26b82783df08c0dc5167ef2db5249c2c5a
    tx_idx=158   0x35fe1a0763b0c9397f0619ba540a5a9a1925d367c499f2f86ec30212e076b186
    tx_idx=159   0x41c499a15e6b29a6ba4c1d376781392cdc5b1ce5428c2bfc91ab005148ce0417
    tx_idx=160   0x42d6149778ffc78d7f2bc242b62a2eec975a1c6b07809152910a276db442a939
    tx_idx=161   0x85a0f94f999dd07e6d4ac9ab6fda713fc19439d9f6c3144ad4640969a55b5e45
    tx_idx=162   0x6ede3021039baa0f8072397bd95af8af3e6d7fbb3acb3a44c6adea91f01f56cb
    tx_idx=163   0xcd1b1ad0c2b56e0d77ae0e0ff8e3bd0112c95ebf588950e05b010c94ebd293ef
    tx_idx=164   0x052a249f376054a64d71a5da22bcfaf601d3ee82ff8d1e8f0caa0feb9a790946
    tx_idx=165   0x7b5ef8b241c9f745beb2a42cd1169f64eee32cbddb94fd35c5eb843e03a1626e
    tx_idx=166   0x9d32ee30892748623eed64776a8ef6b710e92765e1b15c7fad48f531cf74ad1e
    tx_idx=167   0x329df96f55444ce3f9c742522a973c49a321c2d4bb5f55370f9d8d46b18102be
    tx_idx=168   0xebd452a05f7e3d5cb8731b4fc3fb2e7faed63198e0dce5c49c96712914b2b123
    tx_idx=169   0xc170f3171297457200158275ad068d315b5450888cc95b0109268941c4b55a79
    tx_idx=170   0x89c87179b6bcca7d1bda12868683df24d57a5bd306822e120f1abf1624946708
    tx_idx=171   0x2fb58143373bf0bb0701815003f2390592d02948fd7577cafcd880fc822f50cf
    tx_idx=172   0xfe8e6230eefbededac8fe4dc45dce0f9768391ef50cc4cede3b1b941d7359ea7
    tx_idx=173   0x9f80cf491d5ecbd6a357681f0aea9a7a2f38d0419fd6a65b9371d92801b07eac
    tx_idx=174   0x9553b58b67f89bb61c7d391586e070dc062860e0bd97e43bc1aad792628136d1
    tx_idx=175   0xe2c6b397d2bd6183ca0298c8d481fb3a0feeab715a2da16f4ef1832071afd2cc
    tx_idx=176   0xeeb42473d832d9da4cd4fd089571d78daa8f6998411127ad90418c6eeeed8889
    tx_idx=177   0x0f24ca2f02578c1c1aaf36e9500d4a56d8a44746052a58b58f11c30fe3775ed1
    tx_idx=178   0x66bf2b04e3173fadf9535b40bd42684eb9afda1f3aa5a0a8b60313e37db0a4d4
    tx_idx=179   0x99fc221fab5dd9f536cab13988a58123cc98a5a28944ac1432db0a2e56f2c024
    tx_idx=180   0x6fe10bbc63c6de1aa4709de385fb36fc5dd78faad7104aa597ff890d1bbf4f20
    tx_idx=181   0x8308ad8cc9ed604541703f56dbafea9953b55d91baec5db9ab8a35011b74f7b2
    tx_idx=182   0x28272aad9851ecc8fcf211699d108386eabb9baae200f1f16a8306dc345502bd
    tx_idx=183   0x2a49004b7418e8bf4850db459e0cc06151e03b467daf9379007ae917b3c83a5f
    tx_idx=184   0x4097ec57cc06d1bbc2f1c02def4292f509eb7a66faa4e5bc5c77004489afb0e8
    tx_idx=185   0xecb6bc317781bf49e8a723d081d87fa7f220fb096732b1b27bba1ec2552cc82c
    tx_idx=186   0xa46037bfee6e8a9e2f0b26132b4e73edded702e159d51c142053d9e5a053d8e6
    tx_idx=187   0x505e5f5c7677197cc86eb8b2b227c1a1a52d85ebefdce196c886bda790ff717c
    tx_idx=188   0x961e30cf383bc7fcea0ef01e722e4cc206941463e40d79bc982993ae7ca1d64f
    tx_idx=189   0x73ccfeff408850cba9eb648b03ad0af065578278f9e254da8d5d210e03daf861
    tx_idx=190   0x478c01577db52f3e06910d9995aaeefaba0a8d38be579524e4082ce38b9966a8
    tx_idx=191   0xff563bababb457adb26e3ccdea47b5671b3f9b414cc39201c497a243dc86ca03
    tx_idx=192   0xcbf852c9e2394beebfd8412478913cafbaec43974af7fca0e5f7806e7aebe718
    tx_idx=193   0xd4375dfcdc7556deeaab708b284fef6dbd5cadc9674f75152257d5e7c8ca742e
    tx_idx=194   0xd1d74763977c9dbe48f2577add6f9f47c23cf0f35d827bb9eed8f0cb1280581e
    tx_idx=195   0x6542682c0c72f47963a26525838b27983283a01e10058ad3ba9d46998c915082
    tx_idx=196   0x86e817fb75225592d49d02a665add33f5a55c08b0e8343ed6035e9cdaa971a1b
    tx_idx=197   0xdc4b9abb6ef80b47ce387bb52519265cd0900494c8a3cc8ba21764a8fdce27ea
    tx_idx=198   0x0cd9cb9d87f104f7c0ad031c5654e5e0fb7287a64b80f09fedfddb93ffd786fe
    tx_idx=199   0x47606ba07b768be15e2437c049a0aacad0a8eeb76af5347df95396c688cc6747
    tx_idx=200   0xfdb5d31b26e55fe392c01a2ebcdd156010965e54fa4264efb0a4fccaa72f4cd7
    tx_idx=201   0x72db4beb2f8927b3514f9b9badf6b976ed4cf33b32fd082d97e378edbadb2305
    tx_idx=202   0x47f16bb508b08c160e3f4592446b23ae1277833b62f38046f3396b38fe0d62ca
    tx_idx=203   0x03c82fb8de6965c992e1b94921ea19d6df7b83b484b5b54ff69f5d00845fbf58
    tx_idx=204   0xfe5986458ee17d18c5be9725c7fd34b4144bcbb43263c17b39a21fc9c083194e
    tx_idx=205   0x0645950cd74769066a947c01eb37228a6feaac53fc84294deead1c0935eb2846
    tx_idx=206   0xf001f510686320d3b1b1b811e47f609b3d34a197c54916ce792a9de5bde67b76
    tx_idx=207   0xb07f04258581e4ed5183869ffaf775b912c521cdc43d401f6f606090fe539319
    tx_idx=208   0x6f215a67fcea1364b30161d792ec341b0c3826efccf1d3b90805b09ac388245d
    tx_idx=209   0x27de4d87ddcd463bcc484cc7f5f3cbe528575a349879ef679ea0f61e94501d62
    tx_idx=210   0x00fda25f280f60e4db8c53678c4cf514f3fcc274ce3c5147eac11a5cca52ef85
    tx_idx=211   0x7fc57c8c1ce545938447dc90368bfdcac33f635579a961e93ff35df188a158f2
    tx_idx=212   0x939d3681735892b622005d526e83b47e08c8b159171fcbcb2af41972dbcc11f8
    tx_idx=213   0xbd1234977204fa6526b5fd0063941d98b7d8c238573226454288243a6a8633c5
    tx_idx=214   0x572a7902275c7a8fb8b652459f2788ea98b404456951e439d65eca4a6c0d013f
    tx_idx=215   0x5d14906211776952f72d1b55d4bec06133925d0883aaceef18879e324831c391
    tx_idx=216   0x48a46f01bb6b63db06415804c1ab10e09b936ce0937564526f0a236655105105
    tx_idx=217   0x00b1e81e2b2bdc7b179de648b95858166bef96f8e9776f85a210e2ebb2695e57
    tx_idx=218   0x58505db3c05d3ef4709bd75db35fe10970ebe763bacbdc481c910ac3c9518329
    tx_idx=219   0x38e7f5f4ea94cf1751a23ee35066abaffa079e14a2ad5151f4c4dc9cc5c00494
    tx_idx=220   0x067571ddf8ce67698634c60cfba45f1b3b376b29c88065149384ce089b0a6363
    tx_idx=221   0x7a586b166e3e6a3d3daa17b705162e13eb24f0b603cba2421ed8d86ad2a4a2c3
    tx_idx=222   0x01b8c2eb704fa38577a39e9aca3e901ae3a089bba4fe6afca153e8c5156fc7d1
    tx_idx=223   0x13caf1a492cff67b18ca657ccb5ccd9db93edb3d0bfe1a275489c9fbff3eda0e
    tx_idx=224   0x36f85cabfa0038c5c098637a342c512981fd5607e24ee7fa01a3e00ae9ee2dd0
    tx_idx=225   0x8c6779f41be8fb83380af8dedeee7ca8459b7ea6b7ed1b664483c03b5a563afb
    tx_idx=226   0x0b9dee03fb77c9a6fb62ff01ceb5104b2d36d7f187e857f641966d2ddeb9bc9e
    tx_idx=227   0x095bec0a2acf4e86289d9a49012fe8240f029f144a8394baed88ee32019f61d2
    tx_idx=228   0x656da6d6312b5c6516126a697c04c3488dc5830e46911a84eb07f28c78748d57
    tx_idx=229   0xd0d66060abf4b283cd1fb0d321d36f9f913f553c5f6f2902dc8a8b1a34833e7e
    tx_idx=230   0xb7d8eeb1f2d9904b8ea79acd8bfc0c7f9e9f6cb73c7b04dfb54bdcf7ca493909
    tx_idx=231   0x3d08cc6241589d036978fa520d911a262060a9b70e16e960d99c25e2a9c33e21
    tx_idx=232   0xabd7bb62c114cf8c8609b966db16f249102a7823fc2e4c0a76c181b8848f7889
    tx_idx=233   0xd96ea09e1f501a76354b1b6f72fd9ed1346fd823a44f10cc4d0228d7470c89bb
    tx_idx=234   0x257a82892781e681ba2d8169a2ba825f66f0dd8112ecf93bc56d00d273598a02
    tx_idx=235   0xf799a0916cdf34eda52fb31bba69b6b094ced6f79975cc6770206734d3ea5d4e
    tx_idx=236   0xe07a21bd15cb29d9d86c5ea4742e6056981098f09b0df29d77f151437c58583b
    tx_idx=237   0x5fc3ebb32393f5c8a224703c55d87e4c7b22b7641bf0ae62af90490a30f87703
    tx_idx=238   0x355b021377f3ef93180bb1281c40387626acccfa0d1856319d610cd0eef6f619
    tx_idx=239   0xa524b3134bb57805498031b56dc2e527994624bc97b5ef868389c49aac72e0de
    tx_idx=240   0x5f1a1f2e9ad7a42517b5c6e742658c344e4365fa1933e320fdc64e29909f767a
    tx_idx=241   0xdde7353819ce790f1b7d6359e829350c43b9ea01150b0df6af7273fc090ef3eb
    tx_idx=242   0x211abf3b75fd315080e584d80f4d74e6ae38c991f9222f12c037f09c91b6f8d3
    tx_idx=243   0xda505396fec1be846aafe727c6a4fedc840c450dff45c8e07d4f2557134c5918
    tx_idx=244   0x164e4e906cdcef67c4b348accc803b24c034b81df6785ae350ac19e6553347b9
    tx_idx=245   0x11f414c46ee230e566e042c1b7fdeca6694b540abbbddfc46a4262c744a8d993
    tx_idx=246   0x574d1f16b61f1a3b729220e7dc56b3a6e91971c76aa934d487f39bb906bb60c3
    tx_idx=247   0xcf11b2331977fbd6a25d7fbfa9d122d9cfc7f8e96debde2a9b88df450b23378f
    tx_idx=248   0xd86ad61ccb2e461d13b727a131e29bea54fbe63d2f39e6116cacccab956e7f68
    tx_idx=249   0x6d17f4c1a95c4c601be48c3209d12d228ea2e576759a46ce18b3f6c4d407f297
    tx_idx=250   0xce0ccb36a1b7d0512c7e39924edcf99fb2bbee0f3a7010d6c581e0e86115f395
    tx_idx=251   0x8a88aeb87821fa3ffe0b55ac806e58f8383e552a97f2a02020e21c4d4cce4657
    tx_idx=252   0xa0a02ef5b71a3adfe50a14fbe12c0b6d51177d0771c068f5cda9db66040908a7
    tx_idx=253   0x3c1d03d6453ab19a47ace17c08b340b06a2d198deea352beaaadf714c375c77b
    tx_idx=254   0x6629e78c1b735391f95377df14c4c5d8f9cc45cd08a2fd03b228bd05a6095bef
    tx_idx=255   0x71ffa57f95635ca6ab6fbac1ed0e84cdbde13647995b50d80af3327756209483
    tx_idx=256   0x0f5a76012e04c5d67767abbd7364d3e9dcec2247da743e4365bb8a1957e3231e
    tx_idx=257   0xbee1a3a35b679e0301d5dd3752b09ae15988d702c9fbedefcc612e7f239238e2
    tx_idx=258   0x12cf6f9ad084554b71ee274841c9d552033b273491cb259dd9d8d94b18386d81
    tx_idx=259   0x3ebdfcd8ef16f666440ccb5a1a175ef1f97ac9b5a95f1f364b5303862c1212fa
    tx_idx=260   0x3f5f66242b0cc25c457fc87f79bbd2cbf376a001f90c7a8ee9834699aa93a95d
    tx_idx=261   0x9a0f9347e1027fe2797bf14c46ef9f8557d4d3073f9f28a0dc334bbb726050ac
    tx_idx=262   0xde0565672b024bf6982e860e3180a64f22917fb68df836aab9873ead1db935e1
    tx_idx=263   0x211ca93ed658c9b4339846a60a8ad24e92c4f4b91b38d12caac5e0b225bc34bb
    tx_idx=264   0xc3ac9eb3bf41c5370e653bed88fe5adade30886ac753e6430718c71d56f5286f
    tx_idx=265   0x6f8204d2a4b2970c4ba87f4e86971162ba1865174a9db8d214331cf6b3810cf4
    tx_idx=266   0x05402baa9a4ec83acbc3d7d9a8edc2a30c3fb83bcfcce205cccc845bbd4dfd04
    tx_idx=267   0x2c73dafc7de6ea618ff97e224734a00bdec0bec693545329b2cd94b3402052ab
    tx_idx=268   0x4782f66d09503e3684d1b83d86ffa1a7d96ac831e4f02de3295b934a7fc4ba82
    tx_idx=269   0x028c05dd315cee73dc35325d6da1ca3b760352551c72a02424729df16b1f2f63
    tx_idx=270   0x81d22032a4f4fa0ee93c4e5aa40e5b9dcc5348b598632fdb0d22ad90d55752d2
    tx_idx=271   0x4655315605d45d45b4fa6d7fbe6624c2d1684b8705105347e783e1e00e1bf801
    tx_idx=272   0x957d5edd07aed801e7788f71334f8e7db3e97ab245b82b28f93f40104b29befd
    tx_idx=273   0xa738c6f2e0ca6bea62a2771e35dfead9c0545c2c080a5d8fa1e882c23fb33f22
    tx_idx=274   0xf652d750640485931facdbcb50a0e07226d4edf0a3f7efc2c09641d359b8b334
    tx_idx=275   0x3cdee03550413f319832436871fb6cea2a4bb2e537a742611612eb69f306366e
    tx_idx=276   0x7b858797381a61a8f18828d20001908b512f217ee940b7cd295d06c791dfe2cb
    tx_idx=277   0xc1d4fe846dddce6148c77aa05f70ef1a7ca7ea3e67037df28abcfaac46e63164
    tx_idx=278   0x27610209e9ec2edfede40c7d0f70cce0b4c1ebad5a9d4a6840d345003afab6c2
    tx_idx=279   0x74c46a0de4c091c918b544035695730d581e017fb8fd2898ddc3b4f4386db8f3
    tx_idx=280   0x41d4de4865ee89f57fce5d108cd844d554faeea66a3918964e5ef41a648d8429
    tx_idx=281   0xb0ada00cbe2bf3ccfabf1164c8a3d701445b3be28da31eab376fa1d89596e9ea
    tx_idx=282   0x15fdb60b720f643db2edff59bbfadac019152e24b7d1f4997b8b4d8a8b1519c3
    tx_idx=283   0x45a5dd0fd3d9bc106bb353c94bbfb036ee3986a1258f8a5f02d4cdf3e3f9abf7
    tx_idx=284   0xd12cebe4d4d240345a35257620738fd11381b74a446ffc0ef28ce3a8c930a896
    tx_idx=285   0x74616b1d902fc933bed8a7c8d5141670b006c0820b4638dce423f36ff73408c5
    tx_idx=286   0x5ea0b2f8fffa97e7a3dcad86de48f6854b8769df5912bef8ea83c27bfd56ee8e
    tx_idx=287   0x086097638f8b1863e8884e418bc71306a8a5c28010f941c0d48e8a78140709da
    tx_idx=288   0x9a39db64137604a0cf921248addcb3780c6df20fd358f2952c06f96a86f86300
    tx_idx=289   0xc83a72b53bc289eb64a171844dc790a5b811992067f348ec01b77316a32d2c37
    tx_idx=290   0x1d91e4be1e22da80b42b2d515418f9a04cd8d97c00c6cd7eb9b28ed7cf17953e
    tx_idx=291   0x4ecd59d93de07dee85262f6910d219de2072062c7d2b5ead8eee93e71f82a487
    tx_idx=292   0x126a4bff3e1f2bc4133664ded81bcb3cb3d2792315214a2bba00618c5e03d91b
    tx_idx=293   0x409bea58feb59704f4acff00bcab0c6d01bd71af7bea9d9b1bf41fdd9e5178f9
    tx_idx=294   0xe7584a39707b0bf16900576b804a36887249b3e0d7245c2efd93fae9ac0cb678
    tx_idx=295   0x2f124c73b24044400c65dc03eefa204d8d85d0a163b366292bea47ae66091a59
    tx_idx=296   0x3bae7cb4c79a4d9f0bb2d71452ae66df0b1818578ee768e110cc6d2c087fb09b
    tx_idx=297   0x81693543adfa1a99e48564b006220f1e032e838ba6cba80c25b8eed9f5634875
    tx_idx=298   0xeb2adf25ebe2a391f5e084cf6bb34b91069de981ffc44627e77f7240ef053768
    tx_idx=299   0x8bf6e7bf2bbd4d5dff7f142c4ee7c57e0bbc44f4baf63963337e2246a933319b
    tx_idx=300   0xadd49202d40a7e3b152a14e36a06022f8eb2481b0109a596860217139d6ca76a
    tx_idx=301   0xf86e347479351cd615fcf781bcefb03e774ea0ce9ae9e83cde954006390429f1
    tx_idx=302   0x723f90bcdf3e2e01e8608a7bc030d302c04ea111edaa6967c71b92ab77c93215
    tx_idx=303   0x6e80ffdee0cdb90fdc083d14059a6c86dc8de43328521a474e4d64f960ecea61
    tx_idx=304   0x51836b07b5a5ebec10ff32482d8a23c253f58cb232782f9822adc9cf46b46c3a
    tx_idx=305   0x6ed1e8adcbcb0c058f5b8ac7133bc5216cdb3eacfaeee7314be3720d6560329c
    tx_idx=306   0xdbf949346be4979e015515983a6adc201d172c6325ce63f5f2a5acd568a67634
    tx_idx=307   0xfd7941fcfa6c4c59a556194744f39626fb347ecbee19dc756a5b85c8080c9fac
    tx_idx=308   0x38c9702fc50dc3be0d63c4835fcc665ea5e97e3a950f882673571287c447e7ff
    tx_idx=309   0xc3c5d00f0e5bac4ee59cc46fc59ab56bc6c207349757793f8955e2f616e4c1b4
    tx_idx=310   0x5f4f030156298f298b470d07f2742985ec80e5130b3a305ece217914b9418a72
    tx_idx=311   0xe689ecf14eb21c5d9a08b7a0815e1a5337d79a704e477a15056de56f82290fa4
    tx_idx=312   0x9734705eddcc81c6103748021c8787bd11f553ec809cdee80b47bde6b2dc545b
    tx_idx=313   0xdac3a6c6bfa4c2b111f0f39b2ec928b6fb2299582923899a96341a79d95bd23f
    tx_idx=314   0xc4e770b61166ba3f2631b62dce1f266075efc8490f9edc73eec6ae185c35efb8
    tx_idx=315   0xac6dce2750dcf402b8cad8320f8b9288b3afddcbb1d33b3ef2ecb4a5222623ee
    tx_idx=316   0x1377174ff0219645a4a15941f9da895a9df0dcd2368aa2dda05e4133ddeec3bd
    tx_idx=317   0xacd22686d1e12b0db0a11596ece28ab078eead3a8844e32b1ddc159479ca5b46
    tx_idx=318   0xfce6eca15cb004b46ad0399343304b4644f5977854152de664ff15936f85caea
    tx_idx=319   0x538e4ced1dd9b5ff0b3970813d945da4634e869d04b068b97845bb53a9eb3cac
    tx_idx=320   0xf5f19e10d0f4e45e8103db538e26361e12cd30997310c66dc7c929e2dbe5dd76
    tx_idx=321   0x38882c33268f98a2c87be18e4109bfae95eaeeccc381031963a592e70874d537
    tx_idx=322   0x03848516bf4d498d1059906a3fd71717bf8bb469886202d079815bcb553beb08
    tx_idx=323   0xf37e87e4e2aa8dab95926fffab461393ca6486af0df46b5dc474d12586570c2c
    tx_idx=324   0x281cb867087a5d6ae5cab83d8b62a3d5fe4c5d57a741578becc5e14c9f9671c4
    tx_idx=325   0x89df24220508ea27704dced7f6e931e31ad9f544e199497b77b6c08d903f4656
    tx_idx=326   0x4baddbadd0402c6102f151c1ddee8bfbad0e9433ac9ac49a650b5199d3b79088
    tx_idx=327   0x5637c20111984fe97da3578d3e26daa9c126203ca1dfad622c6214377f333054
    tx_idx=328   0xcad4bcfb96444187bda94a0417cc8061f9173d97811e16d74818b8b5922f74e5
    tx_idx=329   0x12440d562ce89d0e121d59b0586232a6389a936cffa509b0f7f23c178bab1fb3
    tx_idx=330   0x476f2c0857bc055714670cc927869d515a157ee7336d3a7f4fcff91d749e1471
    tx_idx=331   0x4001100ba8d811edf8a2884b7730a03f4dbab2309e8f6c7de496e803056e6d0d
    tx_idx=332   0x4c9a55e0b04b789c83a8a075c79ae3504d4d2b44fbd1f52dce737e18ec50833d
    tx_idx=333   0x27697b0157d0d22ad644f3c52cb6e15de3457f09be03c0a56edd4369a3ff5af8
    tx_idx=334   0x7b93822ba09a22527feccadcb0e14d3fd5ff309f6ea1019af4bd42629fb3146e
    tx_idx=335   0xdf12c2d6b4002e6f813c38cf231008b6ea2a8e12035f1ebe21b4eb05463eaaeb
    tx_idx=336   0x1ada753fc830431abc296b3ce4384a4fdeaac1f078078f5a38566206029b7419
    tx_idx=337   0xe616194cdf70428856e5bf481daa8dee4e24e5fbd9f29e6ca07ae7c1471417ed
    tx_idx=338   0xeafd3745589034103766acc3ee1ce361bcde6e72573a53079cd9c5d2bd8dfa1b
    tx_idx=339   0x606bb256aa9f1e9fab60f8da8996cee50b409f6fff8501dea6e9ce6de0c57db8
    tx_idx=340   0x99ed60218efce85461fc46c76fd83f10fd2e5745ee7e2e471711f140a42453a3
    tx_idx=341   0x57320dd8ee4047100c2ef762406c55b114460dc849e9e78f405f15a409cc42d5
    tx_idx=342   0x504df581aa2fc833925828220ec3cbf758138e76d91d1c1bd7ade27636d3e167
    tx_idx=343   0x44f1c1d347ee5173b3dcbbf812076cb52e7ffdb58794b285595a47160088dac5
    tx_idx=344   0xd56e915792b92768dfe3dfef2fb2790db84029300123c0bb5adf2e52cbcef8d9
    tx_idx=345   0xccbc11c713382253797113784afec5d2f017ba1e4a32a0f3e29b98aaf4ca08d5
    tx_idx=346   0xe57482390384df8492d4e0a4bf168fae779e4a2a067018e94251d316ce0184d6
    tx_idx=347   0xe419065299eaf2c2b362a3d4e0b612855b022f7f1c7eba94ed914f6c1e506135
    tx_idx=348   0x50e891681315786e7505739307e32e92d4bf88f8788e032988aba994cf28af64
    tx_idx=349   0xbc984271c33ead01a6038e5c433189fc1f6567efa16b3ee24448d834f4a6487e
    tx_idx=350   0xb7b2d933c4fc20e6e49df4196288eb3742c72ed61c5b14ef2f687978ce37656a
    tx_idx=351   0x131fbe10646ff0e96571ee45743dc0cefaa4e11854886f43d4459d9431449f61
    tx_idx=352   0xe2b5279e1fd5368ca2018dc04c6304deef9dcbaa04d3e1cd2d0a01510a18ab9b
    tx_idx=353   0x98e4828ba2b9339c01dca8ee7eba6ee099f915c3874b34e574ea6e271970c711
    tx_idx=354   0x503e9e6ef23905096eb673240cd403938d28da04421dad7287ee7fd3100b3d9f
    tx_idx=355   0x17c9113300dedd3f6aebc6727ea503ede89013c5c89b7151d3d7fd76f105d987
    tx_idx=356   0xd0ab88fa23b8885891eb634e1478a325ff69e97aa9939a90ca1bb6ef2ad8856a
    tx_idx=357   0xe8fa98f7e224774f693ba28fb06f0d2a6497aefa0a12b53a03f1af02344e7aae
BLOCK 25439689  status=OK  canonical=262  stored=262  bc_tx_count=262  canonical_hash=0xb08bce31fe4ba62ad130ff923c4358cda9632bc2eb8637ebf2b71692ebb35938
BLOCK 25440325  status=OK  canonical=679  stored=679  bc_tx_count=679  canonical_hash=0x3773c79590c22a35df0441912d686fcb2cf7c86ce5ec1465f0a532e05d3d6e3d
BLOCK 25441951  status=OK  canonical=212  stored=212  bc_tx_count=212  canonical_hash=0x17e30724531f4a75133ba5a2ae900ffff316ee84a178fec75b4a1a7dda2cbf51
BLOCK 25443896  status=ORPHANED_SUPERSET  canonical=170  stored=186  bc_tx_count=170  orphan_only=16  lost=0
  canonical_hash=0x8d2460b4fc844a74a6240034169cc67fab30510affd5f25b701ec6ce22629962
  ORPHAN_ONLY_HASHES (16):
    tx_idx=171   0xc610256eabf3bdc586c730b6b1e52f5d77c1e09f0f7c3c8a5cdf5f60b60b470c
    tx_idx=173   0x2a06f27f7e3a6f74e16c8ab0f272efc6df7601ca41628133c1996df9e9b89719
    tx_idx=179   0x16ad0d5cef4f4dedb3a9cf6c0d6fac53b2e3a15559dd7f9fd9b55142ce5098c1
    tx_idx=181   0x2c735a74ca68c6b149be4afb06ef8f90df0e0b41e6f39b79bbf8ec2d7ae02323
    tx_idx=183   0x4a382235a341dd3cea4856281e0a6655cb2eddfd3fbcba811807457c9a235659
    tx_idx=184   0xff4b7df3d3d0091a09ce1b89a6bf2f8a39dc15a40a9b4eca0605b27c528f8dad
    tx_idx=185   0xd877087f81ead5afdccb837d616672918375bf16ccedcf79eb36bdf422405c44
    tx_idx=186   0x5b8515824eeab833f365297d72702710fe67361d5e7f034caab4287e0cdb2283
    tx_idx=187   0x7f5c110606c17ac2d300f5590f3f598db3e98edecef68ebec238efe79741c15d
    tx_idx=188   0x9a07542860b8cbf5128076af53a2896ddbd172a92f77676b6e0e95053ad3b35f
    tx_idx=192   0x9450aebf9c1e5813cf9289f4a5706f3644e76c3887f1a9a26b8ad0cdf2dc0c91
    tx_idx=200   0x3e8baf12b0625df48d02576850ec8d376d4e8cd76562c493aa75638b969e55cf
    tx_idx=203   0x6b5e4758bbfbaac0f261b16804901dd8dbcc7415fdffd8f78536383a100c7bf8
    tx_idx=208   0x378016a0efc9abbc3a4b23a5667558143f584fc3c1c23a82a467db53c8fcb235
    tx_idx=211   0x8d2ef3755f7b5c83fddfe3cbb828371535139d9e2f9f669c1018f959dcf4f939
    tx_idx=213   0x4c52d1f724c75febf8da7fc878c13799c22b60ef62dad140574462dedec2e277
BLOCK 25444409  status=OK  canonical=205  stored=205  bc_tx_count=205  canonical_hash=0x4e4b3f34c8fb83109afedd0a331ee74bc569db507ac047b1826ba148e8b836df
BLOCK 25445071  status=OK  canonical=338  stored=338  bc_tx_count=338  canonical_hash=0x173d2e45c2532b012c5f7a8b441b83eec459eb4b18c7932c44eb76e4d3e695fb
BLOCK 25449179  status=OK  canonical=255  stored=255  bc_tx_count=255  canonical_hash=0x68c414be2dc5b85704fe015a55e49fc168cfad9368bd89e32b2fddba6e176b01
BLOCK 25449796  status=OK  canonical=221  stored=221  bc_tx_count=221  canonical_hash=0x8de15bea735e56dae214cc4685cf3e3806951edbad9652288a56920bfd902bc9
BLOCK 25449906  status=OK  canonical=298  stored=298  bc_tx_count=298  canonical_hash=0xf71481f96952ede7559516d9d26c31d48bb62a7d1a346c49c56960771897a763
BLOCK 25450191  status=OK  canonical=432  stored=432  bc_tx_count=432  canonical_hash=0x7ed89eee0a05ee0cacb0368deb4f39a10e71024d539fe5d265338fc004ffd168
BLOCK 25450669  status=OK  canonical=362  stored=362  bc_tx_count=362  canonical_hash=0x8f5bb4f01246dbd0150b58509abbd51ca890cf1a54157fbf5bac9afa6bffa63b
BLOCK 25452993  status=OK  canonical=338  stored=338  bc_tx_count=338  canonical_hash=0xc2cb316acb5bdd053f8d4ab2e6aaab876e597c6350b2b52cb31e8af63ecd5672
BLOCK 25453411  status=ORPHANED_SUPERSET  canonical=169  stored=185  bc_tx_count=169  orphan_only=16  lost=0
  canonical_hash=0xe237bb2efe4ad13cd46e19b60b49b9f023155dbb98dc99eaae200c5758ff801a
  ORPHAN_ONLY_HASHES (16):
    tx_idx=169   0x9343c327e61246582893213e4254f99af3161f3f0f0fddd439f87bb1448643a0
    tx_idx=170   0x8c036e93cd2add469b80a443e66b9fbe2d51fd9c12e8da948f6049c10caeebb6
    tx_idx=171   0x2b9439c6dfb9e2fd4371c99217be7576e6eeae8fa4880adea6450be4221a7a8a
    tx_idx=172   0x6c6d67e89950d737760858595c6deb716ed7230b6d64f439574f0534778cbc49
    tx_idx=173   0xf4cf95eb9147637cfc0dbcf8050c4a4b3e336327f217fe31731d864cdb7a9149
    tx_idx=174   0x3d2eb4917468b780dc07761c1c055f91e0582200b9d8f6179b3cd2dc50d58790
    tx_idx=175   0x44f5835e92f276fba5cc2a99402bc2f4ed96d01fb91fa93848909adea7685f09
    tx_idx=176   0x59ba32e47fef74c850ddfe4465720555c79d8bace65645b8b641824a57a6e381
    tx_idx=178   0x587e666d7d684824c8345dedd8cd89031a5e87c925abcb906f254d4221ec2cad
    tx_idx=179   0xca4fbaac1b5fae5c29ca3543a730b6643230cb12ea58a3bfa89f70445a7a04f4
    tx_idx=180   0x28a384fb5c20011ef756d9cf3eac499560f2638d77137eeff4569f32755a56af
    tx_idx=181   0x194cc400488143ac6edb8d587085c9958d94acf2ae0864ac21139bf96a5278a6
    tx_idx=182   0x1b90cceb1d5d9a2dfab9bbd220c0485e86ad687c349d6037d38b4f7d9fa839bc
    tx_idx=183   0xec8406958bf28ebd4de7f2176fb794862bffee12da62945d505fe41fb465101b
    tx_idx=184   0x505274d4533088196fad2ffa0607989d556aad67f4bf786893f8f100270b25a7
    tx_idx=185   0x514a663e33ab603427c70a91cfb425e20d5f37e7bc03731b53020e0403d34a27
BLOCK 25455458  status=ORPHANED_SUPERSET  canonical=41  stored=164  bc_tx_count=41  orphan_only=123  lost=0
  canonical_hash=0x49f95d8bcca2c957d569df3e82f3588f8de68357a8d1a722409edd34e1f6e0ef
  ORPHAN_ONLY_HASHES (123):
    tx_idx=41    0x52d3e59a9eee30f42f9456ebb2b160e2c09576e2b242bb4e939bc537c5ed2de7
    tx_idx=42    0x8f703f1c8c0c745039db059b1a8340f94b02081ca30bac793ed3eeafc023fe88
    tx_idx=43    0xe359b458f53002e9c28278043ca752a361a8d14bc82b5325fce96141effed664
    tx_idx=44    0x495298aa18aaa50bede880ae555cfb309a11ea141368f1e1a2af8c6e227c9c96
    tx_idx=45    0x7ac64b54feb449faae65d1b837d65c6622c25213c79612755dc5012e7cd533bf
    tx_idx=46    0xae18df3f85309b779a5797d4628425fd21bb994bfdb68368f6c7a4896bff8535
    tx_idx=47    0xe6712d91c9e459b5cc3818781c3fc58c8a091441d45f340df828e0d9072d9d85
    tx_idx=48    0x60f29ec9f26f2d29d83bc4a2d73bb87bbd4aa988871ef87d175c7460de84b2a8
    tx_idx=49    0x8a20290a8f36cbc94065d9eeeeb1d767e40e75d5093f8c67f44108ceaa654309
    tx_idx=50    0xae17b723f7d21bae39d83ef316a81d807adc9cbe0268bcc2b8b1a46c48fded82
    tx_idx=51    0xdff98812e28678c7a62756af2286811fcd6ef2f15939f641d162f4d3303fc101
    tx_idx=52    0x7abd79a9df7ee4c22a2e6b5c13b04d509a9b3d273968ca093cf3dd65b2a86d1a
    tx_idx=53    0xb9372021edd8712875fc0ec434e4c2590d75935b9046b9db7900b90447be1e73
    tx_idx=54    0x19b227af09d7f731c358387cd2b490cf545848afb38e73feeb45387dd6e4f031
    tx_idx=55    0x091e7244bbdcca0b309f67a60ab30805e956520ec09a1230f1424288859e3d50
    tx_idx=56    0x58cd98c3c753be3dc2069cd13a6b97e345dbf9882fb8e60ad022292ecf1eb904
    tx_idx=57    0xbfcaa6eeecbb0a9a9e146b071a841e8b755f228446057f01761d8ccd321f2fa4
    tx_idx=58    0xbf9f226a29acea1860109fd1f073147f1453d71bd9b4e6762f4d32e144293f5f
    tx_idx=59    0xe7d7caca1dca509a831a0ab54ecf5890aecd86d6923f30c0ecf69c31030dbadb
    tx_idx=60    0xccc0e55689369b828868317aeda3fb9516018a996591cf5a62649bd73d61982d
    tx_idx=61    0xf389fc7673edb5051be2c880927548dba79e84a0b18442ce89182179f1791852
    tx_idx=62    0x1b0a7cda8bd7e2275e94f4aa3e63f11be4af70a56f970bc5bfa85d743802f8ff
    tx_idx=63    0xf32066da361c31fce3e96981d878bc805a900227a1b4df484242273a5da47241
    tx_idx=64    0x56f894538128fd50ef7befeb88abb7b229405a3e7d4a5d0af31c3ae4322eac6c
    tx_idx=65    0x6ae7a6ac8fb1cff6ab500b79d5af5b58abe56804825dffdd666a6875e7c8c92b
    tx_idx=66    0x0357eee8ef0ec0543f64ab9a49d7599434f6d56d56a63c3cda9deb67bd3e252f
    tx_idx=67    0xf4a5fb59d809709ab82dd6899eaf98bbf944dd14db0e85995754ababc0c429b9
    tx_idx=68    0x66ece5c51116bc3619a11681c29d5b98264193c262d3d3f1ffe052fb8c82bb85
    tx_idx=69    0x3796424023f82305225ec381aecc25851e02d10962a589542e40ec934650aec1
    tx_idx=70    0xcfb7e788091e407687d5f7f9d18929e6d77f8ea15b51f531a971c754e55de841
    tx_idx=71    0xb4d80d24bd1d806aad0990d47827b533edbe15241be64ab497cf604184479187
    tx_idx=72    0x7613737653bb4e48f62e40c0e42697689eb84516f3dd3abcd3b15d232e8513e4
    tx_idx=73    0xe1e3274b9be4a3eba5b60557464e02dac7eae40a3033848f4fe77eca24ebfbde
    tx_idx=74    0x4899d8d20d9c7bc30dde158ab35d6f3374361a139afd992d6404a4db87aaa09c
    tx_idx=75    0xd875c3ffee086adc1f48f6488d8dde19efff71a6cf3a6c016ac7a52c2af4cb50
    tx_idx=76    0x519b15198eb50ab8e950e98ddff1cc1cfb64c2dbdd7310ce4c822ed57923ba62
    tx_idx=77    0xbf4381831aee77bae008ab6a971025d8db7de3a6b55d84efe6ab15a1e3c06d76
    tx_idx=78    0xb4e6dedb55bf46a496bbfb092e0968aa0060c80b506971c33ca736bc858445f3
    tx_idx=79    0x2052af09c39555a1d3cd540b8b24fc51521a8c38e8315ca18f5026606f6d7fb2
    tx_idx=80    0x461318ce8e9ad154ceede50f012bed6d8e3d1c4e515a95fa61ef844c4fc7986a
    tx_idx=81    0x9bb7594167016c7d2d34f5917d7f7d4479d699ce58783f790b6dd89b21c4c995
    tx_idx=82    0x41e2a1740717e24a6465409ca6e179e9763555e4c26dfe15c5bd633838c1b12e
    tx_idx=83    0x40bfa17d6556fb725fa47ca9ad742703313dd560dc1a7f65ecce125da23786a4
    tx_idx=84    0x2d3715c995f9c2f89fefb5dc1446d2920e1f7f2013ef68c5604b7d2b9b0ab8e3
    tx_idx=85    0x8dadc0205e230b496428d617f2ac1318ada76f5ae36e0fa421f52203fa0f4f66
    tx_idx=86    0x3d9bb96b7c27fb0978009aa655d4eb179bc83bfbba4cc988ab237c0231d30482
    tx_idx=88    0xdefb651df8d76e2be9c87774ffb31fb9b5a0137e5697a4ce7f922e5380e01a9a
    tx_idx=89    0x9341e3ec3d6aff8baa99e419574bc397ab691a12489f41893f1c190a920e10b7
    tx_idx=90    0x61f704c5d19ee78cdce6014e11c59611e02c036afba1262e477f9bcd46b746c8
    tx_idx=91    0x05f7b46e2029588e227153db171cd94c1203368ca85424697161bc07e0c7d7a6
    tx_idx=92    0x1b07d77bef03c25f0714cd51222d6d4b877eaa4dd98b831b1daacad8e4a6140e
    tx_idx=93    0xf5a20b0f9dac3f9d93c47b2f207f85235fedb669e9dcab99d1a714db28b045ac
    tx_idx=94    0x36fdfbf4ee93d6873c332d756dc0ecd0ee7c31f893e64a74569cbca85b7c8b6e
    tx_idx=95    0x608909a785309b1cef5be27eae3c20401e34ecbb8c412d87fea7d4ee1354632d
    tx_idx=96    0xfdd339228cb48e57018648f5c465fa352ecd5cc8ae15681796255cf6cbb9b04e
    tx_idx=97    0xfdeda2621f396df42d416f709583aff4affe55d5e19158dd613f05d932ab389a
    tx_idx=98    0x768d46947344ef1ed42e171f0c7398a8ce0f5dc4866441b8dfcd7d5426a7e1a9
    tx_idx=99    0x4eb799c1e7d5d6284a5e984f4160f4d3454589641eded96e1ff7a84c1a68a809
    tx_idx=100   0x0c02fc0107c89a92a28a6984bc5b36455d5bde7e53affffa8ec278c9b5d556a1
    tx_idx=101   0x4e0bd0c67af2b08f3bbba283e63623386e5af3f6956659ac5a25ad3bad87b093
    tx_idx=102   0x9d6c2c5e8cfa3287aae2071b2e0988103c7fafe5c0868f4f8938475133909c1a
    tx_idx=103   0x25a44ef26de99cdd04e2cbbf5a7486549d82a53259528a52b2ace15142ee91fe
    tx_idx=104   0xc3511ced9e05d7808e2dca1d2112cf70060a68ffc20eff37ccad84656ac3bfbf
    tx_idx=105   0x4e36a36cfef54d4e6a2f740f2ab6f8c902c3045e527416b622aa2c7b7257e85a
    tx_idx=106   0x560a8034b71970ca605c41a7a5b4a92e9b1f8a1d409bceeca3d894eadd79bf12
    tx_idx=107   0xca5c27b1a74dbd18c0e0170ba10bb998645fd18250255b760657b3aea8d9e8a0
    tx_idx=108   0xf9194d7ab6f0c84bf8a5311a24dd9d22c4e30122c2a3ea8d04e196b5b1245b23
    tx_idx=109   0xcc8108f4264b50effccfc9b10c178c6ea725a74d079e1e5e1eaf548ff8cee9ed
    tx_idx=110   0x1f50fc20157896ad63b41886dff25903bc142926a149748247935b643314f716
    tx_idx=111   0xbc2d38a320c90885609653ec5eedc49f392600345924f7a22cbbb8b2899cecef
    tx_idx=112   0x531ea770022b6336aba3f0e201e5d03a6928bd64387ff66bc72e0de27e4a7362
    tx_idx=113   0x6bd969cae07a507b25c93f2446a0911d5c32a4cb9d36802c21d5df792a049aed
    tx_idx=114   0x16b295cd2fadd971cc055ebba4ba9d51488f48841e4b381980d00748e9b311aa
    tx_idx=115   0x033f1021b01b042940e4b6a42f87fe6b102b6bc1c3e932a2f7c70b7becd5e6da
    tx_idx=116   0xa6e5840c570b6ab73ededdbf8644b73bbda07d4f365448d38c9ebef95685363e
    tx_idx=117   0x721d1e0a15518fc72a3f1a458af71b9f303a2ad19ed25ba751e4f7db8d5ce8d0
    tx_idx=118   0x1e2f4cc7b3fe67763d702341b8657bc09d39c9a681a83c313d72a63e9f38ef70
    tx_idx=119   0x816e73c6e267b9d7810a863e744cacda4234ef294a3fc858e58cfefd36c40651
    tx_idx=120   0xca6299dd13aec1e7e64df4ee76fef01c496afee98026ec3c6263087052cd7987
    tx_idx=121   0x635412c4e8d8fb6822b7407fb7d040526c94d7cd5afcf578accd2e49007086f3
    tx_idx=122   0x8c148d2d9e4280470ec0cc169ac69c7097ccb823771d5cce1b31ab964669ea31
    tx_idx=123   0xa4b10177df6b845fccae8c9fcbd7158fd20ab1a617be9881f89b24cb5e2e85fb
    tx_idx=124   0x7e86afe0ab1e8d8d5ad702ce24e00421585d2402c137a407cca77d62d596c798
    tx_idx=125   0x5929433bf2465928988596d20bdb5a30f3ee46b639a83c3c77bb984838e770a8
    tx_idx=126   0xdcce989496b27730bd9f9c38aca7d57dac1ff2cd6c8b247c4e0ad2bc8a1514f1
    tx_idx=127   0xe6a89cd48439ed7a079ac6be96fac5e4b62197f7d2a81536ffd47974d7a83780
    tx_idx=128   0x2767ca89f63f7d8319fd5cdcab3bebf21281d3f3b802a36a99f1a35cbb174c93
    tx_idx=129   0x967a281eefc428dccee41e3028a7f9661a20e581415351816c55f64f5e4bf870
    tx_idx=130   0x51d7bc98b01db2c1fed551ce26d631e225b4618408bdbb529041708de5beab1b
    tx_idx=131   0xa8b8542054cb4bfa49639a1b49890c5237a903bef0a235bc0b3a28365d4ed197
    tx_idx=132   0xcf37685af6846287b9a59c56c0590617a74bd46a20ae0e8e8bb22c945a1c3b74
    tx_idx=133   0x48bc08d12327d2c16bd115bdeb721bbdbecc382f247e1be8acf7ee5459ad1c66
    tx_idx=134   0x4aa1decdd7c1e8f9d32dda447ff752144eae665a91ff96a5df1d2e9d5f809f33
    tx_idx=135   0x6ba71ac86503fe982cc2bb4092a2cbc7c4cdd287fe6ea8ce6f84bc8fe945b320
    tx_idx=136   0x5ea9ea43d05df9cf9df4402eceea40498acd0f7ab09681e8584e3d102c5294ef
    tx_idx=137   0xa9aa2ec40bc8f29477d059c0ace21e81ba6236c6a66b5c55d2a25bf13bafd992
    tx_idx=138   0xad5993688a5331a78fe9243ec2e088008d56b1d06bcac387366088fb24defb22
    tx_idx=139   0xc0d3482fec98ba951d2cbafdd3b62a11ce483136edadf337152ec8695e8d4a3b
    tx_idx=140   0xa10ff3ecba31fddfbba08516d447c76e22805246e09e53df02103db808e6bc07
    tx_idx=141   0xb99dda6f45cb9864f0c3abca105e1f89226d7e9f6105a2f9d258e8dc112d0588
    tx_idx=142   0x4b746092510157e8287d2efbe11dd677d9ed9f54746cb3725a69ed96e6b709e2
    tx_idx=143   0xb37439bb8f4a070d3725882bba154bf3974188fb36b23f9f2d98a186ce718903
    tx_idx=144   0x73706460e621284944a9e52194a6da7eece2db012544b5e40274c744cda8501e
    tx_idx=145   0xcbaae5b57880cef9788cdd3d2fca9fd54115be719a0aaa2d8822a1b3f289952b
    tx_idx=146   0x8140ab31089784f4798305b6f436b3107970d7be589c04cb4fa30e86e7c00fa5
    tx_idx=147   0xd9ca170b72d60d7ba6b7c3d6e1fe09ec433ca93b3255f172f0b3a3cda83cf787
    tx_idx=148   0x3facfb17e54fd5135609e747a8962ef044911a731c765427b5515c9148dd8daf
    tx_idx=149   0x131544884d9d140a818c5d9096fad8a38f9b58dfa9cf70524e47648d369a5154
    tx_idx=150   0x12665dddf6524d3e535b85d7c2f1c2c072cf2ac4c22d057d38651394abe86ad1
    tx_idx=151   0x2431eb11cc3839105146a4e64fa4eb4483a806208df27c47451b94a47e18bee2
    tx_idx=152   0xf6f9054366f3dc0cb9873d9a218237fae32666c3f170019a712eb3976da54fba
    tx_idx=153   0x71dc83e21e1791892d2b40bdc7ed573d83754216785f3a0398aab559ddcd05ba
    tx_idx=154   0xb923ebd4479772738c517e2107f04b7dd8b1edd7221b38d4f829e36e3cb590ce
    tx_idx=155   0x19b3b8a57c165b494b6fb49bbad265e0d9a31d369cfffe348ec7b2cf970f52b8
    tx_idx=156   0x8609da8dd80bd1b69d171faaf2d1dbf97d50a6af4f901c1032005f827a2a4017
    tx_idx=157   0xdbb60afa7e07bd6bfc812b94a3f807ee414676fffc824f61a23740eabe2a9dda
    tx_idx=158   0x0b00a40dae9748962344f3f3ee46acbce91913733cbcfb19996ef1731e71afd4
    tx_idx=159   0xf4c65f4156089b0318ceeb4257e6c28ee8b77e6db8fb4e35c5eaed38458c560b
    tx_idx=160   0xc43066c9740d6311a151bb00c22298f351b19aac403a970be126043377695f87
    tx_idx=161   0xee91d9dfb5ffebaec8f61c42aa49e64aebe629151b4c2fe57ae5fd6ead59af77
    tx_idx=162   0xd43e8f3e2a0338cf35fb8678784b47648674397b83075e70eb59ddeec2da437f
    tx_idx=163   0xf8d84b90c5025f4e75fd0c3ec3e2165e0a745ae0270f2383e8cb5401dcf97506
    tx_idx=164   0x7d4352ce1246fa7fee079b1c19d65639e9bcbaeee2fd5ebfafb09f096869ec39
BLOCK 25455578  status=OK  canonical=219  stored=219  bc_tx_count=219  canonical_hash=0x31bee29d3ff459ea71de5c7171c8bc2198c48cf0d0f4c8ed1a0d471ba7b9fb0d
BLOCK 25455960  status=OK  canonical=278  stored=278  bc_tx_count=278  canonical_hash=0xb6c6be3fe33b609eb10ecf941b99c8f6fb0cb656ee605cdee9a6190abe74e32f
BLOCK 25457675  status=ORPHANED_SUPERSET  canonical=187  stored=210  bc_tx_count=187  orphan_only=23  lost=0
  canonical_hash=0x3d9c37292f268240d898e23c0695614af676ac5a84b848ba7877300f32cea33d
  ORPHAN_ONLY_HASHES (23):
    tx_idx=189   0x91e4e128d254b824be26536f360245a3208db9d4fca6d494007f61dc608bb45f
    tx_idx=193   0xbe1bf0f1bd7e55589647855ff838464ebbef4a8b9a6c84a5540d413b557b0a2e
    tx_idx=194   0xb5a2be3193ac6f1c9f9decf5d19f1e09343459f462db01ce59748418218c382b
    tx_idx=195   0x33f8821ff303724c9382d117dde487ac511d4d756499678414b6d1ba9fa71e24
    tx_idx=196   0xf6b2f96b939914537687e0c6bb2d42cf79ce2a237b4b33ce44dafb33f2874cb0
    tx_idx=199   0xa13cfc9316fb4d1ff676044f9bfc1e2973e03dca81da226d0ee89938a1be841e
    tx_idx=202   0x7f4979cdeac9c4d8e3980c62be9abdfbbe0de5931fa9b99c85e35c75ed42ed09
    tx_idx=203   0x81a072068a89c06ef04f190ed7e6e81f5b2846bebfa7aee385a309d146b8d05c
    tx_idx=204   0x846903dd8688057ae6e2fd233e318e2245fdfaa8350f927309720e508a3ad6a9
    tx_idx=205   0xbb8f08700e7e5561903f2cf16f1abb8162b9ae3b02ff1aa82ff503e0956504cf
    tx_idx=206   0xa363e0c08a43276d95b0f58b300985f125aea5ad36471417e44de5eea1619507
    tx_idx=207   0x0bdc740595a00fedc9cc61d7d23e351046c824eef9c6b9f6d1a079065fc8791e
    tx_idx=208   0x78ad1ddb4e942d3fe447631e176e2f6bebfe35a44e14b097fb9875f8a3210ca4
    tx_idx=214   0x48cff3e68d5439bcd4f898745925e661823c2207f3cc21e1368681fce4749954
    tx_idx=215   0xd24bf9c0e2113e4372c3e80f46865c18951844ae2c0a7c56229df6f7a39f38b3
    tx_idx=216   0xdbd104391cfc6621c30d92fa5f68cc2c726604f61227ad838709d8694a018ffc
    tx_idx=219   0xbf55a66ea8bc7d110025e00945ff8d8893ecf01ee9328f240d62a74223cda5b0
    tx_idx=220   0x8b9c66205eeb92799a18f232da162cf8963118680d7128307accb2655a320d57
    tx_idx=221   0x7311b636a3474cee285f182f5c92fc6999b1d3ad82e7381026b57a371872f8de
    tx_idx=222   0x2391d1a2e5dea17b42cf3e0991a5990c2a643f2a997601f7c66bb1b2d8fb9418
    tx_idx=225   0x64218ee0f6dc8a780a194762a148dc68ee8b7a20b52b2a383387176c45117f23
    tx_idx=226   0xe43420f70e5e73710e62c395ab8bc8c58d04ebc78eb6df07bef058b72b4c4678
    tx_idx=227   0x9949007550275cb89bfc7996dcf2b36c91674699e511e21132f9a822ecf2f0c7
BLOCK 25458513  status=OK  canonical=254  stored=254  bc_tx_count=254  canonical_hash=0xf27000f45de59aa8b47a2f2c5efa6ff93f3efce3b7e588cfc289ef5d5bbb29c9
BLOCK 25458756  status=OK  canonical=609  stored=609  bc_tx_count=609  canonical_hash=0x0de075f11c347958151b0a0549d2d984f47ff8de996f383580be01cf43a5d9fa
BLOCK 25459357  status=ORPHANED_SUPERSET  canonical=179  stored=549  bc_tx_count=179  orphan_only=370  lost=0
  canonical_hash=0xbcf9edfde30adfeb7635b5fdac7496835ed86a996f95a07767dc16ae2f5983b3
  ORPHAN_ONLY_HASHES (370):
    tx_idx=179   0x31969e24cf8c1eb148863d864b32e206264357975312224c6c2ee464362b3f13
    tx_idx=180   0xe95e17e583ed6d8439fddcd4aa42e705bd882d2dec1c040f04a8e43fe4b9efb2
    tx_idx=181   0xbe410b7f86b03409577dd96831c381ae8a903eed2589c930609e7bb7d5e83d0b
    tx_idx=183   0xa0642134942fd5010c5b0b607fd685d1c41e3c3334ebf11eedf38e138c709a5c
    tx_idx=184   0xc3d2e79570e41dc6503a88d13e13e4af191c53ca7963d67f37dfe784f163220f
    tx_idx=185   0x23c0e78c6d7c99c0e347bdfe0aca31b55403d2fd457f9f05003d44eda3e06de0
    tx_idx=186   0x3f4967c1f11e059baf9b7460a7f954bc6d12282a643ce9603b18db8f6be1c7bb
    tx_idx=187   0xf6a170f461c37913adc35d0f0bc8272a54c463ed39fc23f93fdd3879e43c72b8
    tx_idx=188   0x64d1ed2a412a1239f80c6ef035b1f4504d90e2d20ce7d49fcfbecd88889a5da3
    tx_idx=189   0x249ed94ec56fede9078f1d20f98b625430fef4cb4d4f38b2617ffe382ce20ee3
    tx_idx=190   0x7d85864d925f984c5eb2ef111107d75ebe99038ee4147cc28aec142e72172fef
    tx_idx=191   0x614c61339923c3b25da0a0e63dc9bb77c370ad8b082f09e1dccf8632ffc99d07
    tx_idx=192   0xdaaf8038a3f97bdbd2a449d83d8e03d526bd7162a63f8c15cc0a54a1e5952149
    tx_idx=193   0xc2b41910a491ef3ebbc23622ab784133bc1a745fe3a62efcb89fa62d3598d4f0
    tx_idx=194   0x40334dbc8e00d59ef2c50e95f0b6738262211aa0d83ab3a1d7bca020f7a4eecd
    tx_idx=195   0xedd191b83d29d194130e51d2c2aa76cbebd8d300b8c4f8fbb504dd7b91526e26
    tx_idx=196   0x466096254e3139831c19fbb78a7219e954eae2587d9f09f1167d9a45ae21f443
    tx_idx=197   0x04101e06f9c2f86d643ebab146a3debd1f5bb26cfb607f4f5cae4d0f086afbbd
    tx_idx=198   0x64ca576e1fcf63cd767d3af15cba0d33d574296c108908849e9e27a7731ba2ec
    tx_idx=199   0x0491a7497a5580c2d4b839cf0840219229b9cf5428847df839d39d36f8658480
    tx_idx=200   0x01783740c8f724f44f284a15c73ed9aedf0ef7c560304ade22333149d82d07dc
    tx_idx=201   0xc72dbff921c47f55ecaaaf380056f4217a90a327a816b5210fd33471671e4302
    tx_idx=202   0x01e9efb05174566bb30e4638a9ce2f7501746b41bbf55e9314c1bc1d4eb9ea42
    tx_idx=203   0x8ad668101ce6dd2776ec5234d85b7c23cfdbbe4bb7a7929aa3f0ff9982a08fe7
    tx_idx=204   0xbd1f21dac207e4a21bb36774868dd3814b71be4e28e00e112bce42648234cd0d
    tx_idx=205   0x0ceb57732fe7e0dd9cdf7fa8e3186d7b4273f2f8f1056d85a96eecd8983110c1
    tx_idx=206   0x6fc6139437027825f3d14b5057001eaebde29439d31c33cf7d1018b6eaede799
    tx_idx=207   0x522de45176e8c7e28c4349d0232c9900f325239c274bbe9f271602a997cbbc87
    tx_idx=208   0xf5241f816e77a7350a9209ce60d8040d2f952b5379e2f4c17d1a5d550bec9d3a
    tx_idx=209   0x6b6ce3185405c6323f084fd5f91c94fcf121759e1f6d70dec8c862f212788f63
    tx_idx=210   0x2ee60215e18844af17ed445e9663722e5dee73b73889c188ba523f433a093c2b
    tx_idx=211   0x16f5929aa6c1ddd59a63755e110d7ff17c1b92d5b7a506d8d9a8d098961b9746
    tx_idx=212   0xb6834d544ba25f503cf5a2c9b4778d2acc2d90412ea889f74e12baf61cdbf162
    tx_idx=213   0xbe2418cb27ff0de8d551442332aaf243373946b9c7a1cd2c643f3d55c7848d19
    tx_idx=214   0xc18f2aa7fc85006db36cb9086fe86e29e8558b96c99cdacd6d5d523d4c743ae4
    tx_idx=215   0x5ac8d60a0e7fd6a9c684ff83e2e8b3fd505736007bbf0efed421d9d5469219a7
    tx_idx=216   0x824362596c855ae62c62c5be22860492c7bd019c37a7409f0e38f2004355a21d
    tx_idx=217   0x26c7db9b363840d5c10f374a3cb5007dc91e53fd7c325cac971a1450a19d3e86
    tx_idx=218   0x5b3fd5d08b1caa45bfa3ecb00a748c886eccfc526eb60d6ae76f76782a108137
    tx_idx=219   0x0ff60f9a8407dbf8333981ecd4e5b3dc62bfd4452f5521696a880c2fbcbcfb6e
    tx_idx=220   0xa65ce9f346faf1fcb2f49963878c4d666b57785e3ac344d4257d7c5a481a848d
    tx_idx=221   0xd53a340b367032f090cd0f18d2be39b33dab0792035692e2e739783f2742d300
    tx_idx=222   0xde4c3bfd81f04bd1049c0292fd93127a274fe7b0d47f5ced72dc402fb52d7119
    tx_idx=223   0x86f000ad32a6a74427dbec96d0bad83766a7ea05ae4e2d00e3e3f6f2414d4a24
    tx_idx=224   0x399a1e8a5791acb143fec0efbbaf22e754fa1280282f56d6e89968ef2bf77a9c
    tx_idx=225   0xcbbb1c6a10602f2aab9a9e3cfcb94236907e59c18519a164b6f757e4d6a09d1f
    tx_idx=226   0xe9f4ea67d063ab328d7341586c734448c0397f25a8859baee0ca1af91aaf01a6
    tx_idx=227   0x25b1118c8b89b0ca667336e0351d17aac965beefc44502366b0b50a2b60fdaed
    tx_idx=228   0x703fc37cabfffe41854a4a49361392907d65626c1644bd1ac053e2004d919574
    tx_idx=229   0xa0596b8af9d375fa3f9d90faec304e688d9882fd6fdbc530172d1ce97a08ec1d
    tx_idx=230   0x315ea5692747562c5a434d4e9391f1d89b26099053b4ff984b90570e218416cd
    tx_idx=231   0x5a15e62951d5c7701f85cf2a9567a3bf81908948885e9f0c3ef2d0d37ced3c2f
    tx_idx=232   0xc138f4059d36ecc23d85920a8e7344cff81daa5605a53f942e20028cf85d6946
    tx_idx=233   0x78cb325eb25836712c9ab1d139839d9407da95f66ef402e66016f8f967e1623b
    tx_idx=234   0x0fcc648bcce0eade0352d8b0eab6e7c88140034738f6c87088ddb41fc57302ef
    tx_idx=235   0xf2c9daff4a215cd4f96b42fa1444181e43aeda60263b3d060fe38ab4deb2653b
    tx_idx=236   0xd2d3b3b8760d007e7ad4b1079e060414c2ff771eab17b546931ee050596a072b
    tx_idx=237   0x26ada9c32d648582edd3f364727f4230828110ac3c8e10ddb273de73cd24a095
    tx_idx=238   0xb84eb11459ccdcb5606527896b4b80428a2714ec6d9ec0ea6004ae9b8bfb91dd
    tx_idx=239   0x03a7879d440cab24c6f761386f5baef2fd7ac299c205b4c3aeb27bb58018f8dd
    tx_idx=240   0x92b77d87cff6d0aa30ed9a964b73875ec781808fc1ab2e0b557d315e8dd71f5d
    tx_idx=241   0xb6184987ff7a07bfa891b5f054476582d9b8244a1d64cf1d5e8c5ead65621235
    tx_idx=242   0x21ae527a67f8451a4e251ef852c28194e317a430f36b653c226374a531204ce4
    tx_idx=243   0x4e8f520fba868e0c39702a6b07c24f8075babb6dd735b6a176a47a21733ce55b
    tx_idx=244   0xccf156fa9da315ea249f271d9fead20328577082bb7e561f8e7e52397395d39e
    tx_idx=245   0xea550ff48e176f7af691038283beb97ba538097dad30ced8a085ddef873dca07
    tx_idx=246   0x1dfaee7c792016a304fbf59b385837b7b1b039dea552b57e02b1a936d60eb324
    tx_idx=247   0x73242481a890426fe0045ad44daac9fc5e48ff841c0fc41eba8f3221ea5c03d3
    tx_idx=248   0x81b67b30497bbbde5b8117cea60a0bb07e67b7be441d5e5cf9c62a51477fcaaa
    tx_idx=249   0x3d61f23b3239ff351b97011e2234af588ef179d0d05673862fb11941f9db0305
    tx_idx=250   0x799223c1a711ac440e054af89d769f37f422238e3742ebe62b50cbdf4fd8051f
    tx_idx=251   0x0eccd1651e6669fd82c4c8599a17c935aab3c2f726dc71e3478453c071babd0c
    tx_idx=252   0x806aea3d0026afa67586c4218d8ddab966d4d448072286d5b157391d89f8171a
    tx_idx=253   0x3364b69233cb6b670f2744955aaff4c2583ad2c9bec95244bcbb9f962675b814
    tx_idx=254   0xa6ef4c92ba5725cd8159c1ed179e53b430497765fe2dbd7cb908b0971d997650
    tx_idx=255   0xa479bc175cb1aae3040c05b3953409161beefaa58f0d1dab35eb5cf040cecf45
    tx_idx=256   0xd9310b6e71b404709426c3d70ca283c43af08b2622e037f076279e5f899b0abb
    tx_idx=257   0xff8f17887b768b15a09d2a1e406e2a137b1240a2b91ae25d7a4ea22b9264beb2
    tx_idx=258   0x847281d372cef933e21f3dd6fdd9759c61b85b6b35930274429528b8715a6a2f
    tx_idx=259   0xeba688411565d7c42a28baf09e844a71cb2ef7dbdda233c28f20ccdee41029b1
    tx_idx=260   0xdbe85560d43ce761667ddffaac75ffa61fdfadb0d7a2a4b9f47687d0973bd8cd
    tx_idx=261   0x82204f23fc4e930abb143b3a017f9cfe7f04ea40ad939ff873dbca2c2e2d9697
    tx_idx=262   0x8f8f1f77122a5d8d884623780bf8b10c40ba7328a5631f61be5376f04e0188da
    tx_idx=263   0x6cbcfa68b353ece6fbb73d36eae3e4e4df9ca0e268ac9c277701e873654cfe9c
    tx_idx=264   0x4ab8122bc562f230de38076fad2145a73baa1bfd1dfd246bd271a3adbc941100
    tx_idx=265   0xb13e6f35229bd314d93dbc6d81e077c4bb619a13c3b01dcaddff74e680898789
    tx_idx=266   0x6cf9a206775d4866201849d2e39825eb415de5dde0306d2bf1a15c0f55dd98ca
    tx_idx=267   0xf477ec7d4277399ac9e20c1f49594d08b26339a0623126a632d2394eb2dd7c14
    tx_idx=268   0x55688f041cf884654700088682e07fbdc81fce648ae63acfbdc4c81e68cd5cf5
    tx_idx=269   0x2cf5fb23844618f10c5af5b5ff63f6e0ae1cd7e5598e2128293823db48c4274e
    tx_idx=270   0x19fb2e333f91f66187ba1a45a8bad49a33a8e077a0031d84c299ef306eaf7087
    tx_idx=271   0x8574db0c0ee4cd689de022d44b450f63f6d35d65195d1fbaff44b0a9d8f7ee8f
    tx_idx=272   0xa5f11da23455f9678a307427df115721acf9218c50be2517b7f63357f91e7020
    tx_idx=273   0xc26dc992dbeaa33b3a403785f3d0a14e8f866619fe69cfcf8b28737253d9ce42
    tx_idx=274   0x47214f29ff13194a21f497ea5baffca8b68e30e9d08d33a5bf7504014c2bf05e
    tx_idx=275   0xd7f194060827e8b98117a299def7f29155c0361573836a2df3dc2af5c368d459
    tx_idx=276   0xa027e2b3054ce2927698977bf85b61f62ff423b8d1a7fcdd9eec3a2d148c2e57
    tx_idx=277   0x8965070dd823e090b59a4a2f0aec9d474085ee16083b0d900e76713d1e4cf9ed
    tx_idx=278   0xc9643b5428b72e1e4c589c868305422a2b6d444cab6d5c9bb4fbe73c639a290f
    tx_idx=279   0x7e5361ccecbb3dfad4d8b9ca9a45679a734980f5c891c32662a2455aa8394891
    tx_idx=280   0x780d1617eff3be2664ba02678b2a49de2c159f082d3d85dfe1bfcc716e27c394
    tx_idx=281   0xbaf2e0fc7ff7c2f9c81d848977d5cbf41e7b8c95035614ac91ea0b095a0fb75e
    tx_idx=282   0xb9a7e7c0d058e00d496ac5ef27fe9657e2652827daeec9dfd088d79107e435c2
    tx_idx=283   0x4ee740467a1c9cc7031d80ce64c807259dc11d43777d74ffa59da7f705fdc199
    tx_idx=284   0x3ebac453e0a89cbc73af9fabb7929e6cfd5711b097174b7d4bc1391d78cf239d
    tx_idx=285   0x699446f5fd46180b2005bbfbefb93300271293fd49f60dd844b06141e0542e2a
    tx_idx=286   0x641548baa7d4b7325aea31802c642cd57048c062d0b75d42ad0e701d21ff275e
    tx_idx=287   0x089577d4aee5ca9e130fa2cae2de9d424cd4fff4a51466640f2a5f82124f3c64
    tx_idx=288   0xb40f3efe26fc4bd4e4677d9f5315172ee62c77ea25b3f456317aefa3108dcde6
    tx_idx=289   0xd2e819bed9fdc58c2e7c10aec8863fbd67696f15671705565d074827146c290f
    tx_idx=290   0xdb7e5fa64deaddd2bfd22f87e49c03e70b87505beca80739647658486c62e3ad
    tx_idx=291   0x1d0c202d40e6d38dd81c9bb40eba0440ee7f0a4df865bec3f6c4cec84e6fa45e
    tx_idx=292   0xe600b2e480a7416bacf148ba79b0dc5263b706b5d2abc245c83dae243501ab69
    tx_idx=293   0xb541823f560f394c4804ddc96842b15d1978797aff534a93ae344cfe8ae09e11
    tx_idx=294   0x47a4b14bd4455d6cf0551bd9cb2aba63f8a50b954a0e5ea6eb88aabe20a05afa
    tx_idx=295   0x1579a2526a00ca23cb8e7c7b21ad4a2833f082a8fbb1888c0224e352374e4694
    tx_idx=296   0x2dfb82a7edcdd02f689295dbafdc187bd42afc905509c7f9b909faaeb3a4fa45
    tx_idx=297   0x95a7955829be132b4a6153234639cf267aea5ffeeacbb7ed8d7da7b4bcfaa775
    tx_idx=298   0x8f93277e5696c91e057c6d3e9b7ad7b2107fbcbfec226b1e64981eb8abd5fcbd
    tx_idx=299   0x762715cb4439fe90b4917cb1432927765425d2d4d58f4b8523cc2789e225f1aa
    tx_idx=300   0xb43fc18cffab07319b4f99cce18f12fd993f0bc1e2bee1996709371168b69ea8
    tx_idx=301   0xbea2269d18327489181b8bf91b8e0bb1baa393e67b29e2c16659a068030718ea
    tx_idx=302   0x5f187eaa4bdf85d172c53b2d37e847400bde2c538669f1b73a5dc2712f2f13a6
    tx_idx=303   0x922c02e36acdc1b44a1b822b5f859b82ec3f780c30fbe839cd9aaf3c080b8c2a
    tx_idx=304   0x9556f8df8399068380a0108eb186a4a9af3baca3f6eb216c49756ac7746ab48d
    tx_idx=305   0xac9b7dcc50b2bf68d61bd80bdea96dca0f631be5a85511c62d14f044b09ae672
    tx_idx=306   0xf7abdb131c0618f0abc90a4e3d944781945815b0cc1cc3ec7ab2d48404834429
    tx_idx=307   0xe86fac5e225d98b7ee5871cbe30022bc98ecd2ee422d2a935780692182899d84
    tx_idx=308   0xf581f926771957e178339af90a821b10f79038b2f32312de378996e4ace95f13
    tx_idx=309   0xb9879d4b2a203aa4d273209eaad4ccd030f671c2e2c908029971d66aaa15a66a
    tx_idx=310   0x94064fa68d38af89c09f3dc214b54aea95cfd7070e6936d9fc566f07cfb0e9aa
    tx_idx=311   0xee861a7720e505781f88992c684725081461e6e534e489cc66955f5a14fb289b
    tx_idx=312   0xf64fba417c40d088777283953971b9cfef379cd25549d9c98f19ce938f5fc557
    tx_idx=313   0x9a2c7915ac8c58e5d1efeb4b58396c406b4195ed34f46bf5259cfad2caaee9f2
    tx_idx=314   0xf454b58dbb078a85f5a26bf38b45f6bca45c2f1b7ec2dadc41e6d78da89a22bc
    tx_idx=315   0x500d031ca1eb3f5adb9288eef29f5141fe0f394e81049032de1e969a789be5af
    tx_idx=316   0xeb323e36a4911848b06e41060abc6e20f723596bb40ead4e7ba72683a85447de
    tx_idx=317   0x7f0c3f23a9680ac46c310f05272e9ed8b7a3fb4c9675e889d7d31ee405755efb
    tx_idx=318   0xb2af56f825eb9f900fdede32d5a04fccba4495f29c07a6b1383917761dd7b2cc
    tx_idx=319   0xcc62635f2005b6129a61a82c31dbd0bd9b913471c7e2a1a9319e2a5dfe12b3eb
    tx_idx=320   0xd29b03b679c1a507439792cbe05859084b7583324de4b56459941f3debc44ab6
    tx_idx=321   0x61e5f97632a3baf967e399223cb05f0f02415dcbfaec22c3ae756cf19d3b3ac2
    tx_idx=322   0xeddaeda0e789e222f8d04dae77a4c0088423683a7265931b1c873513f1d415c1
    tx_idx=323   0x3abbf23d406b067b1f61fdd2b2647b50085d2826159b2f5b91a23971822cb1dd
    tx_idx=324   0x0f2717ba3e61a35cd20dc428cc14bf64898444a83cbadd9ad5ec5cddbf53745f
    tx_idx=325   0x67190db98a48c3746b53bf204de77887d27c785796db09d9561091497d5c7fa4
    tx_idx=326   0xc4da9d8070a660e20323b12fecf8307d135d2ec4eab0e8d5db005d3e79f2a4b4
    tx_idx=327   0x25a2c750a8738cd68eb25b6f0ca90b1b04a2257f0515c56198b5b3f399862bb7
    tx_idx=328   0x67dbe865cfb9cc394fabbbc06ccb4588c6c22bab5d0f55f5ce30a684a4a3d35e
    tx_idx=329   0x43cef883c6568743c2cef3edc3b32e853a395266c95594af86be86f649816bf1
    tx_idx=330   0x4e30cd6794429c9e074573ac6b6512c82648ca1eaab0b4344c76884c3b77172a
    tx_idx=331   0x7ab058b1c1f5ac85edfea6e7b11d9755311bae9854b2f4d5f3197f8528c3fbf9
    tx_idx=332   0x70f3d49ebe9aac0af6d6505a3b0aa053149dfead52c3074a134c84606613f776
    tx_idx=333   0x5b19811a496726099decfde625013d009db9656288b78217201c744889bce3f2
    tx_idx=334   0x63732c2864531a2dac16eaec6193bd04d1871cbc074aec757a6a71175723ffa8
    tx_idx=335   0xedcf3fda55dcf1a7b43b4a4d63647566f0308855ffb1289954ef5e9d70eb5a79
    tx_idx=336   0x8c4d0e41c8ff7c5d8d605bc0435eb8a33ac5ee4235d0a03687f05733c5d174c2
    tx_idx=337   0x30518025401ed5d8c12cbad76092cd9207f8e23b00e4688b28e2bd2544ef281a
    tx_idx=338   0x65649a6ea93b21a14180d0d2c60c280f451766911f1be8b1c09bce4179ac7704
    tx_idx=339   0x53e36e62440ad5903f0ea17aeb9e8e452b4654dddc38a759f4bd75a1a4217813
    tx_idx=340   0x98797a53da04b3ef2aef4456bb2a00a5efb06e40a894202bfe01238c236855fa
    tx_idx=341   0xb6a9d08c7f9337d65787305764179b7df3eca9c11371f148afe7f50d8c0eedbd
    tx_idx=342   0x758478bdbd8ef3ceb44a35d24a941f5f103c03b72f236b8dc9c23be70eef0fe4
    tx_idx=343   0xcb9f3d439a35d4e59134d9c2ddbed5a9508a567551377ee4ac8fe08b8f3617be
    tx_idx=344   0x58363a258b7a6f4e06e078c8000a7642e459f3ecf2d498222009075c82666c31
    tx_idx=345   0x947c3d7bb4d3e4c0de9caff71ff8ba833cba70d4109f46f2ae6c586a96ce25e9
    tx_idx=346   0x8d24168e157e3f7072da394a582c7ba0d4f709b6b66db33f7e690d858269d01b
    tx_idx=347   0x78affe20480194bfd07ae24fe349f17ba6ae4a65f59843207aa52b0f64a9ccbd
    tx_idx=348   0xea7b3ea2c38a9c73d86fe73673a742912df3ed74597d8afe322b48c328e2373a
    tx_idx=349   0x4444346624e6d0b083755105ea3ece02b354310011bdfd43f9736639941bf490
    tx_idx=350   0x1680fe9e5046ca663d451e2310fb13702932ec6a0ee0726a59a8dd1936f48e23
    tx_idx=351   0xdd9a766301ff3fd4389b74dbfe8636c1e75e7ae6c816e7f88bc40216d2dde714
    tx_idx=352   0x805ab23ad1674561794516610257c072594ab0e04e7516a423216dbc102449b1
    tx_idx=353   0x4cfa0df71ae0c18f085a8b05145534059c90f3cfb19720e7e107d50150e671b3
    tx_idx=354   0xa7c83a3a14993221fe73c0d931257b0e43d3ad884156e9a79b7321a38a6ba7a6
    tx_idx=355   0xb9acb921e85dfbbee4f12f263599e42fef7cd42882aa94de5a5977c8b09c48df
    tx_idx=356   0x4de0387012ac2036da03b506309bae518c63bc7b5532f3b2f87bbc5557aeec7c
    tx_idx=357   0x6e446702f178b7b3d39752ed8ac106eae9e7d213b880d6cea117108bd9abd99f
    tx_idx=358   0xbb1fa7439b363f802ebd2b982586c07350a89ad25a4345a2f10cd15e4c947448
    tx_idx=359   0x58013363e5c8f444690269c230e6bb7c855ec89038f448a7d95068e94872aaee
    tx_idx=360   0x565d0750e0c00aba129bb6f75baed12606d7445eb146a06c9b02988f3047bd91
    tx_idx=361   0xd1c5e4d804e073f8e751da5bde095b9740fde074112c88154e5ab498b7b86cc8
    tx_idx=362   0x91b175db5295a3e1817ec1b8fe5b65a04c6cc96d323a4d8f334cd89c8fd09ea0
    tx_idx=363   0xa29c3a81c23fab11f519a5aea6622d94ad35a06f04f4e8c607c1dff557f495f7
    tx_idx=364   0x66ce0d48c4f59cb0e801d3f882ba5f0487e8abef91ef1c6d629ed1d5f71e4519
    tx_idx=365   0x79272e0a6de0124fc3927d28bb1bcd0ff154464b108c4064ccb61f0694619dd4
    tx_idx=366   0x8ad88fd3b281bab0962e77103f1e8399bc0e9dd9369353682bf52e09fad64b94
    tx_idx=367   0xd104b22ba745d015b0793cc0fe9c8ce2820282b41e4e9cae76ce0490ccd0e77a
    tx_idx=368   0x13353bde62c022c33e00882e3c8cd5e9235bb6d8d06aa8b0dd1daf2a3b0359a5
    tx_idx=369   0x769c0f1cb1761ef673c759b61da547ab9ccdca6c57fa81de5525bd36f26316e7
    tx_idx=370   0x2e3b58324c23840dbe4067820f44651ab46ab785cbb43a7f2efeec6be05aeafa
    tx_idx=371   0x77f4ec30d8730e642ea6aef5132a8e5a6a4c5453d082c5b88e26afbc434c677f
    tx_idx=372   0xba46e1e4b1110908130e968c8e811326dcf6bc6821aca3dead830945e792d93d
    tx_idx=373   0x9f66557ddcd721bba5a5eef680f5a81d3d163df46935c1a34374d51580056b67
    tx_idx=374   0x30791015fe33031fe7db1b23e83e15feb3e43f5a81c23dc0a39a50c76f1ed83e
    tx_idx=375   0x012fef406162d6aefdbc77f7751982522055ffcadc11cd996452506ff04ccd50
    tx_idx=376   0xf9b840d1c306498db8bbcfda157fce42995e513d38c771df5827ecc91d462dd6
    tx_idx=377   0x213a3c6831d24e470327b860aa773cd4db41f179d0cb98d96945fb8f917a302b
    tx_idx=378   0x7584be507207a25d6a96910b33bd71d135c3284e49bd988bf618bb68b5e84ab0
    tx_idx=379   0xcd7bddf8148fafd077dbe875b63feefaac3061360ed1b636d220cab0c6ded420
    tx_idx=380   0xddac6eb2bf34ba4224216587c04338ce8b1292f233099ba6c8e39083b6c6d7f2
    tx_idx=381   0xeb128abc1c7e818833bea7686edaaf561f4f6ef8b36eb1e5c68a2f24330b186b
    tx_idx=382   0x35fd7b754e0d63dbce0dc2a9b07cb8b8a7a51770db5936bb14ecdb73e50bb420
    tx_idx=383   0x6d17101129a006c9778f832b2dcba1842066aaa167dbec5ba8b6ee533310e5ed
    tx_idx=384   0xaed272866276914c34b8b95caeed6a8d3a3838c546c8cd2a427a4ce8b6cd6c35
    tx_idx=385   0x156fe1abe56baff25c5553e7432e988cf76af9cb259db409f5c98b5f75e8a182
    tx_idx=386   0xfbf3f24eb621f5df1da93559f9f18d680643d23e98617ca240410bef842df2bc
    tx_idx=387   0x367b7aec468606e5c8cc3558ea5f6acdd6f7712b96dae1d82159bf950e15f8a0
    tx_idx=388   0xeef9bcaac7374228dcc6a87b4e9d189cba1ed345572d56708ff7d25db2a23591
    tx_idx=389   0x0a136cce8eab48cb65c02b238a7f053f8f3b37ff00a51c34aec010014bfec973
    tx_idx=390   0x6e833aed533a0b3a819c2869d5fd44f24f9341687b2c423a6be840bccd680190
    tx_idx=391   0xef0a46af005ae0ecad5b13106dda3c44e3c62183766dce462aadfc6bfe512c15
    tx_idx=392   0xdc4e376e52a8b0733d1aca44d53a4f8c2ba889ed4e790c410d18829d2265cb5c
    tx_idx=393   0x7e2764a093da805d7f869dd06b0c5b4a5b30871ce209ca4cf6642c65e3e86ebb
    tx_idx=394   0xa70f73e18677dbfa013bb7595178d257cc51f93eaced7373c54ca803ec212756
    tx_idx=395   0x6d017e404ebd7d2bb82ffc7d328bb12c3a2e35a88b6adb684c9f8796f14cee51
    tx_idx=396   0x6736e63b0c4614fa013f87732807180e839b8f5bb338a65cd141ac39b39601ff
    tx_idx=397   0x8f9f8c98c30627f1068fecee988661d9237c81016c4d97a0eca262a6fa492380
    tx_idx=398   0xa42a5d55262b20fce31ed80c84ff5ef01b6509be54b8848fee6ee8916e6fa6dc
    tx_idx=399   0x87014f58afa39c5d0264ba36e8c4769c8c0b58b92f781447627898ae6dc452de
    tx_idx=400   0x3db47f134eb63fd19db85d49bbbf3cd2e18952785a17132f2c59e6f508e0a9cc
    tx_idx=401   0x1a8fc55bc61eb7158b6ed90d422cf228a0844501cdc9b4c9547a73e2fee29ccb
    tx_idx=402   0x17bbe5b973db010cbba51364778a46153cbcdad5bf48617a7df1e53f89da2d21
    tx_idx=403   0xb026f8bab53ef42a975eeb891cdaa8b929b773467eacd343148dc7edf02b6386
    tx_idx=404   0x60bcee26a9c731089aea3db4420cf6aeae307a1000ca9aab51259ecaf3aeab5f
    tx_idx=405   0x6397e2b5940ba92c158a4691b42251d9f286ad00ea6874736ee017baa2714ce5
    tx_idx=406   0x925d11d42ad1f04ce13dd9c8acab7a3c7a1549c13f2077550c93ba4ce3e6de34
    tx_idx=407   0xc9a28d30c750c8bfb8dd4ede6a57b82448a420d72ba78269c568454fb3f643c0
    tx_idx=408   0x517979159b22f35d840c871e44a9bd5261ce731798f46afcd6274b5182b56e48
    tx_idx=409   0x24a5993f0138dcbd64865f1bd09828934a6f0743f7690f1860e38cb7e941b609
    tx_idx=410   0xe8865fc59a05e5809bee26b094445ad2db8cc8e01b5d640e28dacd2317982af3
    tx_idx=411   0x788ac1e5ad4b8f9d273b9fa368c5a9f0ebff10ade943e8bee4247c3b0baa75d8
    tx_idx=412   0x4e7790297bf78d66ff81c7e5b3c6ddeae10c2c2e0e75fb73bd81db4f6b502e2f
    tx_idx=413   0x5761b448d5d079372ab38ebb95985301f5d9cb93c0c79976d187c5467e92b17a
    tx_idx=414   0x4129a185e863c099f87c3178d2f3fb7657732d20e23da16d385a9f71c5c7ab47
    tx_idx=415   0x171b74031121fc818e669275cc7921fc5ebfeca69f241a5eef63cba85877c6ee
    tx_idx=416   0xd8411ed11a4d8b8826969b3c6d3f7c75f1ecf96b1da2eeb2f2ef7b1ef46b7539
    tx_idx=417   0x559f1263a9257479579bf9bdfafac6da4c44926568ab091fb0f3dcde00393397
    tx_idx=418   0xd5672d6e626731aa97ee985a65a032971e285892c109cb9a843498eaf7b8902e
    tx_idx=419   0x259449eaa2416e4e80e173c71c758bcfe5c94205367c7b2f70883cff09cde382
    tx_idx=420   0x41c0c002d7aee662895939a953edee6f66134626bdefe76c4549735e20a2cd23
    tx_idx=421   0xb0cb5aa7922a7aaa4f76663eaa04d2bee975ae891c5780683d8e1a0c861fc7c6
    tx_idx=422   0x11fd1c811786540cdd5666b81979a1bd1d67e0320450ca779ecd95f895c7dea6
    tx_idx=423   0x7eea0102e041b83ff4a3d0949423899646a1878bed982742dc374cb6a7888558
    tx_idx=424   0x738975680234bb61ed8d39782b932122224088969f1faf5b4702b5dffd67a871
    tx_idx=425   0xda53cd12a25d6c1a0ab053a9caaeb825b8410912dae7a7088915895ba7440d47
    tx_idx=426   0x78851fac23c90ac2255d031f56b84e3f76725395964c1cef66847e1bc4e13755
    tx_idx=427   0x34225ab32d0a1b020c1116a57a4a57054b50447d625679fd797a5635660cb441
    tx_idx=428   0x998c208c795dffd93b58040692bad4e43132841dd009ea9c5b4192f01b443765
    tx_idx=429   0xc082ac5182d1750906cca3dc13c3c83db43c5bf6a5a790361cfc027c32af262b
    tx_idx=430   0x9ff5ff4539f42264c9fb1a83dd28f96349d7bab661aaa434fcf97e67ba5ad767
    tx_idx=431   0x517860af9cb25575d04c78f13193218ab3b1f866ee53de18af2f5bcdfc1f4c99
    tx_idx=432   0x6b18346de4aa0946fd2dce699d49c02dc1d40b79b23689fa561bd12747e991aa
    tx_idx=433   0xc7044391cd1f1e7c3dac165a0e3e237cae39138031f5c11470371b1107ff4968
    tx_idx=434   0x334aa3dc4ca0052a07011b07461e05814f610d25d375a33cbfde95d40243613b
    tx_idx=435   0xbbb48ba1378f3f98c96d0ed388fe0fdf5ce2bfe7b2eff03bc9e03a65ce3dd1f7
    tx_idx=436   0xed2ef92754b7e85f14500969dffe3fb26641e2fe8e65a79274ad7304017a0c09
    tx_idx=437   0x12ebecfe10c2890fdb193abddc9debae9f33080523ee5ef7163231392d578829
    tx_idx=438   0x506fc754a09e466752a663ffa0d162b9a595c7efd3c46282509c3b70f42301e8
    tx_idx=439   0xb933ac70a6c8e5f8c6c1069ca300524cb9f8ba6f92d96c2f3f23b7a22784926d
    tx_idx=440   0xeaa355ad53d728ff692e71b3bc8bb629f9f7afed2228508dc3e146051a1e1582
    tx_idx=441   0x4902649579001158bbe48dcdab186643112d5b2cfaf4378673125b5fcc833b98
    tx_idx=442   0x6109a4cd5873f97629e377dd904031703d51074cee5073d8895c4c19d4ef7d07
    tx_idx=443   0x8348742d1cec71cf7da6ddee1b642dd237740e0c75b71a38c2b1e36aaebe7b59
    tx_idx=444   0x17d2b01a2c1761e3772f025cf95fc485dd5239f2d77d80ee70b79240430a7723
    tx_idx=445   0x7e1a26bd7416f7ee94e77ba90be0efe88b34cea7464e1143d25c7194133ade47
    tx_idx=446   0x0ddcbae1b82faf268ec39e7767b0cb41747f15a6451d66905ee28a790d1df10b
    tx_idx=447   0x7143de6425dcd6e0b5fd9af1422c7dd66f13a9d87832be8cb2cf6add2c9ba441
    tx_idx=448   0xe0d45846a41d3f861b7d4575cacc49872ac84fd5d042b7f221f151069e747a32
    tx_idx=449   0x8950876d4e120160d600a3e223792d06e16bbd5f104d7982d3e02c45dfc8b702
    tx_idx=450   0x203a4296b662ea28cfe0ed83cbc2893c6b8b353b2b84da64d59ec557c2671d74
    tx_idx=451   0x7134426b4b7d4c7e15fe008059642d2f75acb1278162b1581dfd6d063973d054
    tx_idx=452   0x3d6268d3e5794c7a7fd4bbf900657a9251e5923d4bf6a50fbcf65551000f690a
    tx_idx=453   0x9c75de4866dfb498f8b73442b5df233e6369767aa407d04ba2a9cdfa9f7a8334
    tx_idx=454   0x8152a582aa2c60b56d6bc718c3b2edffb0bd5474bdb49d1fda63f850cfa66930
    tx_idx=455   0xa71e451a65237673cd78b49f263ddb74209f91bdb426b5cc1c9736ecb8609058
    tx_idx=456   0xc499ebaef516bcd336d7dd7e4d1e80f19513f0449c7b9618ec29fb2785bda510
    tx_idx=457   0xe0fdd3cf3471ecb1dfe5348f2b6d1c638fa85fc11abc2ed1059cf56e13df9140
    tx_idx=458   0xfed209f680f263d667e4478e4f5ba3421abaef8360822de1de5e47f6d895f5e2
    tx_idx=459   0xfbd95bbd2216b768a2777ef41cebc27c0733cd054e3cb89bd349bdec12b14931
    tx_idx=460   0x9989531fa337c0f3e692518764209c8d74bfe216c7bf4abd7efea090a030ecb8
    tx_idx=461   0x99661a69caf8831869b6e4eaa5647f122b2386d84e80d60d60136671252fd832
    tx_idx=462   0x4a7898152450b8a4d5eb363edc340652e3addeff592ba09a4d51c51838325724
    tx_idx=463   0x7b44fcb5eefc1dbac566ca243aa1e6968ca369aada456ea4ca5b46a20a5ea653
    tx_idx=464   0x454c0699354f3d41d4659738ba43f13bb68a2eb533b559f2612faaa58d756da2
    tx_idx=465   0x0978be80aac6f8dbcbacccfd1c8f6533012d93e051459135a976eb6174ad3fbc
    tx_idx=466   0xeca097dca9d0ccccaafc15d0d10d0fc7f13404cf0035bb22f25d02ec2b051903
    tx_idx=467   0x488465e5c2d349052192329d26d0f95e5051cad5d0b2c365b9a793492dda7d47
    tx_idx=468   0xdb335eac1b24c9a0484194ec682aa1f2e15262ec77100844ff8cc0c9f37b610c
    tx_idx=469   0x3c90028c4da8511b955a2754a7c8f05cb1226f0054ba8e7c242586c9837627e8
    tx_idx=470   0x6a4df8f42c08b23317378ab2880540613928097dd8333d860beaf95344ce6dcf
    tx_idx=471   0xba0a4fe84353596eb019b5c6d7e53347a2a3819bee0539b0ff86a272055ee5ce
    tx_idx=472   0x81b9d34b97dcbbce278e78909cfc1140defb9a5ff3be044e623844b9d734140d
    tx_idx=473   0x715b2e78fde7b090a91403295b3433660a01dad9f105759370ac43133c125c62
    tx_idx=474   0x180140c7c95dad56bdc96d18a9e7ebe2ba2f06bc97be010897bc4f1529e2a86f
    tx_idx=475   0xb19c4a26200072274e3f31a8623f5783dd5078f9fd5adf7c31582941c969c0a8
    tx_idx=476   0xe7190c8986c80a92d917870351376032111d9c94ad378cf505e890facdc3613d
    tx_idx=477   0x43b9f9cd4a788dcc811e49ca3d7ba56fccfd5bb51c84e7e9617b180f02c06951
    tx_idx=478   0xb7f40890cffb1e8d0fc1aaba6d9f141f89af3cfd636fa10cccb9eb21a9f97c60
    tx_idx=479   0x6ee67c670924db8a98d6f9c7f082f87855b3295bc876e2ab8943162817f5f505
    tx_idx=480   0x1c56eb59cee082aa8a1a139b1f9084b1cf64bb11fe8afcea9ce15f18b48e4613
    tx_idx=481   0x2e7ddc8ab097272ad431e26ff90d89815ed7200c61e8b7fdd51a1ce7359d55d6
    tx_idx=482   0x9e88900af24f6c816c196915d0e04fa65a25626ac2aab0e2df7516e4f7e6f4c1
    tx_idx=483   0xba340c85cf38570636d5a03365bd482524565636212ca823e950e40911dc2a44
    tx_idx=484   0x069fa2da4af44bb9e876650c008d65b51b353c5a9103a7eb9fb1a3670c275feb
    tx_idx=485   0xffdf64ab6d7e4784497518a7069d93090a8da60d9bc365197e0a134953e36230
    tx_idx=486   0x57d1d9ec2afbfecb44612ec3746ef8131f74979e6214d432d6670f2aa1519200
    tx_idx=487   0xc8370ad543881cb60dfe73f3485daf5cce6d2e8fd61f6d21cb1eea2862de0e52
    tx_idx=488   0x7848220ce8d98fff99c2bb907f6fd710cad7bc5e5389ee9ee63613f170650b62
    tx_idx=489   0xc4dc6e50acc1fbb7c1e0189acb1f00d29a6025fbe90abb0dd011539cc874a8b5
    tx_idx=490   0xee6113005820376d23f1d1948de9b658b20b785eaccb9797920147c65b1f3919
    tx_idx=491   0xbd213ae6c6f7f4aa578b80ff1db89077ff1a1aef513c74273d596dfc42997560
    tx_idx=492   0x77b5c3485b094ba7919824ee77a523e64db843c58280aa8a91528603a00a49cd
    tx_idx=493   0xc8a9ff3de7aa34cffe632bf346122356bf2fa562512772c63eda76569365c97d
    tx_idx=494   0x0aa6aebaff64b175acf4298763ce2f3dd9905ffef28f5619ca84282030623a70
    tx_idx=495   0xf64ad5c069bb7f27d8bb8abf41be3669c98bc0156938df9e235cce71a25333fe
    tx_idx=499   0xafc9b054131be1131053119d211deb661d30b0bd95a87688dffa3311ba68a4a3
    tx_idx=500   0xe66a44822b1225e1a07c869eb3c187745d33b391b7f1218eb662c7ad665daef8
    tx_idx=501   0x8e7d40aaa99d32dbc26c1401cb0f79b79526155e72cebb215b6fa109c7400921
    tx_idx=502   0xc3d96ff231975f73f52ebe82611195e3f35195bda2fd9f64f66dae06dbd3c2cf
    tx_idx=503   0xc40c5a33a3db2a339be3ca71c5276db4bdab0a73903f60efad8fc4334d887d69
    tx_idx=504   0x5f0a028584ceeba5e5344a34d1d1fd3fee04866b94ec015b40f45b5aad667ada
    tx_idx=505   0xda2352af4364b1270f74593aa9e60eaedc05d199fd0fa1ef831ded3627f510dc
    tx_idx=509   0x8aa5b2f3a928e9a0f0cadd572726fa383c648621f98af6d35aa3cb7aa13ca0e0
    tx_idx=510   0x2d5fdcb467c20827c559d54b3e477b20bc10e074e29ebf9a6772021888553c93
    tx_idx=513   0x21a7d9d8ea84e4d20f3603ff5a78019538caec78fde79453c95b98f898ad3bed
    tx_idx=514   0x2668e57bfe615e3c346dee6effe581c21c4efe1c329e62ba80e487a0610c5912
    tx_idx=522   0xa7c2a9d5b25be4f7c9c6233161d238ec9588a954e46062f9aa4dd214c1613b73
    tx_idx=523   0x81f297ac74547a5f11a6dfce107bae9a35986acfd537d5c3bf2d8330d7cf1a46
    tx_idx=524   0x2904843b0cd95b5e49dec1e6c2ef3e9210f2950b3a795be30f0ac836445e313e
    tx_idx=525   0x9d5e5de067cec022668bc23c4dc41bd2ff805fbd5c73f3acc77cf62e1d0b578a
    tx_idx=526   0x7870b35a4741c8561119e8ed84227e4569287ed13c2674e8ddedb9c89e73f178
    tx_idx=527   0x543df2beeab02af2b8b095a23198eea94e284c52c76ca1e9c2fc4895b8f65dc9
    tx_idx=528   0x32f2fc12b5c3593ad13a7926defc11adc39570527907651dd3c40f52b08e8386
    tx_idx=529   0xff0ca88fd52014230a5108764b2ea3ba8df1ac8d502d85e6214db2e48c141895
    tx_idx=530   0xd50aacf6cba54e61dc5f671a30801c81c1241f98995e4e47f763df9481ae4696
    tx_idx=531   0x0c31e90dd851ab696cf7aeea42b913d3f7110b913ad0ea3a03fc7da6c2d4074c
    tx_idx=532   0x751860b0f4b7d776eefc3ae564db02a3690789bb80fa9be9f6d80bdbac53ffe2
    tx_idx=533   0x18f27e9dee91e4eb1c8d7c7929c994133304be94f6522b50904f420fac06f020
    tx_idx=534   0xe9b6bc7be0de5b21cdb08f3abbac822c39f59322c2e89b293794c20b755b926c
    tx_idx=535   0x9a0be950d39321a3279b2f031eb25e391dea5622c20d5b1a727a4e547225d634
    tx_idx=536   0xfc03ae1322cf841b1e47574796c1463594561e4a629104050acfedae59543fdd
    tx_idx=537   0xb908238180ae8454d976901800273a7de562bd87b64fb0ecaf7bf1c39b2dc093
    tx_idx=538   0xcaddddc00a1eeac98524e61f9d0fcf7f6d8baa41d7f4ddd36df65e4447d36970
    tx_idx=539   0xf2048a30878a495d2d65cdaa7a518849dc7e3e034d4a6240e6a8bcde7a7a22f9
    tx_idx=540   0x9343961e8a3b9700cccf21988bdc0163937ff119af42c8429796ce50610f7919
    tx_idx=541   0xf0115e17429188bbc79a84002f76b3468068a89ba613ed600fc85e0dbf05916c
    tx_idx=542   0x8f14e7f155f907cf99bbf0d228b01367d8bbbbd5a57d791d238f3c9243ceac23
    tx_idx=543   0x4a3cf8ba9e09465b61e6008ee5c3b4d476106a15a48d23d1319f1894ab18889d
    tx_idx=544   0x0fcb2c70211c4eb04e493dadae424835ef6dce00671e512ea493b93fb84be09b
    tx_idx=545   0x8169cb4d2243469351393dbaba87a58c6db7728518fd8e5e82c848664428c86c
    tx_idx=546   0xbe9b74154f7c07b1c5aba2b937d2d9368e3a9630ab6ad04cf32db9cff3515bbc
    tx_idx=547   0x11ebff175c4b5bba82e8c3feacb408b5931cb1b53176bc2d184bcbaac90d4f3e
    tx_idx=548   0x0fec9fbf70343e81c62c2ddf546980f9755f726745b897a8b076b381efeedd6f
    tx_idx=549   0xee21dbae0b9b804fcc204218062ef04fbbcb12b00c717a19a08fabbd91eeda13
    tx_idx=550   0xfa7742056143ec98f101bdba0a86b2cfd60c828305af9c76a6e64c194a79f25d
    tx_idx=551   0x30a70fe87d438f9d49e38cff9f4729fc10a876ac146a888ba15a697076169ebe
    tx_idx=552   0x7c995dfaf4927d3f38aa92398293b112259230ac3bee8bb06a219718cadcb8b7
    tx_idx=553   0xa89adfe6fb9a8aa9e801ab27d4d1b5dd344d96af2110e58853c68a73483e9c82
    tx_idx=554   0xd6cc929c3033074be8b7ca098fab568f0ea4181701d8284c6f1c24a5a7a0929a
    tx_idx=555   0x9d317832da3338c95cab5ba2546462ddc7f25894b9c32b6c63f2987993d070e6
    tx_idx=556   0x152cd17b80628c8d8622421e99f0a68de5ed685146e17518af44971ce10efa72
    tx_idx=557   0xc4cef7b4611d5ea94d7db97b392c5ee471e11020c578e4757e4903a955836ec8
    tx_idx=558   0xec7210d45a6630b74724d5827daccea425166c5685063d18f2c4039289a3a4cb
    tx_idx=560   0x0363eacfa0d9c4dcee1bd9d362b5e849350aac5dfcbea077281b4e264e352746
    tx_idx=562   0x7795b709eb2caf819426f76271cf8c3c2ab4d9b14bcfae1bd51753dee399507d
    tx_idx=563   0x01c74f05fcbb901f2d5100ad83f9df61b47f7cc0bc8c867f1b9acf06f334a0ef
    tx_idx=564   0x95480e113873f09cd56b949f9e0eb49e6ac8667ed784daf8de570cdcb36acc3c
    tx_idx=565   0x8135d36f5d0179fd49938b954e6b358ec6faadfd090cc40b00761d37909d704e
    tx_idx=566   0x58ebe9a8a1f7bf80704f6623d108fe4ca0a0f97aaae2969aa151d93ef1a16a5a
BLOCK 25459563  status=ORPHANED_SUPERSET  canonical=47  stored=152  bc_tx_count=47  orphan_only=105  lost=0
  canonical_hash=0xaadb060866413a43d8e36440ba4add46f3eba937a07f58980f4f3e37041f5341
  ORPHAN_ONLY_HASHES (105):
    tx_idx=47    0xe3ab3b96d0c196a1d0b4251af3de76a222a6c29bcc8fbb89da1216ca8332a850
    tx_idx=48    0x28242011bc3050524145c9b0088f44abe2f227cdf097b0ec45d9b8e7349717d2
    tx_idx=49    0xe6bd7e7b9b870807ba5f0f5cf6d43b95b10b1ec8937e8552d77c3ef123f6209c
    tx_idx=50    0xe75a5fc42e3a9cf31a257c1f7a3c51f3ac484da3aaf7d07275087fe7baea0f3e
    tx_idx=51    0x98e664435357b689dd6cda626e38fed9aadb4d5aa8641da95ef1fe83c8dfa4bf
    tx_idx=52    0x5326026e3af7fed979cd651d4dc993c746b59e342bd33c7573fac8e6af74e725
    tx_idx=53    0x7441155c8e3fb4aec7fd706ad40998475c9a77fe7985fe6e2bd7641de6dbb2eb
    tx_idx=54    0xb5eba50831d5b4ca5b40c43702c9383906ec6822555742745a0d36fc994b0f2c
    tx_idx=55    0x2bb7ad23f61657e3f8c76fb1f1e15afb384e0ba9791f7b23710c5974355f5bf7
    tx_idx=56    0xe0d6438129714e55f38ceb27d49215d7e8f7e33ecf8b30182d6b224d82f000bc
    tx_idx=57    0x7c4cc579399cfa2e34cf05175e83d77c02fa26a64fc065e2ac31a21b717c15ec
    tx_idx=58    0x761fc75d39be50f69edfdc59edf5f469c795b3caafef87999e1e0214b957ee05
    tx_idx=59    0x51499b723753953a5807a9e0255028bd96efdf60f82bf20b498e2ed55b678eb4
    tx_idx=60    0xe8d5776452adb2995df2c43de6fb2e25b581da124d6459fe7039cf6a463d5126
    tx_idx=61    0x13b610994db2fb6f35241c76cc9537810aa34e5ca01e62fcfbd85188933f188f
    tx_idx=62    0x4e51f19705f1c9b8acee415b7e17d7348b7775c2a74446b11cd0e4dcafc57d0a
    tx_idx=63    0x99f61bbf39d4da53f867ff57702057e7ee073a8db3f18080ce2844baa24bb7e2
    tx_idx=64    0x33347bc612544df8b7a6ef8a4b39e6446030a5d6be78765b6b1ff7a921155beb
    tx_idx=65    0x74be38644109bf4a64a16b9b37734d1d64c34fd8105f247425f8f0504e1df174
    tx_idx=66    0x719864b9c2bd5405ff616629d88d9addf8f6fefebc5efe28da52852176b95e2b
    tx_idx=67    0x349a4de0fdec152b2d477ee9d1840c149245c0d654030b02c9f7bf71699977c9
    tx_idx=68    0x448377ee14c8002b183146a41520839fd40a3eb005e90b32849a6ad894e22cb0
    tx_idx=69    0x5ba50bb084caebe7aea4f59e04bc399df4ec87d358c5da4ef1b75ea37c1ebf17
    tx_idx=70    0xa36132347b4dfed9e06bb38aa968535ec154609deecea92b462d663a362aae41
    tx_idx=71    0xd79d0a243e2118bc4cc732fb03953287ef5bd911ed2aa443b80f9dd1e7caf50c
    tx_idx=72    0x89d7c8affaea11580c21c749e22db18f58b2591be2c00316468db0f4d2396559
    tx_idx=73    0xa194c0ce569ecab88a31da09de34fe95e6489a0d1f05d62e2aed857cbba9f0b8
    tx_idx=74    0x8e817b17e9fed964c3cedeeeb718da58ff2501eea6506999459951ee5a796200
    tx_idx=75    0x845f4ee1461b354b928dc1049445bc9894cc5885b0d81184ed15e5135d7ab7a6
    tx_idx=76    0xa33b5c9f2e3a46fb411f87e67184978e3ea0b8526ced330afc99a9445aeb65d8
    tx_idx=77    0x2957dc89bde62451c84bd2f27dd727026c45fb3875d4aa5eacc034432f30fbe9
    tx_idx=78    0xd2642a825db1cf4428bf53f56bd0eef4302e9c0e814cc8bacf5c0e3bc06f4f34
    tx_idx=79    0xd7c22844f6ec3a279070843fa1d7eddc7be82e281f37554055e4139bb929290d
    tx_idx=80    0x82fe0022cb0302494e2b15712630a40b0db9b6037f3e311123f3e531c388d28c
    tx_idx=81    0x3c2abde90db36761cb6855c6c27f7e355bfb5b1dd38b8dea47dc03948513ab0e
    tx_idx=82    0x52f19db37b8aac3c7a9ce03cbbbd846206c792f87a8ec96e428ca0c32898c1d0
    tx_idx=83    0xc2b1c5aff0306ebe42ecc604acaa4405757359b2cc4d254488f966f64ca17661
    tx_idx=84    0x5b90eb920d7ce2b206f42449236c78887f2eb12de8ceb7f9b58dfea6be1c1eae
    tx_idx=85    0xd4f624af048fc2e7d028fade5790ed41336f4f2c3716d9213e3f5efe2d650363
    tx_idx=86    0xfca154bf3c54ad7fd65a3ecd66dd9adf592d32154a7040258a51a8bbb74829ff
    tx_idx=87    0x967771ca582d38a4fb68cd135d7dd6892b8d8edc151939af68c7ac4d0a4f0c2f
    tx_idx=88    0x0629060aae594d87bd1ba7f6eae45ecc2f0668cc90b69850cdaa36ce55da5103
    tx_idx=89    0x716c39483204ac9b5533fd93bb6c8eee196fb97eedd4695ee719a07d5732211a
    tx_idx=90    0x86cd609755d94a5da385aeaf8802b86603ef64abe3b90ded8a8195fbaecf8193
    tx_idx=91    0x40c530a4f6998ad01d1a7f5ec3a546a16d3b5dd825ab0768da979cd50a051682
    tx_idx=92    0xe4a792659f3d1be6e81b6b0a4bbf7729196e34f2f28c28d36816b256c500676a
    tx_idx=93    0x638513cc41ea1e75c2c7b70195e2496d5e42f32fc2496b90dcebea66b4081fad
    tx_idx=94    0x7a45067f92eb3eafa0add0ed05d3d8d6657c86c224d077e262bee555f890a803
    tx_idx=95    0x2130a8d82b4ee0d3174ea780afb59ce20a14bff55ff1110e4fbbde26d775e2ef
    tx_idx=96    0x6d69f52fa627d426d463d7f34997b6b7b9de217d8f52533d087f62c234828b20
    tx_idx=97    0x114af0ceb4b51b6e3fcdb676c083ce67bd3b9142f1d9c601317f039f06078ab8
    tx_idx=98    0xfa9d6acb86356d6c7076b53d7657ba68a6639c0d8bc17178e251808cd81fc005
    tx_idx=99    0x95fa8246b8d594a17efd3cd9b77d07fde51065b2be42118a26c2189f6ebe22f2
    tx_idx=100   0xe694516c2dd02e94bb60fb8d2f93c410fe0af069f56b85f226251dae25934ac0
    tx_idx=101   0x03fb51727de56b0ece1b4d983fcd27b93311942e66a01c726751922bd724b699
    tx_idx=102   0xed524a972ce577a40cbd752712ff28063cf6dfc63f7f9c0d6e59fcc32f379b6b
    tx_idx=103   0x6e8b794d81ceca88fefab19732110b58c5676c9e045a294dafdfa722a1ce0b8c
    tx_idx=104   0x663b0a9d3875cb63f0d7adb0339da925df90a63fa7cc1f8edcd8f7d49be0e2a4
    tx_idx=105   0x034b87d4d3e1c10b799879852c5c04414efc88f228502636d0f7de1fd533f387
    tx_idx=106   0xd9d388a470e582fd64d686c90be6caf0ea9427fb11b97a209ac911d1778f2dcf
    tx_idx=107   0xc50d677f2dbc27c9ee6c549644ea5969d100d83c934fd7046fe87b043bee43a4
    tx_idx=108   0x1b636761db13f4f9235d430b6725c9b4fd25a12d3b0c7be9c6578ef42afbb8b1
    tx_idx=109   0x11240c994276f17ac59c754fc84ec7ac6335213af7ffcc39246da0221f18c771
    tx_idx=110   0x16748b867c7f9de719965c88f09f9b5672bdc7a8be3630edf1ced24b41bc8927
    tx_idx=111   0xcffd3ca7fe57aedff67473a6161197f5e743f26206db50a73e523cc844277c03
    tx_idx=112   0x7c8f98602bcc3b89ddf5fef3c77f4e87ad5fc14304e07200afec4016a562268b
    tx_idx=113   0x420c0f072c241d5be2bc4d91d0c70f24a18b27c88b6dc49b9727b6a948130ab7
    tx_idx=114   0xc9035751bac20845475c280f1f0c9019ec7efe5d8e3e285cdf7a50ae369fd247
    tx_idx=115   0x914d4061aba5a911e9176298f3c533cdb389b4330d13cf4a889d92ac3af312ce
    tx_idx=116   0x7f194ee1ee1d9843e9156d6779b8bece154ed8ebabff2db6ec61ea719d4b6963
    tx_idx=117   0xb604fb0dda59f691b530a1171b5c9bc875245a5dae6e88e7596687c06295e676
    tx_idx=118   0xe041530eb7d20c8754c2dc15d2e89b932b34dc65e6983baabcbbcf786a82d91f
    tx_idx=119   0x1a1376de6e5445b2722e627d905bb09054dd17fbbafcb4bddc49033328370c39
    tx_idx=120   0xe0af1281ba3c8206d2e4d35bc19224f23d931d018f9e873da87b0eadb1fa18a4
    tx_idx=121   0x30a27f0b1631fb1af2087127797878443ead869231b289c51d6c19e758f47083
    tx_idx=122   0xf2a0959dc684ed788cd3e44016fd00c3419d90d48b06812142fe1999aebb99c4
    tx_idx=123   0x79f565fbe060878b45782da3767d72f576eb53ad49093a591f6e1ccac297a312
    tx_idx=124   0xca913031e3a5934f455c6fa64e641602eef22afc9fe5f9817ef13119e5f4061a
    tx_idx=125   0x6497f2e7a2a46c7c1c3925a56f2ad75616dff454b61cc307bd54750dcabd76cc
    tx_idx=126   0x65c672732f7dc0ffb4400e1f368c7300905343cc4148c330825977c8982d102a
    tx_idx=127   0x08e4851d1b3045ee660a6eb3b60ce9dbd8f1bce93d11955f1acd2c3d03135e0c
    tx_idx=128   0x8595b72eaef1af8206284b0f901f8e7414059817c989f4948c9043ed8057d39e
    tx_idx=129   0x93b7d569b7d828115ad235ed0f7d8884a412e8b9a391fa58769f202521c19bb9
    tx_idx=130   0xe61f827b8a59478e5ea1fc46afd9bdf197d0e8147cfcd413c798afb4a8c69278
    tx_idx=131   0x427dc98fe4bf707019a8806ec7d40176ff16896132a391480433173b3427cc80
    tx_idx=132   0x20fa3c52448b795deaea6ab2f6138a0c7e229db46b04e922e52ee44ceaccd28c
    tx_idx=133   0x3d4ec828e13d92433c6ec8a753917571e1ce498100ff3bdc146b592622300c0e
    tx_idx=134   0xe00c91169b340bb24c5f1c1d8cfdd9d84e7f2c8305c8547b798d618369dd30b9
    tx_idx=135   0xbae420ee23aefc6ecef7dec4d2b2b521c9ba53d40437795bfb403bc158a45e42
    tx_idx=136   0x5acd79633f9d7dae0f2486fd55c7130b6e99717ca2fb8cefce9e27e3ac29541e
    tx_idx=137   0x1bd35ee7a7c614812750b40c9fa4d98185511701db2e2357c8fd04f62c801d8d
    tx_idx=138   0x08fd7bf4af5b778bddf7a058cce17f71cc59f4d540e9598ebe4f0598dccbefc7
    tx_idx=139   0x84de2fb66610065ae23db022b3d6017ec946eb187c2913cbcf8a05ce18a1a58b
    tx_idx=140   0x613f2fbea47ba7c6f74f41b516e6a3d8c7d9176dcddd708ebbc1a983f75a45ef
    tx_idx=141   0x8951f854fda2a859170f1c5268a694918ed1d4d227007f9f40eafb9909dd4248
    tx_idx=142   0xbc5e39601faa0e517b02409a41481a2f0c8be9fe44db3561905f6d7204a4969a
    tx_idx=143   0xa47e35456a8e24a6cf120d003253c43a17e453b625359720f1fabfa26655bbee
    tx_idx=144   0xce41c074439a7a3e82f4f5c589433c4869c76530b77b3848b367e196024652f4
    tx_idx=145   0x136663d35dddf5e6bf32430412d48352f1474f585cd4fd452c919bc77bb1570e
    tx_idx=146   0x22d0a5ee8cada8f11085d32ed592d491ff5613004ea06901f3cf0b73286c1843
    tx_idx=147   0xc984b5e522e9f2562daf60417f50bf35df8d61ece4e79b53b69fab500ad8c8e8
    tx_idx=148   0x5f35ea61343027d8922f952f85f4c4b3948d3cadb761cf10267be21a1a82109c
    tx_idx=149   0xc6b692aa6b7311b20406f6d63ac8ad5185ec64c93e4a5c8724c4f8c54282ae17
    tx_idx=150   0x86d25593008f2af6eb837881c9030cc7ca9d3499d59e99812cbb998d585eb13d
    tx_idx=151   0x0f9d2ff4ae0ac6a4016373aa3bcfd907bdb4f20bfa85d2ca0bf526f1a73cb580
BLOCK 25459786  status=OK  canonical=218  stored=218  bc_tx_count=218  canonical_hash=0xface92e9835aff6086ad347b96d6c50abacc42151f30e259b44890de3f2986ff
BLOCK 25461608  status=OK  canonical=146  stored=146  bc_tx_count=146  canonical_hash=0x32cf57b997871f4029f9bf0be621a7cbb2e7bbd194f96972163835aa5e53ef65
BLOCK 25462234  status=OK  canonical=1094  stored=1094  bc_tx_count=1094  canonical_hash=0x8ed32e48d9597687bbdd5ea2880cab7c2c04e9d47d8855bb5348ab242d2c696f
BLOCK 25463684  status=OK  canonical=414  stored=414  bc_tx_count=414  canonical_hash=0xe7381a4fe3251da6f608b6a73a0de1bc21c92343c50af13b903d2bb49d887870
BLOCK 25463985  status=OK  canonical=195  stored=195  bc_tx_count=195  canonical_hash=0xba6902281711649f4e48defce2929ef43043f1dcfe20448d4fb6a8feeadb98be
BLOCK 25464942  status=ORPHANED_SUPERSET  canonical=222  stored=327  bc_tx_count=222  orphan_only=105  lost=0
  canonical_hash=0x9a56c3e16b2d5b17484aa656e2d67a70754e53b44c9c7bc26a067c18699b144b
  ORPHAN_ONLY_HASHES (105):
    tx_idx=222   0x055eab8ea10b99952ac0173289d3313496afc7b4d5c5dc67ac8515066c9563b3
    tx_idx=223   0xba8061430ec20b033564d3b89f20125d04ba644a6355a30e05527e9aba2ceb8b
    tx_idx=224   0x987540f376a41a57dfa2f6e187d0ed57539ce6ed9f7cf0c20080de4731c01931
    tx_idx=225   0x2448bdad1ca8f5b4d662a7caf6cf88a447847a3b03615b4ff55f06c29efa0a9f
    tx_idx=226   0x38f32d9fff3451a8996ca2d59204079954ab0bd195e9a4e62017b8ffb4d832aa
    tx_idx=227   0xe4695b95fa49c8eaa89fe0f2a117ee96df462a3a8317a30077a94b67849b0fd5
    tx_idx=228   0x7595e61f658b07ae2bb77cc13a615c0d2a520955e780d91fe0321ed1756f7e04
    tx_idx=229   0x6a45fb73065c7f6ca086ac9d0cbc2677f0fb95c378ef906220b2112abcd8ee85
    tx_idx=230   0x3d38b99b1c2d03fa390f23d29385ef38ecbf61e478f644fab1cf56156a3dd589
    tx_idx=231   0xf6804638df2264a9d6d85f145bbf2c8df127af629bd03975572d54f13abc0849
    tx_idx=232   0x23890c63d9a5087c924d6a9d9093d6871056b1e096bae8a80d3bd1d5383aaaf0
    tx_idx=233   0xd2343a6dfa4b176ebf9b41f2e91515f950fa2002a7bf8a4f9a202b192075d7e7
    tx_idx=234   0xef1d82b709ac1ab5767ce269994c736aa592b93f7a71a0615259c7644d354d4f
    tx_idx=235   0x2d412d2ee4955164c67e263326eb8e74df26f77b5d6b14789207c4282fd85630
    tx_idx=236   0x476d73987df48237d752129dba83d94bba79d603285076f1d1d3fb5d7315aafd
    tx_idx=237   0xe574f1b933698ecb0b25dfe399e66a10c6fa9c96a78eac52b5d835aafea8f8fb
    tx_idx=238   0x1595e593bd6f849283d31b96e0a3f0977dd09b32aee68b884c172d8f15c4a42a
    tx_idx=239   0x0c099717580c6d1bbe4bc45bdc0870e03abc0704a3c512d9ee3a4063a4494ac8
    tx_idx=240   0x84df0d1c63bf5d3b198d34f8b8d7c78809f7fbe424ec559e0b3e61583b054bc7
    tx_idx=241   0x257e0c19c203d0da6011c6ec2033c186f4b7688522361c56f13fc5c76c8d2475
    tx_idx=242   0xb71be7fe7ac040cec78e33550e724df69d4be43dca7dc813c3d0985416a85a73
    tx_idx=243   0xc8462d0d8704f1c0e19786915b4c73a373207d5a7f72c35c0960def158597d87
    tx_idx=244   0x6d53013c9237888316cf1c13ad914e2a5f6adc47c98ca6a91ab4b71660df9bd6
    tx_idx=245   0x794a9c2437fcc852a8843a6c0f9c254cb171fe722dff747b6e6dcc6ce8a5ccbb
    tx_idx=246   0xe76a6d1cb432583070d35722baac4e7f7b66b06b30a063fc8bb44d471deca9f7
    tx_idx=247   0xd05fdb69a19c3ee7ce6f44c587bff668f2fa782554ccbaae9574bfb0373b34db
    tx_idx=248   0x1cb3ea3050fe1f4788bf65d9fb2902319703380ec8e2bba6f90cbd57c413fed3
    tx_idx=249   0xcd9a8d104f1af8a6c16ba8e4919e98be67261f3c7cc3bb0cfbe77551310dd3ed
    tx_idx=250   0x380c1732b67c6ec98c3ba818bdbeae2219a938b19258d72801a6e3ceaa68f990
    tx_idx=251   0xfc68e6ec1f46cff8c9721aeef4cc076f63b2fd1326d518fb243b060374a489c8
    tx_idx=252   0x074f4e546014281be593e0774ec545fd713c077608e467946ed2270163cbd4c7
    tx_idx=253   0x68f186eb62212c162479d276a826e1800cba6f1ea19ab0b1e66e79d2ec11dd26
    tx_idx=254   0x229ab3a4eb2d00930cfdf173edca1b5620e5ba730b29d0d44196bca1122d20b5
    tx_idx=255   0x9e4bf3263222885c24450727b13f939556c4eca5adbcee8d72cce5810ca1aa26
    tx_idx=256   0xf193466261fd1a598188347208a6977af16470a83e217dc61034edefcd02d3e6
    tx_idx=257   0xd44d0bd6301cc29a57f8bb365100acd3e1423af19a150dc145483bf0a3a29149
    tx_idx=258   0xa43f651bb15ca4fb51bacc01f62b1853dff286384a9d42734e548a8e5f8d4e5a
    tx_idx=259   0x85d3f25de278c081fdf5cb189cb8c2182a9a065536f7a8c9c502d5a06e0de568
    tx_idx=260   0xcf20ca580d02e49fd01fb485c59242e5f569b66b68dd65a2a197046ff816081c
    tx_idx=261   0xf531c88c0ae630ee175730d866818bdd72cafe2917c3b6cd06254161fd38be60
    tx_idx=262   0xe10ac19a58b04726288049f66dcf61e93548e64730c61026eb5e88902ad5124b
    tx_idx=263   0xea815b470ad71e50730d19dd8c07b592d371bed242c97cddca11ff3dda624878
    tx_idx=264   0xacbc49ad604ae48fb8e4227a1c0131d62b07b7de073ec0ad6063e033cac9769a
    tx_idx=265   0x50b48abc115540cf71ef471efd8c76c240c7ac86d802871a67894ba8a15a982a
    tx_idx=266   0x15ca1aa0fe060e608984bfeb1ebf831bdcd301d29998427455f622ed5a6ed6b6
    tx_idx=267   0xaac43654bf2b18bbf13307d1340aaeeba95d737ab045b0d10aaf1912657ba31a
    tx_idx=268   0x26a380bdb10c73c06d8b471d5a2278a82be689e4fb45aa96639dfce3566cf6dc
    tx_idx=269   0xfe9aee878078bdb7c81717d9a12cc988ba3fef3c04e5fc8852392d372f39d91d
    tx_idx=270   0xbe50a91214a0b788eee9b4cac6d215993bbc67cb2b0e0375b8443526e587b2e9
    tx_idx=271   0x3fe8621fc8aaac6e3f9542556efc93a19240eca21deb2a59d8fc3fa8b6cced5f
    tx_idx=272   0xe24f5cef8325efcfb1b668dff8a4a349c97afe913ed4d4399fdbe53aeebd7a80
    tx_idx=273   0x6ebc0057d7b17d253eec9baeb464b9eb8650c13b0c91f615f1907b7e002249f0
    tx_idx=274   0x465e117ee81d895b45297a4ca3abbfde174dae86d86504491e5f334aa9f57985
    tx_idx=275   0x9b471e87f43c1cedd219c35be2c876cfaded0224db06b4cebe4da2263bb5b460
    tx_idx=276   0x8830a616c0cf90cc034afc1cdf32b4385e54f043337c708fa35a76734085d22a
    tx_idx=277   0x80925688691aa812023db6558169503863c3c98e4f67b890937f695bb8ecfc63
    tx_idx=278   0x379722cc2a9ba059076e4ea6cd63db2894be27de24c8dca4bc5eed4d9070caa6
    tx_idx=279   0x0f05a418d0de016ece31e4bf0f04237bc7ea68b70f102c94c0e591c8e3d1f42c
    tx_idx=280   0xdf3342887f1828ecde5b9314d5a4f585d6fc07fc7f6b13f9eef4b0683722a430
    tx_idx=281   0x36a89f172da09375e08e6b5caaab35a3f70f477bf9ed91813de0e1e1e6e6e08d
    tx_idx=282   0x7f6acae5e6bec493c724183b13b060b19534d87f06d51891c7b9c57a461a9530
    tx_idx=283   0x1587e8ef07a52cf0e63ac6bcd9ffc348e1c2915b7ae080841afa0999badc7d32
    tx_idx=284   0xc602f02f90a9f97bbc5717ddb3e864f74503532aa5527eaa7f6bcb0aaad40960
    tx_idx=285   0x84518dca21d171bb6f05df135d8e8cccbce2cdef144f15714920c881d7f9f315
    tx_idx=286   0x32f19fc6e688ef4ac986e744fbea71dc1cb0642a7801721e816bf24223136a66
    tx_idx=287   0x6e93d8db3d6a6efcd0756d9170302be84f4023f54ef04d2016d505df36180e34
    tx_idx=288   0x94033f07aa4adf2097fe7884560a5bbcb0aad009a07a590232b534d84c93c0c2
    tx_idx=289   0x599fb3b3019a0a0fa45e01c14fdd8608fa521180512b62ad6f069e3f658a5183
    tx_idx=290   0xd25de8b57a5a01dca7652123ec67269abc3a9b8c63bd41e4dc6fbe2bb88cc1c9
    tx_idx=291   0xa32717c9da622f1be955138be226c9c3c5c9d167cb6db8f44abb6303166ba224
    tx_idx=292   0xf7461e2e891f40b3e79b5bc7a9b9026698e216803f98ab8bda6d6e2daf7670d1
    tx_idx=293   0x7171b013e99fd9bf985fe99a0d84c3ee858a42e4797e585be69d7febc86b0232
    tx_idx=294   0x3cd29308d488d7486fc4939c77346e26038369f6c1dc8c6fa58483cbba04d930
    tx_idx=295   0xaf5b315cef9090aad599560d37f63135f227937e10b190e83e52c8dbaba2d721
    tx_idx=296   0xb03ceadbb9ba5e9e6c5803f0133d25247279ed24b5b992e3b6ad0a9aa6031d00
    tx_idx=297   0x602c48014c978542d57ecc531b39e0370ec95e0e981b640bde3b19caa9928a52
    tx_idx=298   0x2f6cbe8029ad8ff32972e3276ac2101c08a01a88024199dfd2297aa9d660f27f
    tx_idx=299   0x6000964f3019ade25f27cd64f0ff739b52a942cc80810877e5a4de05d0434e9d
    tx_idx=300   0x014873c3bbba0d2c2443b599758ac5e0312a9fe45d23e9317669fb96b7ffe16f
    tx_idx=301   0x9167556059145ff42f2b2b9b6dbcaea396d6493c62265f9354c7f5e1da0e4003
    tx_idx=302   0xb17edefc101a00454558443203fbfa71d4ba81e7e3b10e510e305988e9b7f783
    tx_idx=303   0xde05d2018d49d23d4497930b5703c2ee7a31d2e5afbdd0722d36dcaa2252fb5f
    tx_idx=304   0x2ad68a1873cc72464a9001a30902972c06aa248117469331521be1557e6bb22d
    tx_idx=305   0x559f8d02caa53bc757b41f04190360383a4e3bc3b61231d9effa483423b4b4cf
    tx_idx=306   0xa7b30981f513febe6995cb2da896cee55d9907f23c882a4034f4360789344c9e
    tx_idx=307   0x69c87e505b68f9ff09807ced85c528cd9695b7cc1d1c0d941e38391cc681be95
    tx_idx=308   0xd2735826459c888cc11a278cad98c34870a96ce9d33c83f2c6f709af79eaaa2d
    tx_idx=309   0x3fd3a6b9bf6c52db295015913868306cfa5876b1467478846df3b0d68c12340e
    tx_idx=310   0xd327d5f17ff82cafe0a4a953ec02f2c95178dfa552bf7dd82d60e5834eccf926
    tx_idx=311   0x24246ce16677fc6138651bdfcbe4e69bc418bd1f294d15d629293ed7cff1df2d
    tx_idx=312   0xf1bd773a7f250c73db7203a73d67a46ecf50c267a092d46cd83e08eb86db9e71
    tx_idx=313   0x53fb5e2230fc917e7d460f674371a4784322159dcf4314536c908792ab398a4f
    tx_idx=314   0x3030e761474ef31458f6210f01736d602c2ce0a78c64f2f43c55955a248c8d0e
    tx_idx=315   0xb31235e0bb625bbce9ce35246aa38ee4bc5fd59d87fce18d9fda185c1f41819e
    tx_idx=316   0x09f65b6e37f36447553bfaadb6e129ca969780924654566333cef9d3791ccafa
    tx_idx=317   0xf9939f08c15eb240ee92ab10526da2122a0a7fa2cbdb7ff7a0522cd02e69e238
    tx_idx=318   0x5f3d5f97897fbdb94e98c5b23199326823e086ea2e8e53e10bdf14a6c69e3ec9
    tx_idx=319   0xf749a4496dc3ba5bab27e2578e14a5f0defc2e1c25ce1c055e0a770fb082b151
    tx_idx=320   0x20895285cbd71bc93ef15dd3203429180af671ad3da82dbfaad6a4b4f9a55eea
    tx_idx=321   0xd7f3aa8552744ef7da3670cddf0f40a3e7468a3b1c5c21bdc8b998c22e6fed23
    tx_idx=322   0x3affc811ff5689c31ab14fa8c78cb0ab6f9236f901e509fc09070bf0a7530101
    tx_idx=323   0x9d0234efea2b7fb7a865984c59a1e0f5c1fce22687a49a20f86e3a6a4c6e0f2d
    tx_idx=324   0x6da015942e27e89f4331c4ecd6138c7431c843dd6ea10487d25253e51372119a
    tx_idx=325   0xbd9e60f99ce4dd09803121df356e1934bbf10824867fd5d00acc1df937f7b7d1
    tx_idx=328   0xaf0665a288205a57b5b7b474b486652217b6e5ddf26fec329aedf45566c7ac3a
BLOCK 25465323  status=OK  canonical=309  stored=309  bc_tx_count=309  canonical_hash=0xa02f3323df238994b9b8a698cee526987594f9d86fb97acb56f6931e6b72c575
BLOCK 25465609  status=OK  canonical=280  stored=280  bc_tx_count=280  canonical_hash=0x66bddd6d59353ff327179306bb2024a6c49d546255be7ca49fac8a1d97448f96
BLOCK 25466359  status=OK  canonical=207  stored=207  bc_tx_count=207  canonical_hash=0xa8d79ef229dae3dde9906eec116ea01da93601a446bb7187f9fb126a677ad2a4
BLOCK 25468382  status=OK  canonical=164  stored=164  bc_tx_count=164  canonical_hash=0x23ae401c3407906cd888648b4d5035bf8cb7f83b9ad04d353e4e6f30109087b7
BLOCK 25469813  status=OK  canonical=223  stored=223  bc_tx_count=223  canonical_hash=0xdbff594f2b96edf37f5fa7ec4eed9a94b37bb45520d6a702b98d1aab7f59018c
BLOCK 25471886  status=OK  canonical=511  stored=511  bc_tx_count=511  canonical_hash=0xa1e9e19bec9322ba7f2aaa8f56aa65c90de6d7da789fa5a0aff09d9a00c81e6d
BLOCK 25472141  status=OK  canonical=758  stored=758  bc_tx_count=758  canonical_hash=0xecaf6da8d1a9106685e6e43d863d96921e92fffd228f2422f9aef0a28eafca3f
BLOCK 25472587  status=OK  canonical=304  stored=304  bc_tx_count=304  canonical_hash=0xb3c881f516b271df75b63406d806f943ef61dfb8d6a4bbde32495044467704df
BLOCK 25474342  status=OK  canonical=249  stored=249  bc_tx_count=249  canonical_hash=0xcb3f663c21b3aad73e0457265d87a50533bb4727e426325934300219b4f47130
BLOCK 25474532  status=ORPHANED_SUPERSET  canonical=92  stored=510  bc_tx_count=92  orphan_only=418  lost=0
  canonical_hash=0x59ae9f873e4d1feb4a1dfc61dc91505c342ee48a0e99b1825984c403a74a23b9
  ORPHAN_ONLY_HASHES (418):
    tx_idx=92    0x9ec82e39623ee24d8e86bc9e7b793f333943c281449712378258ac77570c852c
    tx_idx=93    0x19839e65b8446ddc2439c63ef26aff97ec5be047cd0960fb09e85cec8a8886b7
    tx_idx=94    0x4de30954e66f918deb78a4d50ec8a9cc38c5675137d62bd5e7d6333cee011c80
    tx_idx=95    0xf331c578133642a6f078d71022eb2490bc92c4cae5cbae144e0ca72fd45d151a
    tx_idx=96    0x3084c4e53e3670c50d2552a0ea4efacf24dceaa4357610af6ee094aeec7caa03
    tx_idx=97    0x87253eac0e6248e13338bb7c07c2395097d6a529cb367083aa0b9d8ad9b66fb5
    tx_idx=98    0x889634b723ebcf9ee7b03cbb4f3e12168b3d5a64061fd5aa11b266905551ad37
    tx_idx=99    0x741cb482e3da68bc6fcb44f6079ccc71fb0f93b34f460106aaeb0c8a65da40b4
    tx_idx=100   0x7ccf46b1bb8d464e114d79fec6cd96c0ca6ef73532459eefad2e7bd40d476701
    tx_idx=101   0xdb580edbcf8b87362360edecd58a1df1a974ab2b4a83129a502daae8978590a1
    tx_idx=102   0xfe400e24a6e643c27efd0e57ca3a4d1e318ca2b310d3df9dbf3444685ee7f343
    tx_idx=103   0x44ea0f1246e2a2d0204b71b27b9dec5509b4ac1a7fd32ccf69c874e0b0fa1952
    tx_idx=104   0x0dc763f28f8cb693111c335e2bd3dcbf2c95b0254dccaa6e82a67f40271e3489
    tx_idx=105   0x98ba90b7b3246980b238bc0d69eff6262a9f22dc083e68c3eea41982425e508d
    tx_idx=106   0x882bc49dfa6a69691df04924a383cb55383a438b31f828ee8eb219a6ebb37f22
    tx_idx=107   0xf7a6a98c23cceaa30d42389a7e25cf5946795085b251ae5c001000e7576fb63e
    tx_idx=108   0x89130c1a0183a7d4c25bacb8da2f873e78065aebdd9790fbb7cba5377a86ee30
    tx_idx=109   0xdee2308ce5d4fc0b3eab422db2d5faafd184749244adc68f2c42688ffd3d3516
    tx_idx=110   0x81d03fbc5426c3a8361a4b1f77f8e819ec06b1a50796d80710ef912c80ccffce
    tx_idx=111   0x6c50eae4e0082fe23ceaf2e8feb2fe8418412b0cc2b94b9f24b3bc52ecc5b511
    tx_idx=112   0xb9bca9be17bd9c951bfdcff897f9547958455efa014558850261a1c7c85469aa
    tx_idx=113   0xba674eec7c07456e60f673bd197412979623a38d9bc1bbc1bd5bf5faa255c7d9
    tx_idx=114   0x1f426f6a2442be995d8b31f6225ff3e8ca49a5759e6f032f6d8b09e029779c93
    tx_idx=115   0x29ae9ca5a147d84e1eaadb4c0e6740b1394291d4daea8a501968e747e588d012
    tx_idx=116   0xd119f9f70bf6bb07ef5673a6d0e906268bb1db9d9f60f33f0ddd98800daad724
    tx_idx=117   0x2a76252b7ec11bde9587cbbec2cacc2dfc8242bc465547ce909b5e152347d05c
    tx_idx=118   0x6085000a99f415c3dc55d3261bc39d106f11def6b9bc17b0a7cf75a5d51751fc
    tx_idx=119   0xd8f713af6c3cd4c0f13173bdf990cb23ca9b36a842ca3c1d0cf39eb7b0feced6
    tx_idx=120   0xf34f89ba1726213ded1d9594fc81ebe8cbf9318de7574d0c72e42fee2078435b
    tx_idx=121   0xafd8ecc1ca5eea1e8357cae47bcac2636f977ee02b491b113ac1e6f5c645ff7b
    tx_idx=122   0xef60543c84a36de1e3d7317bbd41806734aa285450e7a571229fb710388147af
    tx_idx=123   0x569786597203cf2e3d3878b6593ec269517517febdc8ee09fdfa0206b42d54d2
    tx_idx=124   0x4806de1b3b17e6cf5e56c2c97f335b4594d2cfe617d65d150b11f1f254a51d94
    tx_idx=125   0xa19478003bd01f2aa16c2bf9e13909ad64bde55d81ef9958538bf37713b9955b
    tx_idx=126   0x74b3b368d9c86979bcfb0032ada9ac9db7ff85d1de7534c5d3eb7f3d4ef9d14a
    tx_idx=127   0x39a2caee448b6e402cc9b4fb992dc01f13066987da18f242a422a2c705520365
    tx_idx=128   0x130927cb706a509640aa43f3fee85a220a03597c205089508928c910a08d3210
    tx_idx=129   0xa6b99540b71b85c672d2437baf9951bdde4c99a3889a9e8c84b1f466671dab49
    tx_idx=130   0x75dd72e821d3c8c6992a1577ab12c570e1140fcf837de18b365affa7ba5fdf64
    tx_idx=131   0x728edcde92bdecb554810640f2bf2d97a8dfd6fb6445b84b66831dbfe9f85fa2
    tx_idx=132   0xfb2c925aaae7f40d2d280d4c9749d3434bac704e498608e630a2db61bd13941f
    tx_idx=133   0x2478f21576dadfeb0aafa1c2ed5ab3012bc40b7c981edbea0eed24303eb87717
    tx_idx=134   0xf1deedb79f72fba460c2e92978b2bb3081e22d090b7c53ee8d5a13e6f0d862d6
    tx_idx=135   0xeee17efc4be8f7494fffe9cd3a401089c53ef93351fb39ddeacf2ccd1e47a33c
    tx_idx=136   0x5385832f53229e08d84e795999885c8c4e17418019ce1cc73ff87965744dc1b1
    tx_idx=137   0x36150d54ab79fc52a08778e6589026c7b3949ec3dc1b5a4aaf1718217a361f56
    tx_idx=138   0x7f1b9fc9d26f49b7425326a16f76071bc197fa425621c82cf991e9cbc3663bae
    tx_idx=139   0x7f26c444c0c8c13945ba4c30be9529c65ab32a047093dd9dc50e7282653a8381
    tx_idx=140   0xc8c6c788487951cd841113e969635c78be0ebdd36a2e502a314b393c5d5f681a
    tx_idx=141   0x285c64520960bb3f738cfc6332148b234188fe3be84d2a58da896d2a81c026c7
    tx_idx=142   0xdb3aa2ccc1edf9a756d75f64b6e732e7af4f65a7e09037edb76f56c67452b588
    tx_idx=143   0x6b99847c01ff3f1e8721f159669fb0199d0c9d6a50d27873e2c17120838f66bd
    tx_idx=144   0x9c78c0b8438f3cb62ee2dcde4d5b5c337d816351f11e9833da64df65e28104fb
    tx_idx=145   0x9c0cba70aa5a66c121d754af3787feb00d52299377d6ad097394b074088aaa59
    tx_idx=146   0xcb3df42d8820e5898e826977f5f36fad1cca186b0fb3b58c43598cb408ce99f6
    tx_idx=147   0x057c9b29610fe73163360b22f42f6bbc337e33ea970bbc0ca37df240a8a9b9a1
    tx_idx=148   0x17c9d4627bb24cf7309fbb9a9e17eb27dc020a761df78a193c5c23c021e96690
    tx_idx=149   0xccba742a9fb0e8e960d5b160295daf17f42cd55819a01ab7618dca5c04e46481
    tx_idx=150   0xfaab1a60d96f7d2e1e5a17951809c7fb7f7d7e0b80837be3404447a107edd92b
    tx_idx=151   0xce4d8288924fccdcaf9233b1d790f90d1d2c3ced263ddaa26c8d6efc30d78791
    tx_idx=152   0xaf3cddaa6bb3ef38bda6315090a0c621745206c7bc48e5fca07c5309daa67569
    tx_idx=153   0x18ff68decacfebb586aa9084aa6af6405db67c4a42a4dddcce8046813f53c80b
    tx_idx=154   0xc540264adbf19cf6ff9cc0f098d68b374a5c60692803f82bfded8eaf3e3715f7
    tx_idx=155   0x2be6c81352330e2651ec0da11450a2555dd4d6a9e2f8eb8ff106d30a67c78ed3
    tx_idx=156   0xac819fb115df421e283ba859828dd19622ad018c81748756d7e04159c3e994bc
    tx_idx=157   0xb1d19f083171d52ca6ee77f8ce2c30da28d262633a30092313b3145c7c664374
    tx_idx=158   0xc6dd560d62538e3bf2d2dec0c072365a3181b83f6a5a3d3abbe37b11ee855a0b
    tx_idx=159   0xc1bc3490954b8f7f69028ca5d92fdfcab8d893e636741787aef21560556a111c
    tx_idx=160   0x32016531cd11a7c166168f9c1963b3bc9b496a4b28dd37bdd6f7a1b5e13126fa
    tx_idx=161   0x0c47fd82e623288e4b99bbe33de541bb1ebe40e553d5e1a856446ffd19184563
    tx_idx=162   0x0bb9ca8facd4f68967f2a2cf4a152a9ec15a07496a7e43bcf18e74ad9cd69191
    tx_idx=163   0x30384b3e10d54bac1465ab60ef45b3d149f003aa0411140381052b305a8310bc
    tx_idx=164   0xb2d499d9e9b275b32c8c6a095ddc1430a3847e405d010388b06dfee3afd5a9c0
    tx_idx=165   0xd9c0248241ce7ff0ad3edaae3da494cd04d2d302607dfbb5cc7f4a99d55427a7
    tx_idx=166   0x224733f4af119a7ea7f22c76b175e6b3282a31dd9dbe90b675fb6655d32c09bb
    tx_idx=167   0x0e265ddb3cb1403bf8108598d3650c88dec31fc2add44834a674376125dc43f0
    tx_idx=168   0xc760a96edd421443bf35dbdb0a938d52dec74166b6ed2093c8a921344a5eda32
    tx_idx=169   0x38ae6ff02d142c38a2de4252df394fb07edee41e3b297e59662d84da8ecd39da
    tx_idx=170   0xe154b9349e589e8b2afd89313a46f8755274b0fde15b29996ab9fb4ffb260a0d
    tx_idx=171   0x4b11be17ec4e71861ff463abf46076764b5f6846fd1f089eeee9cdaa15b4cea4
    tx_idx=172   0x729afe5f238b62355892c6848b99c84e75b59f320643aaf2055fbc70dd2fd9b3
    tx_idx=173   0xaf953e0a07b2be7b1973ada65fc1c26e1c4e0c3080fa2dc386f2338e5f57c2db
    tx_idx=174   0x16d86a23546f63a63785af70c42f036d86a33b4b2f40b815a7223c9e17edb326
    tx_idx=175   0x7bbd48afbd5725fc67dd65b36a52d27685821213ea6e5da4fee5d5331e1bd6da
    tx_idx=176   0x2111a65c8729ffb49b4c429e52ad21dacebb03e8be70be4b91e24cc47a529ea3
    tx_idx=177   0x94eade82aa6718261da3ad0ca7f5e1dfaef976e47830c988fcc18d392bc99008
    tx_idx=178   0x816ccadebee81a379efa26e2f08b70af0de2a69f375d24c6a0b74a676450d705
    tx_idx=179   0x26961d10f36053f143d3fb36a89e8ebab782bb98b808d7f694e91ce7e5a8c560
    tx_idx=180   0xfcdd2badc924f8076ccdc8258e9f44e310148d6730cf2f7c206e71c38f384859
    tx_idx=181   0xed6e212084ca56e21a518324ba9975cedc6d7d87c595f915e83015be613665bc
    tx_idx=182   0x236d0f6b02c9007bd647d9df87d2f19cdb5d77bdf6024df38cf12b8a2693aba3
    tx_idx=183   0x6df86acf5972c0579c844db1dd1e923b8e1d79ce738ba53f78368160df854cdf
    tx_idx=184   0x44fe1aeefa85937dd40815d1104a34a2f04ad2905794c7f3eda0281d80644f0a
    tx_idx=185   0x9ebb6a89295978ee3601bf7ab77e54dfeca1e793cf871c77b147c29091cc7be9
    tx_idx=186   0x1a84b4c669b0293a79d92691d022ad25c0149c61c7998bf74b064266b56e2dba
    tx_idx=187   0xf9f9d2e5e98c3e28889268c794302e563cbce00a499ab7953d7ad207d148dbf9
    tx_idx=188   0x96e136b31be2d5a5f1e4ae1432d107ad0ff9ab3d71601bcf1424c989f715863c
    tx_idx=189   0x83ee5d834f1b13a13e271da860850bc8c5426840db9bb845fcc12a38263dea34
    tx_idx=190   0x168bb89ea693633a397dc5123421c5f32c5b5cc128f69b749b5db9f28194bf5c
    tx_idx=191   0xb70613756758e33808cdc776acb3f1b8e3681ce88a86441837760fcae9335390
    tx_idx=192   0x2c400b33443abcbad0c844c85c449844164456fbe352dc6ea26ef957d37081e2
    tx_idx=193   0x60977e9475f36decba11873b76972b7eb8ef1170cbcb37bcad4679b81371a2e6
    tx_idx=194   0x0a197647295679c9649c0f5fe0dad56e69b6012908693c393093f348569eaba5
    tx_idx=195   0xe976368ee80e8bcf6531449f740f91fb002dbfe092ee406f2a0dcf5aaedddc3c
    tx_idx=196   0x55743962e338bd625692e5bd0470b439d9c800a34a76b3567551f453c1fdd1e7
    tx_idx=197   0x89db52a3fbf52895faaec291935859453c1880ceabda1bad3e093d622503a78b
    tx_idx=198   0x7a2e9eaa45cdbc7689d72d0cb421473010568542f7097331db35cb98d3225299
    tx_idx=199   0xb41d4188d4528a1446b97b60d123d8e23a8414045684acc4101c81e258f92104
    tx_idx=200   0xa1152884d982d842806742664681f39493feccaf6d5530811db260638ab1b3e1
    tx_idx=201   0xec1f16cb861068911ee5707036a74f33ca7f6def2a357844caff401ce9456202
    tx_idx=202   0x5b09d155b84fcc1ee5fa96ff499b594a9682ecd33fc461ce2c4d82d7a952e717
    tx_idx=203   0x7e4dc87f41a291dcd2a4349d2cb5c8a70f85025c55ff1bbafc1a10841630088b
    tx_idx=204   0x59334d4456a8268a38d2376f0df406cbdc668b3f51f72d722b45a65c2421560b
    tx_idx=205   0xc194e37a0e3883b62873646d64862b8c8f6bc416e9e90f3d91c6cb0d3a17b5fe
    tx_idx=206   0xc12f35d9678d433b8b3ac1343007550459723f7e77c6af43d897616dce350b76
    tx_idx=207   0x4b79a98b23ae62920ff52318e27dbbe30d0fabe3612332d9465d1bda30c2191a
    tx_idx=208   0x0fdc195933dcb7194bd2f20ab934f075b3365cb91b8a2a5880aa8b95c7a59be9
    tx_idx=209   0x092ac79e6f146cc9a91dd37db4b78a189cc37f53e4e26528840ad214749a526d
    tx_idx=210   0x140d3d1f9a1378c73e48304d990dac0803fc52f38681c741a563ab65098e1839
    tx_idx=211   0x481c3414c3986ab490be134e53b8b6e5f888910182f159288e631e06cba81e52
    tx_idx=212   0x96a337477ee9b838a3a9b11b1dbb04fb147b2701f9a8ec260144c9a78a13fc41
    tx_idx=213   0x8d7718667fdf6ba3b8f19095143b3a1629763167639e9ece6366827e72dbce58
    tx_idx=214   0xc624c5cb7cd4906cca4cef872db92538034fa5c5621754ba4410957c6f7b9375
    tx_idx=215   0x5104f65bde0ca5a98ef0644d6cd3ccc6a1245087f71e137c929cd5410e1791e9
    tx_idx=216   0x16e9df4f3611ac1ed602924543a19f97fe078c2be5ffd2850349c43aa8cc80f8
    tx_idx=217   0x4bbb3db5974bfd723f97fa67bc7d5e7aaf3d2090b6e8b3a262b780cd67cfc8f8
    tx_idx=218   0xe02b8f6e89cc9dbf4ae20fbe0a1f81744d955520962f2ea3e3347f1f4b193a1b
    tx_idx=219   0x8687c63a011cc46c9868d7573461d5f6d660243b5f54d9f0c912bbaf085ab78d
    tx_idx=220   0xfe90092592b8a42aebeea115bf76ad8e02298ccecb9798e02572834b71533ee9
    tx_idx=221   0x18a945f7fb3ec4516f8f75a47c557f451ce4bfbf2b5677a970c18f247b6de4c5
    tx_idx=222   0x5a42b54321b2cce2c6492d249f95e70e6c2e9365eacea5c11f94439d1c50159c
    tx_idx=223   0x20a94c03c04ffea0fbf03052645950dc320d17d1b62c4917248f6bdb322830e5
    tx_idx=224   0x0341b8bb152dfa64a2b76c1a1b4cea3dc924a22f82895c6f3616724d3bfcc317
    tx_idx=225   0xca401a12f5be5156049f7702b4431e0bfa325e7c586c0ce5d2171edb4e9d4b21
    tx_idx=226   0x6dc6d83f589ee46f565cec6946289143de1870fa1167cdacecfb29056e7c5a82
    tx_idx=227   0xa8fcbf018eeef782a4c0bdc98066355c703c8548a056ff12e17d6953e93451ba
    tx_idx=228   0x3de057eac1b03c1fb483df3192ef165a113f2db4b2b14a4925b0c9f0f03a6d01
    tx_idx=229   0x319550ecfe6bc85f3025ef8bba3bf83a99daec502119209ac5819a3c210daddd
    tx_idx=230   0x307b77f4103e9e29903eee56a5a82357adb24eb111d0b93d6fec9362ecdc1680
    tx_idx=231   0x5e6d123532a9181c52fa5d6ae1861793a6e0fd17696ab172e51529e51389a601
    tx_idx=232   0x7c034eb6ef3fa9fc67c1214b511597d6893c75c84d9033bdfb339774937d5a8b
    tx_idx=233   0x473a8e541a2de49b09e2a047b992c457aff4ec084ca9807df37d0dc725bb3595
    tx_idx=234   0x26a1acd68e21911be05169d1430366f9af9a1ee1cceb4ce21eafd104cdb543d2
    tx_idx=235   0x38cbe8b1c97ff5c1c0d431e279098be04beff819c3367baab84b435a9cda3ef5
    tx_idx=236   0x9f82ee1373cb08c19b508f36551d186335fa72a12bde241f0e585342debc921c
    tx_idx=237   0xdee71ca4677c34027e6976f6f5a33f12f063c39aa8ed0ea3f6f0ae09d8759c88
    tx_idx=238   0x60bccc9db1080bc58961b95d538fcf849f1402b3383655723e05fbb7fb5dc6ca
    tx_idx=239   0x023ac486dcfc191beb2ba1b8fca03b9ab4b116681b6dec703897df41e34159fc
    tx_idx=240   0x33f6df9075288159f66403a2b1dd498b11dfd4c8d46f5641f2ef60f8fcfe7326
    tx_idx=241   0xdc7dd133b00d67a1f0bfdd043862dbc89d670f10c9b4ce733f8b70c5675183cb
    tx_idx=242   0x386a76c310383f0a25dc3b0913d224527b0643b94cb1cf1bd1d1462f848f4c12
    tx_idx=243   0xe6fc9fb87e930c180840cb2b119eaf2b9d7034aa9400c47aec26faa83490af8b
    tx_idx=244   0xba2a28ba7a80c887c2a196981502031112db99625949268a1a2007f0bc14ef20
    tx_idx=245   0xf629ef6300b1f2b6e1c90911d5beccbd74d994f77aade5c87a398dee085184b9
    tx_idx=246   0xa5814496eac0117d78b780fcb10b0fccd7c7284cb5d8b4915b3ed5df5dea7731
    tx_idx=247   0x47283422d0e17663edaf0d1f60d4d6fad1df88f0f24044a5e459ec8ab1b625f2
    tx_idx=248   0x51e8afcac5f8cee94bf007ba545faae7f0bb0753c8987d8883dd65e4872fbfe6
    tx_idx=249   0xe981c64c4d1936b2f062b38bb89d51fd4a081fa525966365c6f1aa217e5df023
    tx_idx=250   0x77303ab835ed304931fbdb25268ea393c5c9a85e957fa98ad9fb62ac16778db3
    tx_idx=251   0xd0e991da4db6c77ccbf661504cb9eee769f85a8ecbd1bca0552647fed6dd31d2
    tx_idx=252   0x8795b9527f37f9946246984c87863d01bd53ad0cbee20fd6d6f37ad5cf8a32b2
    tx_idx=253   0xb5c7e9161a9fe138cda28accb9623a54bb8765e612b04cee196b1c27251adbd1
    tx_idx=254   0xd752e01be586aa0eacbd3279223a3650453d948d91f8504508e0cd6948252805
    tx_idx=255   0xa73209ab3e6b3ef167d4d0b537576e3bd6b5d25701ce105a5979435b18c5b955
    tx_idx=256   0x70449bf41918b9dd68602b5ffaa1616fc882d652ba2b8aa8d1b15ed8bfd639b2
    tx_idx=257   0x94588ffd5aecf3975515c2aada386e0ee9ecfda1e416c4f1092b1d9b4fa38e9c
    tx_idx=258   0x0e302b0ca30357703a3f496f712a48ef4942c8ff7265b9013ff57e90dfdd9ed7
    tx_idx=259   0x3e916cf6fb6094e05ae9c309fd5786e0259ce2fb83817e8367863f4bd4b8ff30
    tx_idx=260   0x5e26b081b0b876eedbf23b7f30bf6df50b5ce878a54e32d54481339f92faa3fe
    tx_idx=261   0x2456a08a37cda1868d0bf03a8f4647d67daa65badaffc46f019d7c8c57736d83
    tx_idx=262   0x4a7b4d028cc9816c23b0fea7cec3ef7efb26aca9d6296c539f2643617dd0fc75
    tx_idx=263   0x50a4ce6b0082ec596b9a1fa151ad22ad2a88989afcbd57d5b19d7d4c7e3258b6
    tx_idx=264   0xa7dd10fe312abeb08064dddd157d97389e7116c0ec4a574421a7eb20c4945440
    tx_idx=265   0xed520620182897a31369e2d542d61d6ce55f9fb93086ca31f9a21002cf137062
    tx_idx=266   0x4726982a5f14bd4e1671298ad58234671db18c5e7519b2e9075b482f2d80d74f
    tx_idx=267   0x8b03e131a559cb7549aa42225c4414560236adb965e6e83f97ebfbfcf6099ac7
    tx_idx=268   0x1cf022e1e4a662e0d221d3a9bda90a15e5ed79cd58e1f72524036ef4ae591f7e
    tx_idx=269   0xa6200c9148a78db1926b90403aa2e473db48e3c1f75971160cd12afe0b364dbd
    tx_idx=270   0x7975a81b67caf684756ed5ffe5831159600f00dce2109ad28d72a34b047b28fc
    tx_idx=271   0x031cea85e337aef08f4bc12853b009b41cb694c696ba82fc954a5b05236bf15f
    tx_idx=272   0x9b9f9e8394f78a2495d66643d7c64d6624438c810e57c160aa0c8d47d8e61587
    tx_idx=273   0x361363d70ffb4aa34c0acfd3a2ad3a6859d67f60f4538aa054df9db7a06577e4
    tx_idx=274   0x22340c85feb4d91dd0d3fc7e6d9a0220af084d79a120b48d7285a386c52d574c
    tx_idx=275   0x30ecd8912408a5f35e8eeb04ae19d1ec46fd620b3834a6a4c5ddf16cf2e416e4
    tx_idx=276   0x9f0e9be75d97fbdbcb2e5bac4b3ca923da77d9251f142e825b984db760478ec5
    tx_idx=277   0xe241e639de66cbc0e9a2d0d4800bc84007e8705575e9c50f5c5b171816d04569
    tx_idx=278   0xd46a9d9fde1c899049202e844e46aa39d02180ce43a3afd1ba55af259725b457
    tx_idx=279   0x23062a9d38a269a1c5f65275aa094e287470fa3332db50b5818c64930b446f19
    tx_idx=280   0x496337fb403a13e198fdf0b9cff8f614c5f319b71773e5ce1fe27623aceddc60
    tx_idx=281   0x004174ac16e8b0f4e961fb7438f98409b5e89274df6dc3b4dc982d58769fb945
    tx_idx=282   0x03c8a4df800f215b3987bab2bd190ad7a35f7f57b7d78752ad04ed21696e85d0
    tx_idx=283   0x55bde647977e4e1d3768f1fbd37958b10a0b67fe5614c81edae1ab72a35a1d58
    tx_idx=284   0xabbf6b389553f5abf8d8da829a002a6f55e196d358df54098c131438920b944d
    tx_idx=285   0x01e61ebd48ba5681dbd48e20acb523f536c4e4d4a37723374ccc6e6bd9ad34e5
    tx_idx=286   0x42355923741f873dbf823b49996c6eb96e38572d394d3e5fe85d74d32dd054f8
    tx_idx=287   0x44c1ad4973862334bed20a05bc55b8a0e64d172328b17ef20bfd8772348ed58b
    tx_idx=288   0x2992669526bbd115e73a42b66a4020075c949bc0d218836c7af25c6bc296ed2b
    tx_idx=289   0xce70119119aebc1670859f6369b667fa0ed5da57393579074b21ca0e0b59ee93
    tx_idx=290   0x3a876e34bdb41294f349893ffcb64907e5e7606354da68f76be0358a55c38045
    tx_idx=291   0xdd4668881e9d6dc9822a72e860f731f6cca21f23f74a6fa50ca340347cf31d28
    tx_idx=292   0x0ffb5083691bc194236f18ba239fee9c306eb7894f748a01725c21dbbb9f3b93
    tx_idx=293   0x29b8415354ff9de9481461d33599daeffef9b487775c4220511aa9cb4cc628de
    tx_idx=294   0xb6c7bf96597cfd29a1f9fc2e9cbe96ba57e4b751debca552120ab5af66937689
    tx_idx=295   0xc92ad0b3474c8f79779aa2d3c880fa22d49cb1ba0916fcdf3158190bed69048c
    tx_idx=296   0xac60c48a74f3703238f83665f7a24341f143f4390b9c1d87c6b1593b5803bd9d
    tx_idx=297   0x8c8f2e0eab6af9fa7da761078f13fa779fb9b0cf01058476c7091b1833c11339
    tx_idx=298   0xecf6ac8666ee312b2b9b0610e415ac29889d3a7ae16853537c52112e3b45b25d
    tx_idx=299   0x47abd081ce5476eca64265cb3185745d4855d827b5f5ac9011b5d3d37c2b9325
    tx_idx=300   0xb2c4692e0b9e639c0370cc5be6190bd5de06cace9e0a8bd66fd0034d3d731175
    tx_idx=301   0xc528ea112e6e260343f02556ebb32841bce34fd4f0c00b04be4db92a48bf94cf
    tx_idx=302   0xe50b7e8365f1069071eea68364049f5f665ee025f6d1081fe623dbd37d5b907d
    tx_idx=303   0x0fc5659c59e62ab72f8cd98b12aba9c4d132e3eec56be3333c3d4572f7daaca3
    tx_idx=304   0x10db8ae54db488bdfc747ed548c84a3aae2e57379c35022ac46d40a7356c055f
    tx_idx=305   0x1c3d2f8523d3079e32652924a3f5a78289902a6e0fca622c9bb1857d1307698b
    tx_idx=306   0x3c7c91a450125db07e2004c4de71b33998333143ccb281e6a39bbb7e023e1700
    tx_idx=307   0xf046520752b81c4bf936fb323e32902381e9dfb6b7195b84390a4d5c072ac38a
    tx_idx=308   0x10dc8a46b64120799a2214cb27b844e2b2878d6beb32a29c1c78252764c80199
    tx_idx=309   0x8a9a5daeae7067bff389254108f3d8ec9d6e36b12bc887e2b4db670427c5c046
    tx_idx=310   0x8be019bda2a8b2f1e2ed29429a3373477619e50d2fe6e10710e3304fdbe36971
    tx_idx=311   0xdaa43746d47405588908326ca7d4337e081155eb53a7bc99750acf9385583a5d
    tx_idx=312   0x54f93c178e5fb60284a95d753155b30e245fb251024b9b4608cc3fbb7f721372
    tx_idx=313   0x8414cfb5b02a218dbe129867623fb00e7e24a19760415ac137ae7e3b2a7d6300
    tx_idx=314   0xe0f13d7e9968309b07bf8813829324231610ec23f6d82c92ff1e79e30a57a608
    tx_idx=315   0x70aff7f02063e75cbd5a0854d2f0a9175c2e7e898b1f10dc2f8fa3928b4f695d
    tx_idx=316   0x1672912c168b73ddabe65d55efa5836cf6679fe58dcb965488e817b632a2f96a
    tx_idx=317   0x55870e1038b64aea1f2ab66a0eb75b7d92a8de3e498a0ef5a87f2f6d46bb4156
    tx_idx=318   0xf0a154174b764d005c8b7310caa5986373adbdf11e9c7aad62d43b47135a674b
    tx_idx=319   0x985a15b9f5ccd6b0ea498e8c1a47fd87f71c5853266029c3e83ac7395858e252
    tx_idx=320   0x1be9720aaec5941b6df3ac0e37b9b17cb59322384bc63f015834071bc542576e
    tx_idx=321   0x2c8d9efa9d260be11ca2956fe1b5219252462fa3e7958066acb8835d6b3556d1
    tx_idx=322   0xda5bcdb5e9fd90ac74fc5b42927dadc0a8df193435a539cd9522c4aa2a38d519
    tx_idx=323   0xfb1bccda6d3520c8e91af6bf5beca1449abe399328478ff228e4ecc2619d2c26
    tx_idx=324   0x13b3c9079494c1e8769a5033e95ba73372dc870afbab075b313c7655d27759bb
    tx_idx=325   0x0affda4bd455783ad1f29503a6e468e8f12020a191d680b64d42145b574b0832
    tx_idx=326   0xec35d4278c5fd7786c740ba9ca5f7ffa92864096db943268000b9716e8bea57a
    tx_idx=327   0x1082c10be95e53b9aeae0de67353ddca65d511c0b94933ed450fb3e9396c59e9
    tx_idx=328   0x2a3d1462292314fed837844e5e8e65d495090637a6c6b7e0288fa731a4a0662a
    tx_idx=329   0x716e957ac49519fd76bc4dd14daef9ea9dad0dd98e670c8169152009b6be2992
    tx_idx=330   0xdbdb28526aec4fa4e8f0e9d641213102e3c53024c488102184e2a2b216acf6a8
    tx_idx=331   0xcfbcff53654e7e4b2aa8f11a4b1cfc6dfabd0f6b5c41b52fa28926d3384ed05d
    tx_idx=332   0x6f04c5760be1b20fd11b7fe93d010a21b3a74b50537c0b5684bbdfa82ccd16e6
    tx_idx=333   0xb70788d579b43b4f1041cb32575a8e8540bc297f686c391c5ab4471888c6ffc4
    tx_idx=334   0x78837b58e71d4a72df9b9f458b6132af95ab53851e85f14627973ab0c9ab1d61
    tx_idx=335   0x3151601172ea211fb797c31632bcf13b90fe31c3a93cec576849a8f2e6a2e0de
    tx_idx=336   0x96ae7ec57af3e3d857327b601bc18948a35cc9d2828eccdfa3ccbeb68bf22254
    tx_idx=337   0xbbda6067c7d3e872aa741521408dd818b46c483c2fb3abd14a9c3d527472d330
    tx_idx=338   0xbaa24b6549b47c333679e8196a8a576ef1179a05214c3d0c4462a6ac2ef17788
    tx_idx=339   0xa96dff30bb8dd1f9a0725b64ea64da2f1677e5bfd76091db2271fb3123b733e9
    tx_idx=340   0xda24cf1d106e6b720b0493ac425adb11b9bf3abf8b51303653ce9ff3d5af4592
    tx_idx=341   0x2de27ca6ca1a9c0490adbd6687e2cbc3ebfd0648d3b6f99819cb257572b335d8
    tx_idx=342   0xd1dd0625826a0e494a4df0d864dcb34fcd5cc5198de6344aed833ed1dcf28c37
    tx_idx=343   0x3f303c15fe2703660a6505084bd4785b440891260849d5f5abd4d1346d69e078
    tx_idx=344   0xe6af625385942eff6c6496f80ab75750314bff1b314bd1228ea5a995c3ee4173
    tx_idx=345   0xe9f1d8d2f6ec1e216ee5f407f1ac0e7a479395a1339237b80f4605649ddf553f
    tx_idx=346   0x093f44fa6e7340fad4f6f02a89a34c408ef096a12bbcd0409718391784fb638e
    tx_idx=347   0xdd40351b7edc787676cc010582ad0d10c01bff52263c6886a1b6d3e1df0b0691
    tx_idx=348   0xbe8f94bab41d72f7e2e27db3d95de17fedb1bc3a2c1e20dfa6bbc6fae0fab998
    tx_idx=349   0x734246035966b27f2edc1f538d35a6a3bb549b766831d8c66c8cb100121ac3b6
    tx_idx=350   0x351b83c3fcab85a00be4f67391a405bf64a2ec20169d10a72d64d7d29cd0ffc0
    tx_idx=351   0x74af3925651ed02ea7a6a88bcd4fc6a86771adc5fcc9902a6a404c415e724beb
    tx_idx=352   0x504abbdc1720833036f5bbf696875caed6fa1a9a32fdf09f848bdff1b9b0674f
    tx_idx=353   0xe5c810411d9e81889cb13bda72bd7c3ad531ab3bb13df5ebb6dd1724d0d0520a
    tx_idx=354   0x3b59a17c63d86779d9d3d780f16e09fde05a5929e232224039a7aa95f76330aa
    tx_idx=355   0x35da0cbcf769f989d2fe32b2e9f8f99e521be52f6a65952de8dbdf85a3b12220
    tx_idx=356   0xc1120fc0ad5727eb45fc1b6cf8461d2f4399d2b2fa67fc6f01a67b7d483ef832
    tx_idx=357   0xf8351bef2a6fb7a0011a2cb0048c2b1db1285616a4cbce88da1584800c1dc698
    tx_idx=358   0xa7e5349cecbafd97d758098b1e728e79197554bb891940e5afbe5ceb56c7d86a
    tx_idx=359   0x3d68ed292c97520b37dc57a38f033b106a776cf8508d1383f27a61da59d52c69
    tx_idx=360   0xdb60f1e3ab7f0f9b4f2c144abf7ade215cac182b8a13cb152c9cb24c1ee04a59
    tx_idx=361   0x40f56ebad3ef25949ccbc8a1ae9cc13f9fa3c320010d22f405f1047bd56d65d4
    tx_idx=362   0x9a492edd143d29d5d453bfb925df6fdb52669aec6fd63b4ef59c3c64d2440187
    tx_idx=363   0x03faf3d2675cf56fda738d2220280e3a8cd264f492c76583c75024153128f2cd
    tx_idx=364   0x39a3ec7be89f65c6925bb8689f5ad3c55b868882a62f9447ac35f6f4171fc9ff
    tx_idx=365   0xeb16739303867622d8940f032d40c9bbf921d213931f3e8b38c42f691df6e263
    tx_idx=366   0x0589e61e8d16dbc5ba39af8fdf932f759f14dc829cd9ce86ea79deb3f3781e04
    tx_idx=367   0x8202b4acc446ec5a7503eab1e818272543f1e316fbd5144ff3fa3cd71c9049a1
    tx_idx=368   0xb36716f901766417f0497b097aed668f331ba775846fcc0cbc8acdd318e4d377
    tx_idx=369   0x7acca6cc2358b5faf0acffe8365272282963515cacc08c7d9f1957f4881b6988
    tx_idx=370   0x99b1ecc308e714ef74736980883cf3a6e6515a403ece48479f8a4f45387ebb91
    tx_idx=371   0x8e0d0c7847cc754dd4315a1df6b10bb1776c460f4040d8ceaa4f9ecfcb0a70e5
    tx_idx=372   0x78ab76010443df13d3f033612b218f9ccddec43b94c640a4586d5c3a0ed7f437
    tx_idx=373   0x1060b0a5132e335ea2ebe4542a21d166c8eb39484f9810f315a07df33527a23d
    tx_idx=374   0x3ece6e0fecce999904e842710f79aafcfddb1cb939c57f90e08c8bdf99336d26
    tx_idx=375   0x3aec68becede924106c705d57505f4dfeaa593f51be4a83630148cd853ba29f0
    tx_idx=376   0xc637fead16efcf9a15617e5c03543d101027bdff34aa2c699de2d1eb82faf9b9
    tx_idx=377   0x66d4ec8d8e9fcacc2f8dfc92aa85c9428ce18ffd037bd53a83519261e12644f5
    tx_idx=378   0xeefb5acc097cf14191d2ccf2e5550c188655360f72c313c5f8c5ff014633d4ff
    tx_idx=379   0x4c91348b2e241f171b7b818f275553f63df385f9a12370afeaa18e3f4ed9bec7
    tx_idx=380   0x394055ad4a8f46948c64304ee833e696376e0a599deaf6acda72d0807c0bdff7
    tx_idx=381   0xded45aa5d4398fd5f568f10b1558f5561055a6a7187d79f57df72d9be4204fcd
    tx_idx=382   0xb783ee8ff6606d5072c0b426a388936cd7a8835579b2f5c58ff34c517cd92dd2
    tx_idx=383   0xe22a859c7cb5371a32a6623d9d7e0e587ece6a9c8e7a9607bcfa0025468286d8
    tx_idx=384   0xc18574dc66156933009351d57aafac67f148ba05b70aa90c7b04dc34e8e29395
    tx_idx=385   0x86b32935b86b41d73a9d077a9e1967bf31c26db3cc50b9fec7c4579fb8d8e530
    tx_idx=386   0xee4997b4d0424aefc4de40ed95528dc336e72b6d1fe4b11bc7466991f91217db
    tx_idx=387   0x82966119a76a0501a885a3c2cc7b74b656bc49602b6326dd4a53a6ceb216bec3
    tx_idx=388   0x0dbe1607bb4781460d355c0024ff37242b2d449ac87f19fe57531dcf0fef938d
    tx_idx=389   0x93226990019b33a8d6ff19e61bdbc79b0a10a25b3b741183eb4c33162d492aa2
    tx_idx=390   0x2633f82f76c41e741df06b8d4d7cb246e2a2a1aa67e12af20102f83ccea142d5
    tx_idx=391   0xf7a39921392386eac0e399006b7023ff9a7f1a80a9059e5e97f0f824b1f241aa
    tx_idx=392   0xf15f2749402f114cbe5d407a45ce1c80ad4fd05ed1eed4c808f03d22502426c7
    tx_idx=393   0x9f61ec0a367941c44139ce9a3fa358a7079f0627f027a52dafe8cb473120f6ae
    tx_idx=394   0x9f8cb19c2acc781bc94181a96898575748280f362ad96a18ea281fb42a976e00
    tx_idx=395   0xa9b7d5034ec63a89bf114ede26e6b35d99b8e5d06bca194d575926908dee5d29
    tx_idx=396   0x0a4711b3e593ad7a368855ae00b30a8cec430fb4e44f719089aece3e1efa5a1c
    tx_idx=397   0xe82a9054d63ecdaac845a65e52b1aa3097f88ffa53330ea792b118267571f009
    tx_idx=398   0xe92f99b9c2f22a7be8a21991afec9b82678b5f52c66341d66195f45aea0f45c2
    tx_idx=399   0xc2243faa72f62f0937083794e6707902d51c1e3e7b52a8227b2d8b91ea5489e2
    tx_idx=400   0x4ec683caa5350c653001f259dadae9e79c9299cf4b8ca0a5736f77283a294807
    tx_idx=401   0x67a0db69cd2e974a740de4a4d826bc97b4455e26d6092a95246c4e8542cb6f28
    tx_idx=402   0x2cbd92a0fc9a4c5b89409a35b628833a548e13d3df43f89e86e7d4d045fed903
    tx_idx=403   0x1e67323d1d12f187e88d879629ee064105aefc139340baab3c7a1e02020141b9
    tx_idx=404   0x56b2a60de5f0c31d875d1cda2391dc7c85af449b7065e22ce131521e7678a913
    tx_idx=405   0x50e7cec2cfe3025258d841fdb6018eb97570d35c220404201939015836c1f150
    tx_idx=406   0x692bb6f401d9b548f1dc3267b161545664173dc87f1a8635e7184c3168847574
    tx_idx=407   0x8ebaf716f4a1b1d15738101ce0018cbb5a69d9ffcf7b9276bbb2d276d9293a25
    tx_idx=408   0x24b727d13c5bf14e0638fd4a612896b08c6d4ceab0bdf1aebdd0fb77d2a08c2b
    tx_idx=409   0x196d0f9065394fa84ec5ac09381c2de67a4055dddcf39b12fe8c2f704c0e27b3
    tx_idx=410   0x4f45ee3e91627e7960cc1ac1f2ca0c18ebc0abaa8c98385f4a2d5d113e386e49
    tx_idx=411   0xca65b4262042e6a81e047c947f2f2c9efe29ef319252c76a10864a4a9a3e3df6
    tx_idx=412   0xe3e74253ad6bdc6db923bebb1a000825f42b6570a9c0e4f98343a54fc75e1885
    tx_idx=413   0xd94d39a314064e3b05b5f36ba580c4ad641ab735ee7aa23407568c8cb58eff13
    tx_idx=414   0xd5e7c6e5b3f5d91bb05ef157cdcf5a93bcea3a7316bd623f4769bf00ef90ba2f
    tx_idx=415   0x3e188addeed7b388c2c6649fcdb1038dda5aa7be702a0ed94e1a0eb53929b2f9
    tx_idx=416   0x338e75592a51d33df10a8740679ec9d210677537b06ef0ef20a881d15bccaee4
    tx_idx=417   0x609af9502bf43df3b7e0bbda7fd48d7a1350a6996552b3e2adfd154d76e8a7e2
    tx_idx=418   0x2ddd60826dd66d27e06bd6ed78c0e0a8734fd8ccbe47e9f1cdf06de3bc337e44
    tx_idx=419   0xe941cf745679e62900fe46df67e3804ee9ed5d6842418c6ee38e15a723cb46c4
    tx_idx=420   0x5bee1e12ee9ef84028bc07c526463774444fa2dc97975b8156ba8e9f29a79ab9
    tx_idx=421   0x1bb6f78aac6318231ce81706bc843ec545a30aead6b51c3bbbb34c5933787b7a
    tx_idx=422   0xa4df4cbb684d2341d79b91920f30fa6b60b4ccd7d54f9db83125c8bca27647cb
    tx_idx=423   0x48aa18cc3909076003e0d28c340e6392ace1e6645873c8c92ca04090c4f42396
    tx_idx=424   0x2cdbebcff1ee0ae864ec5fe5e50387aac7579025ff86767b567bfd7d79256bda
    tx_idx=425   0x7da53845ea8c0cb0a0f4aa18eb7676a2a7769a5a45d1562fbbd0807883231a3b
    tx_idx=426   0x20856e7a002230e8489169c8c44546ad79668b0e280d5d7ec71f89c2e9fa5f12
    tx_idx=427   0x79ad66c6fc22d833efb375368e8eaca2717805408a42b6bad1e19cc5870a13ad
    tx_idx=428   0x1f5f5cc7411c7687288b7d770c072de34f70095ced7cc2705bc43dae86cdb703
    tx_idx=429   0x9f5b5f74d11b4203102fccb34ae5a526fb4c642709c42accb034554239927478
    tx_idx=430   0xe11f81c30fa2de5ff1a8bf19e42891fef3305bee3b5489b119e41f52107ec95d
    tx_idx=431   0x5ca05eaab8e145ffdc48b53c242b55f7e1b57a81e582544e21d6be413d023b73
    tx_idx=432   0xf1213b50a7f3887708bddb6053b028e0c3ceac7080ce0773c5299c0f201d2318
    tx_idx=433   0xb2f5a3aa0b0be57251a3cc4b54637b0059756b0917fe1749bb168b6f872da43b
    tx_idx=434   0x87e08f8552ed5565f06aef94c0e84ae9e742a26fcb3c6e3f6aff46012d9c7e5d
    tx_idx=435   0x57cd5a9148ceb58830ee113a83359697c66ddb7f679666b048c8b630b13aced5
    tx_idx=436   0xf416f1fbddb82527fa894975d94d3a70c2e0068d0d5d1ac9be2059466d300033
    tx_idx=437   0x6f7a1575ae11ab31f6d9ca3e711743865929e479a7816a9991449e974e417e24
    tx_idx=438   0x6fd084237fc314fb0107f7119ff03f1284d09ce54218cfd88d0b37a89d54ee39
    tx_idx=439   0xba33137beb3d6a217f5c480e8fa4e581caf6685cf24a3f72defc824b1e429aa2
    tx_idx=440   0xe920cba4d5a8a64af341e473096053f19162c0bae4e6c16b18785f3e34f139ef
    tx_idx=441   0x998e91f9e7d5e8012f99b1ef565b0520501ba9e86524c1f94fbc8b109aac18bb
    tx_idx=442   0xc8e84f88737308504aea0fe79c3a1e3810b78d926bf799326fd77680fa0266ff
    tx_idx=443   0x8cb830ce2adb7874f026ddba67e778f5e50b36e56abc7e2f05babb59690a82b6
    tx_idx=444   0x9f689dd155703b058036877e4187e9a849ea020ccf05d6c61a68a6f20fef2561
    tx_idx=445   0x3f76b23a5f166a0c49f020511b65485dd5f933ab0c9b9d4ce44a6fcff98376a4
    tx_idx=446   0xfbacdf81a2eae7696b90a8c070730744c82a0b0bdd5ec79cddc794e2f8d3ed95
    tx_idx=447   0xb9a8106152bd8f23faa7021c987912c102d480a431065b251053e861ce671983
    tx_idx=448   0xc976a7626227c79a4ea0f16f436a1ecf0f1c825d0fdcd3ff5aa9e283207aac4c
    tx_idx=449   0x5a5b15461328b7007677e5efe1ebe9f4c59bd300128c87a7fe1e064d598bf34e
    tx_idx=450   0x2195039edaf9203574b3503ede43ad2a3699d03116276493268c5bce677a29c3
    tx_idx=451   0x03bf17195c09e5ddb4e692fa215035e5e82c5660bc787e05d99607f7df7dd822
    tx_idx=452   0x974574254451a057296c53061fd70d2d1d73a150e77e4a5b342e520fe23a269e
    tx_idx=453   0x67dc880eb61fb1fa839ba2687cde3cd1079c7ea9111f5bb15826509d8ca41126
    tx_idx=454   0x4698feff74635478820cca2ce93b6a4001d6c764bb753f459372ab09b18af323
    tx_idx=455   0xcb1fe503e8fbf34c91cf9cb3e3fbedd01ca29dbc66c63aa7fa06c529abd2baa5
    tx_idx=456   0x4d907a43523f8d85790fb8e0f43fd9b4b7437841cde0c8574f3f488ac0c1fd48
    tx_idx=457   0x3e8659d9cb0108543f06ae81ac84c8f3788350ac988d1ca7f359d8ce6106e6e5
    tx_idx=458   0x262fa5bb6db46aca1b437c60048d202ae967cd932b88a01d98c483cdb248dcd6
    tx_idx=459   0x652f43c4fbd342202d4439add3f878d49cbb75a7024b4ce6496f9252b6f8d969
    tx_idx=460   0x95dd58a9984eea4be83ce3a5b2e79a5aa339e5a0aa61565bef41fb4cd9a72459
    tx_idx=461   0xdee16d557ae3365190267670d647275d2a2bcf4ab625cb913babb43995698011
    tx_idx=462   0xefb8c33b72b82c4ffe7199e0c7f3811bf8ef39489225d99e9352d19ee7fd5c04
    tx_idx=463   0x1b5ae600db526f9757523aebfcea544c25bdf3fbbbd53d5a7ff2b9a087b1cabf
    tx_idx=464   0xecc0377b0011ea245d4dae89e7cf3a6cf259e7644dc2e358462f51db3d6352b5
    tx_idx=465   0x1a5f26bf9aecfdfc2f97b62306fcc147b716988358c7d8e847f6ec85d8d830cc
    tx_idx=466   0xa7f3bb7cc4477cd6f58ad3dbe2b1d1622f65cf113c532cdc053ee335eaac6f55
    tx_idx=467   0x8e7d0419951697f11256d3adc757119fe4ec058d5a485e2f4586dff6cfe506c1
    tx_idx=468   0x3d60dfafb196abe4efba38c111a9c1cb69f3188f6547ccf59494465b4bdf96d5
    tx_idx=469   0x914a2e8c68c221ae4f8405edc13eaed5ce2fda9cca928df2fbf1a81305a6e3d9
    tx_idx=470   0xab3e4c3f0c9e1861560fac70567aa7e0924c80402055b6cc065b0c4e288d59cf
    tx_idx=471   0x09df960965988ad3d16acc44065ba6d016777962cf0bf5764fceb86d569a917e
    tx_idx=472   0xf95e957a8da88c239439cb9e354495b315b49875202452daebcc650541ce90c5
    tx_idx=473   0x0eabe9ddbb6bbc6e7f59bfa63738a11412370d9f0c16225bb948d8a0766a9213
    tx_idx=474   0xca67322545e6ba1e3a530094f328785d80c8be2212a19f747ed7a414607f6d96
    tx_idx=475   0x2c179a33a8f614ff5c3ab7a64e4f130f30dacc0d452898f9007f2f6faadad77f
    tx_idx=476   0x772ecb85e03b5ca0ef8ee04aa71e16286b2855740882a8184912a07e20799ce2
    tx_idx=477   0xd7b972fc007d87a2529108d5876562346de8fdccb99caa66c19c4ae8ea7aada8
    tx_idx=478   0x7544e32e0a6a83e30911052dbf834c9cf49ac782ed70960f425a7000093d6d11
    tx_idx=479   0xe15a8bda1851b239dcb64baf9c6dee7b932529cee8b3c575fc85f1c3411924fd
    tx_idx=480   0xbe0b0938945d0598f779668c2ad6f9d4a0018cc677242d8bb2e5b7c63bb070fc
    tx_idx=481   0x1d89840bb4fe5fd67d60efbd97cffe41b815bed769be8572d80fec9a5b36fe4a
    tx_idx=482   0x97d370943aea856a18cfa4e6b163a40af1bd36add1e2ab802170ce5569877b1a
    tx_idx=483   0x182603756fd2523382f372a0a8972fdfb4a6de596bea688711f88703bbbcf23c
    tx_idx=484   0xf6ff499b80644d5465721ff9655a90ab5e5ae97a69b9c2ff53f817f9f1df2984
    tx_idx=485   0x9de44ef5492d1bdb8488e0da821045ef99c59d7d0b8baf3a31b7a5b4a02cf102
    tx_idx=486   0xd9c57e32ea386f5e976191877e62a955232376dd6dade5c4a0a890bcc7839176
    tx_idx=487   0x25e6c8b60c60bb7343f0fd1d111f3aac522198439ae7e8e89c3f1258ea0b5f1c
    tx_idx=488   0xe234b85778bb54844cea7965289ca4d8106680239709efe22d42e7d0a579ef65
    tx_idx=489   0xed1919c5cbd108d565bc6e9c5bcbf2bd2a5b3b45e6c5a114d54a11fca1a556c9
    tx_idx=490   0x731965949e60841bbff03654057877c354f9b5997ffcd1138adab39c61d43af5
    tx_idx=491   0x04ab269739d0aef7b385226b07df36bdb8257016e3fa0269e84f8b56edbe39ed
    tx_idx=492   0x6f04d1e7ac5608fe5e6a16467204660bb1c353ea2a64f0c88b7f96a8c276225f
    tx_idx=493   0xce779b5847bef27f44bd3bbcc6c6cd1a06039f1dace8a4e89159cf7066bb80b3
    tx_idx=494   0xd6f0770836d1d5ea0c6919003d6fa66e1e380a58d25f8adfba259005a523961b
    tx_idx=495   0x67135e63ac81155140e29ece52ad89f6032ec3d9ec0f9cf2a9cb0d853b2ecb57
    tx_idx=496   0x366e182d9f64efb519f159a261984b30c4d4e64648a9cc01e0b2b52f87963455
    tx_idx=497   0x4a72179d7284c29816a639535aa9d46774ac7edb7ea3604f9553e32792adeb82
    tx_idx=498   0xbe87c4f669ab1df914b298ccb56603a6f434443da896bb3f53ab0d1a9dbf5472
    tx_idx=499   0x1a749fe02f624b300eed95ed4752e73fd38bd84f3fdef47985883e38fd2b2d96
    tx_idx=500   0x2c0c9ee1d290c7bbeffa5f0d2e590f332423cfa2da665dfe32d19722c5bc499c
    tx_idx=501   0x4dd81039def5c4bb076cfe524fae2739a7336784fdbf9988dabbfef54ff28c4f
    tx_idx=502   0x338cd95ba414b4b6ed74ee82761804b98807c0a056e7f01fbcab59a722c73e85
    tx_idx=503   0x0cd08078eb9bbae5ef23443f43b049b1c2e5e1d65796474ebc252facefa8e56a
    tx_idx=504   0x60dbc4460bb434fa3ffc108813091ff2bbd3188bd8f6e2978f4294486ab9aa28
    tx_idx=505   0x4d015acc5e59b573ef644d9b99fffe97d205a783e252b8260dde31b750c8f4b7
    tx_idx=506   0x5264cfb1f2a41559859a586798f0a18a14862cba29a6c49a26eb66d170993786
    tx_idx=507   0x99e42bb39d8aab8947f1ef7eb49205cbff92108716034b58380516e6462f55e2
    tx_idx=508   0xf63991a36db530d7e6f2c77be6f194905ac4429322aa0adae55a8e1641e9af86
    tx_idx=509   0x09f819083eb99d64d3c90b822eafdde152d1300fcfcbf82fdad9b1b064754f37
BLOCK 25474563  status=OK  canonical=333  stored=333  bc_tx_count=333  canonical_hash=0x2d8428e9530b01df6f36c6eff3e87da03c8cf4df046189e34dc567845fbc050d
BLOCK 25475714  status=OK  canonical=334  stored=334  bc_tx_count=334  canonical_hash=0xcde729cf247adb33f7e2226b7cf509663eec9adee0c9925a3cb77578f66242eb
BLOCK 25477467  status=OK  canonical=334  stored=334  bc_tx_count=334  canonical_hash=0x4a63fc1174b281c6be4889d58bf4b023ca9a6d641ab905553165090966637a31
BLOCK 25477943  status=ORPHANED_SUPERSET  canonical=41  stored=134  bc_tx_count=41  orphan_only=93  lost=0
  canonical_hash=0xcf8490e886519c70103e0d9c47ce4e9e2bc800e4f9addf0a5c079dd0ee792d77
  ORPHAN_ONLY_HASHES (93):
    tx_idx=41    0xcb21478c8af0942fc7e163d00f9e927fc3d9b9c7c1e95f3c74198f95aad4cd92
    tx_idx=42    0x96c7dc6b55b01bab268908069c39281ec0aa96c2d2a841f8b8c62f9f3330207f
    tx_idx=43    0x4f32ca8869bfda67d1aef3621d1523b8c260c873b8cdad750a193ebae5d565c6
    tx_idx=44    0x9eed1f0f41cd4b977d1c1c85e7a4f4171ebf888110ca25eefe516f79f63f0fe8
    tx_idx=45    0x306ae43630815fb1f6ecb45ca16933a610adea1ac95c7cff4a37ae110e3be69c
    tx_idx=46    0xd5176891010c0900f843a85808b417ba1260b09b5949a391d90f1e72b3507aa4
    tx_idx=47    0x15765de99a7248e2b91c506f43b746596b02427868adf41a5da1af706390abbf
    tx_idx=48    0x6d470427dc35a6a0a833df61eb15caccda884a06521369869932b5d9eb5d7583
    tx_idx=49    0x2b255b3b0619f06acc8d8ac02ed3816df4bb3eff3634b28e7b392884e762330d
    tx_idx=50    0xb13ee3b7eeafafe2111d0cbb892024dcc21f87966bcdbc38b1a6ad63807292df
    tx_idx=51    0x3b3617b42ecc71f219dcaa4dc90b9e40b0d1bb1a89bdfd04b547f3a0df95eab0
    tx_idx=52    0x659f08a56e486888aa741694d3628b7a93414a8d52e1c8afc62a20bc472601e2
    tx_idx=53    0xd71e1015958254dfddda380784c77a7fc3154b8033ceb63680803348074422f6
    tx_idx=54    0x2e5c08794a0f3c3852284f3e2f230ee4365441805b7015c0b0c0ea526219d91f
    tx_idx=55    0x095b10a9dc2c3fb96885897aaac32c56d18956611ba03417b01583b03832e985
    tx_idx=56    0xaf9bf83e333f68d5764ed23954a231cf0c789e225e991fbe5b55c25fbe7a02ac
    tx_idx=57    0xc7823bc8563716501ee3abdc3e0edfc22461e86e8f7d9f228305acf9f4f0ba32
    tx_idx=58    0xc09c7982089b2b82d54a12bdf0bc4421e2d659ca2cdbd11591ea16289e80a37c
    tx_idx=59    0x8da8bebacba5d017bea8f5dadab79cfb73123eb793f94faaf7b2870ac01cc7c5
    tx_idx=60    0x040f618466b9c6620ea1cb9482470cd69ab3c811093b5e318bec14304b58ff46
    tx_idx=61    0xe85ad25039a29917232dae40b09645ae2ee4b49944b3cc4ae30196286dbcfe61
    tx_idx=62    0x42586e22ab9e64fbc1f64b0e72238454d2fab5bfbe79c7f06110f09864ebcb61
    tx_idx=63    0x0046052d444a074ffc7d56f223222dccaddce683dbd87a2f1a41b4efbdf10b9d
    tx_idx=64    0xe81e3602b591395d150a2bd36b56bd0a43dabfaa81eb5121ceb208809ef8789a
    tx_idx=65    0xe52bd0a4b61d36a4d5d559b88c1264f151f3eece8da189e575336aaac4bb06db
    tx_idx=66    0x49acf772b2f89015cee5560f75fa46610a6f66d621dae8081903f49cc5b89c75
    tx_idx=67    0x0a842ca63047a119ac8b2d1acc72ccfafaa7d687e6051defbe270aecf525e242
    tx_idx=68    0x451353af7cffdd522f31e816bf0ac83145ae75705de2fa6b9a6a5112bfccfdbf
    tx_idx=69    0x63dec48e4f7eaa0780718b2e0570363b7124fdbc5507495720a4a51862df1595
    tx_idx=70    0xb0bffcb4b5a744281779c77d30fe83ab989db97cd2f344debbcc695d3ee3de3d
    tx_idx=71    0xfb575f56679aeb55377834f072f2b3ecd25a3aa8841ed34370de3945cd540abd
    tx_idx=72    0xdbc57fbeae3cfae36f4fdee0fca9f417ad3c7cc335178ece99665b7851ab0d69
    tx_idx=73    0x89b7bbe593eaabb710d352acd259a1ad5631a61c88c40ac769946344a179d598
    tx_idx=74    0xfef346f1be6da1d7490401f44a8e365a4ec172d24a0f81a492d6623a6b57d989
    tx_idx=75    0xbf9c5db4b43c0e387d00143db21fa1216aaa1bf3b65323e5425dcf398b16ae96
    tx_idx=76    0xb7bfd10b1e0e19ec2666576bd4d94c261cb63cfefba33170df1bb3ae7aa0ca90
    tx_idx=77    0x6269e13f5a6f1014a170eed1640a5f700114737aba4398869e74a907f9440438
    tx_idx=78    0x76cb2a29375ab626493823960d52406bc5b862dde76ac569447254df876c3a41
    tx_idx=79    0x6c7b05bcd8cd8f10be0948a0e314f161f72a56e87cad7d135740364eba1d10ed
    tx_idx=80    0x467127b29bf733a69be52ae533fc1c70647e5b120562675f0a86e48d732f51be
    tx_idx=81    0x7e49398ea65d4904ffbfa1c131a198051a6f3d34a1b2d623ac6ef6be48b1e737
    tx_idx=82    0x06e60fe492d55d30b6e1351b825bbe8568ea484a3ac3c4187e09e3c0eb7ea61c
    tx_idx=83    0x800143d3698abf8607e098b99f9802b5b6080d14bc9e0c0deebf0d3843edc6c0
    tx_idx=84    0xc99adbf3dd8332e9c1b9d67563c9c3e43c73299dfce98089d15371ecfa7ae9de
    tx_idx=85    0xfe42b70684b22ad8d318cd0b6e578cba5de9e876f555c5940045ab8123e79cae
    tx_idx=86    0x95d0a1dc75c2e504c055388592e181b77eaf248a510ef6189abb1c9383afb416
    tx_idx=87    0x1bd3a304ab9c1e70fb19f2f06bffedf31c89679d1e2c3b1ae91b9c8ebcc4011e
    tx_idx=88    0xcdc8546ee820a0382710296c51064ac86e32317626304f43b410e49e7269448d
    tx_idx=89    0x6a26f969b3142621c87bc75d9c9a4d0d7d7f6c047b4553808de7daade0baa610
    tx_idx=90    0x5ece7f0cea9ab814541bf9decfe23c3aaa894e576f4491f5891ddd68fa884eac
    tx_idx=91    0x2bb2a234f9579829e309dc0f5372864e9c0efebc91e4c6f4807aec794e6b2fd7
    tx_idx=92    0x110edd1b0a754b6b3d485faccdbbf6009b077b5a9adc5d77c7949d7108360db1
    tx_idx=93    0xefc4e60601a81276939c883ee4348b1f44969f9204f4283b8442d5c3b344e966
    tx_idx=94    0x33c29ee0d234a152e16773d0af64a7a7f08c8f36fe3e32269a3d1ea2452b6bba
    tx_idx=95    0xd9b8d64f6405d1deb6b12b9c4d3539e5763ee269160653b980fe4398f2b4632b
    tx_idx=96    0xbb7cd5cf1d6d51dde05623a42345ea6c9d2d2dcc98b130f8ee67db8758593b27
    tx_idx=97    0xed9cde50a4207652fb8f4ac0df6cf0a499c29fed966f53a2cd54c3b3d74481de
    tx_idx=98    0x5d04977496ab1c2e51dfadaa1c4ac799a457f9e5536e84c4ed4d6f2abbf47015
    tx_idx=99    0x2b06014d26148a69aa05df3c2ddf2a0b38f52d3b11905b12f8cfc04088959312
    tx_idx=100   0xf323c95f241f7d393b5f9ba99ba534b80dffd61014acb746b5b7a180639ecb40
    tx_idx=101   0xc3851088a8ec7ebd2dd1c82ee76803c67ec459c3945f49ed7f71ac619080c04c
    tx_idx=102   0x8def889854b30ae90eb142958d27054c49c090807b185b9e1ac32f9986933c78
    tx_idx=103   0x3ba04fc334f8a16ef7ebacb05d95bdf2e099d55bbfd9927cdd3e81765ec25ee7
    tx_idx=104   0xfadf65a3a7e51003cad415ceec1912085cac69121f87bf6aa26c77fbfb0dd29f
    tx_idx=105   0xdfc6a79f863b0d77e9d8113af0ff345db5e257c4fcace336e9b5412e9321d3aa
    tx_idx=106   0x30f2cf453ab77e162cabd2f383a43adf7bf13641d7d7dcce3690008e3a6026b7
    tx_idx=107   0x9aef41cafee4ab1bda6395f6bba510a6e0999d02539851dbcdf991941808820d
    tx_idx=108   0xbf98fc8b4ec42c1ec6e810aa6d89b21a018df10cac2c4eabc57035a85f2e5993
    tx_idx=109   0x8e7ecf5ad1529a636dbf669b42e62e6d0a1e5846f13fe36c44f7f4dad45c003c
    tx_idx=110   0x920b40b5f7bd53ebeb47800d1fb36a95a9b6c2ff2924abeefa7bbaae8fcebb2f
    tx_idx=111   0xb6a38b8e3020300043eb1c9e8d1f54e543bf062de5c527333da3a5b4cee295a9
    tx_idx=112   0x432569974c4522e0b8923942c694fe352a00cea00e35e23b8a5883357010b98b
    tx_idx=113   0xc4068281e2c363c820b1cf87195daa95e7db32366053817719cf7b57fccb15e1
    tx_idx=114   0xb27d0d8e4e1fc6747374cb2d24a675d9d9cc4c80d2b3f54081db54d3f90d14cd
    tx_idx=115   0x14ef144c5ff0d171d5b8b3f370a3473f737372346bb842586a1ac7977f57dc59
    tx_idx=116   0x0a84eabbb56bf722d181b2222e75eef011e27e18d5dbe2574d0f94d84ee5a189
    tx_idx=117   0x1ce1aa378e7240eb182d2e3394f8172417ca3f4a695954968015b0f1f7a99d62
    tx_idx=118   0x10e97cde97d3aee2694c4408964fd1af2b60ecb53f012f88e95a1f0823f58d56
    tx_idx=119   0xafbcd68bc039e109dcc89902ae0ad870f52d2971a2d84603115cc2fbc80c4513
    tx_idx=120   0x933fc990ba6bf1c83d4fd3a8b685841caf5545472ae9b50a41ab709d825d994a
    tx_idx=121   0x84b5569942e6cbf5c6bae904e00571810d036d470a324b86927bdd5731363ee5
    tx_idx=122   0xaaed0678584e069f2840e196c54b325f7d517d9a62cf8b35daf75cd62a535c1e
    tx_idx=123   0x36f716d1e4e899e5814863af012e99657a5fd39a6bc3e6b0ce25e73b8e49d040
    tx_idx=124   0x4d1651b72e009fa9ff6ace5e46cd7a527574a605b20055366260d79856e19e3e
    tx_idx=125   0xb9c7cd862f0a64ff504e23940d46ae9372eac829621bc62e0fc918ed757c0e3c
    tx_idx=126   0x2cf8734fcac3bef51684831c496af12654b9cf3396446c6d9e9906182edce7a8
    tx_idx=127   0xb8cd10c0fcd7e1ffee857d49c68ce21ee0ef43aea90feb5296cd22253de040af
    tx_idx=128   0x6b120ffcbd46f52cb7c386a236ecc4b7a093cda771f02a942a726c1fba5451a7
    tx_idx=129   0xf75c12109d9369ee32b134a5f2cb376a0767e3d7f7c84dd66e4f24e42f0219e8
    tx_idx=130   0xa29945c5e97929cc49ff442c19982d024d359589cbc9b8221952fbca1bad6680
    tx_idx=131   0x0dd9f663fb4c160c185ed10f81806655a607918e7500f11f2674cf49a608ed25
    tx_idx=132   0x7eaa317579a4e93b5cd199cd2571ada5ba885b2b172b5dcc8e0b250d439664f1
    tx_idx=133   0xd135dbe5ab81d71e6243a1bdb41083139dcaa7b8b3815977f34af7ffe53892c1
BLOCK 25479829  status=OK  canonical=335  stored=335  bc_tx_count=335  canonical_hash=0x5e91e33b29d3ec8c3c30c007db651a0dc0f43b2f6dbf4b2eba2069b0c68586ce
BLOCK 25481999  status=OK  canonical=207  stored=207  bc_tx_count=207  canonical_hash=0x8ad7dbd2dee2fcd6cc50d20c90f28b441275c455e47a20432efae59c89afaabc
BLOCK 25485734  status=OK  canonical=204  stored=204  bc_tx_count=204  canonical_hash=0x270aee1232dddd046a3efd3a7f87789c79a800ccf1a3067be00959d5051d66ff
BLOCK 25486117  status=OK  canonical=263  stored=263  bc_tx_count=263  canonical_hash=0x636b28b71bc45167ac15f0798d6868d2eea3c6457d96bf3d946ca1b72c92f409
BLOCK 25486372  status=OK  canonical=375  stored=375  bc_tx_count=375  canonical_hash=0x707f02ea909fd4b8e1721c0d416bd5342381e7f7ecbf74eeb3fc45abc141178a
BLOCK 25488379  status=ORPHANED_SUPERSET  canonical=98  stored=172  bc_tx_count=98  orphan_only=74  lost=0
  canonical_hash=0xf3f7f99384255de980ec2ae066c0ff2a74b01ecf5d438504179c78f55351b638
  ORPHAN_ONLY_HASHES (74):
    tx_idx=98    0x6997ca9dfb6a4b0a6a0ea6760fcdca4422c45fcdfaf89f3f4b50dd1754e91693
    tx_idx=99    0x8682ad09590c77c3af1e11042d1e13721344f2a1a099f99551477ef5679bb1d5
    tx_idx=102   0xf5dd4948fdd2c6864bbb9f0546e8e11fb8b9159f7aa14b45449e59edad69eb8e
    tx_idx=103   0x4b8126606de04eed987cdf7ca97c87625442322773799abd5acef68fca96b3ae
    tx_idx=104   0x681ee6f1cd8de9569aac85eda372c948f4ad1c03dc9ee542111e93960a15731a
    tx_idx=105   0x79e14ad4abd68181181d752b730d131fb07a39f942f6ab5e1ad529e0995aaaca
    tx_idx=106   0xa704c74f7fb5e875d6882389ba05a46dbbbc4a2b906021b0a9d3c5c28bd5b6a5
    tx_idx=107   0x2a181d730fb0cf9fea65709f567b4ae8431ecc22819a04f011b22c1c81f45fe8
    tx_idx=108   0xb91bd6c267d196e8dd115ba1356275e83fb1028ca32145f0719c1d69308de59a
    tx_idx=109   0x457bae0467a187813d965a690819dd5eb4120ee64c9d3c6275b0cbadbf048f91
    tx_idx=110   0x376424a2459469dd4156650155c79abe8765cc0c9b23ff3ec740e8839396847e
    tx_idx=111   0x27205fa092fb3189ccd814203c72cd3d343a4de80dd625d91e262ffcd152a315
    tx_idx=112   0x1b16706fc9a3e0a044ea7518f372f98080cb95e4d266634a2794cc5a87c5ad5e
    tx_idx=113   0x2b9c750f04eabd3e73c2d69a549e0cabe2950caddec93ffa9921af7225ab048d
    tx_idx=114   0x11aa4c6d0d087665995d9d412260fee3b5d57bf303f170e3709b3119adb2de44
    tx_idx=115   0x7e0fa74af6f8653b2bf3862d936267690553f0fd54336a456657700461833e2b
    tx_idx=116   0x64b1f7cbe61b809436325025f553afda4d498f8912ccd19220c5fe4e7526296a
    tx_idx=117   0xd388f35fdf26ebb652dec66547752e8fb696b4d780037b86f7cabb39360626f1
    tx_idx=118   0xb70f2c54f49b466f108a4118b93b5c778f0bc44eb81614277ca4bb540c5c3a1c
    tx_idx=119   0xe2d74f0059b0f1ad1cf4c2cec9e6b696012b2cb0bb6b10afb8909442f834c618
    tx_idx=120   0x285ad36cd36279ce29cbc4e0bca74c7d220549bfde70ceea4d9261076ff05eb7
    tx_idx=121   0x7472d296baf4802848e1cf17a13b2a4d94f084eb767a13ebec907c515ff1b172
    tx_idx=122   0xed42c76786a90fdec53355a837569904c16fa4c3d187e0a331cee71c4ef83600
    tx_idx=123   0xeef2effbe31898bd394eb67e759ff38a710fd34d8c97c6136bba5f9d80fce45e
    tx_idx=124   0xda667e8442d17b7ec2c742424925f1511e4b83e4cff6661f36785785fdb91fae
    tx_idx=125   0x2be1fdc7a7fba8fdb93651732b574dd8f40093b79ca5dc2282482d4b278355f0
    tx_idx=126   0x02f09d46826722ab5ac8327233165f730004cfcf09ba5d6476f13e6daa1b8aa1
    tx_idx=127   0xdf0773bac4094f1e362f0a8aebebf7702292e61fa16a3499b54cac8b6fe269ce
    tx_idx=128   0x9a9526aa5e0d3970e6663fb31e3de69a6c1b5da0b0009e6f46b973f220339373
    tx_idx=129   0x5014ee2453b5521a8ab9f98a8896a9854845f6071b1ffa38cb4981196de36ce1
    tx_idx=130   0x2841e01c1a28ce857afa460fd8e3377390befacb628d523cd1ec3886329ece4c
    tx_idx=131   0x208ce77991358efc50c0952dbfc90ebd0b89b741e9bc28ff53bca02f5baefb8d
    tx_idx=132   0xd97105d56bd273a10847399c58fe0aadce3609f626f1305192cc6be3547d59b4
    tx_idx=133   0x35806160def92b50d070c6f076c012a4c51e956b284486a0b4408fde6e4aea32
    tx_idx=134   0xd0ac55c1fc0a8357161de07940d3de4c23c477b15897de93386bfeca7aceeb06
    tx_idx=135   0xe3bde819f7b7658cd0d0df2a243029c74806d08fc0bcf0dc7572cc33a7f0ad08
    tx_idx=136   0x31c25778464a21f6e3aad93cb475a94d107d938ca3092601a48571354c4c6188
    tx_idx=137   0xc64c73dffcef3db40ba7d68f7d5391e3843e67a5a08c1403bf8bd65a9f99f982
    tx_idx=138   0x12d919a0345a7df7f14bd9281e35e77c4ddfb2c769a3f9ec4993c4a025b373d1
    tx_idx=141   0x4f39560eb690059c44c3c9b51f3fa024a0285967c1764d11f4519a5713a44d0b
    tx_idx=142   0x9072bed38fac33496e9a3946d7be6e8ef769e719091408021e13e37a6d0cc992
    tx_idx=143   0xdc2da1dde255cd2ebc494ac7aff1cace74f82ec5dae2cf0c947c46e51971fbae
    tx_idx=144   0xddd25224a8e0b6440579969cef5b4f9a152afd3a9565da4ad20a3e2e7e9c9424
    tx_idx=145   0xf828820fd85ba6b3958fbb9fbdc39063af60496c8bc21553f5e7260e92a60b8d
    tx_idx=146   0x35989e01161d348a3edc03b8f3ef609907a64e38f99d6f9d1f2f30d0f7bd1d6e
    tx_idx=147   0xbabe6ce0bd1c1decc9370f7b3f4870f92eca4eb06f2abca4574d1022c1ec17fa
    tx_idx=148   0x389819f4c6e651b056fa2290f11321811c32da5b6cd12c1ead616892dc85abab
    tx_idx=149   0x7c67f62504787a6aa78e0635449ec658a2d34ad22066c95e12c0e540cd57f437
    tx_idx=150   0x6b39b44f47ac8522532f90320039135e092cf4f17a9946bf730aeae5466ad79a
    tx_idx=151   0xf659233e549a46c95f48edc0e99a80a747f690198bf9f649ea64ffe63e3328a6
    tx_idx=152   0xf7a6087c837cb3459a8cf4c050c5d3e7c9a2bc600d2982c5536722aaa3bce9a1
    tx_idx=153   0xd58c1a98c4760e1683794f836ba4d5b0616bd27e299014b9785de85467b2fcd8
    tx_idx=154   0xd84876dd53f23b2c459d874d9c6f26bfb5fd1bf58b4daf6cb3f6c8e60ef9a2d6
    tx_idx=155   0x231e151b416eb2cd2e824d867356c06e2a4d80ec96ecccc9ac09dec095741422
    tx_idx=156   0xf65623d45b13e2cb7f801f7129e6a428b3ffd71620c240df7753eebd72c41845
    tx_idx=157   0xd65139570029a56b6cd4929b85533339363ec436d8d461002fafc9ed715a701c
    tx_idx=158   0xb9ac685b508632dc8b7e4c6316a39c20551fbc7da5d68e02ae0da815b6c08cf4
    tx_idx=159   0xb85e188764c410e16bee4b813623540ad2c82b1caa38e710e79b6115ca0670f9
    tx_idx=160   0xe53f4fbebc33c91a4738f39501a3d5e1f646364f73cbd924998b028e92420f6c
    tx_idx=161   0xa829b36417bab520dd1ded551d43d24acea6997e77f29dbac296e18f84b38a34
    tx_idx=162   0x6e8f05a57cfb2ca9192f598b206ff61bfc68b5dd70c999379856e315feeb6ebf
    tx_idx=163   0xafd9c5766031f1c431ec6d1ed4d18171b65cfd45b91c14364b5f520811b2367d
    tx_idx=164   0x3a637c161fd375d5a57bd97744c817f6cd4b904a47fadb2805962ad169d36495
    tx_idx=165   0xf2469455e54486b097e4530f537bf83234ae6cc211135d4278de49ff40272558
    tx_idx=166   0x700498f1cdc8175231c3dd5a96b74a662e408912e3ab821ad364bf5e12414651
    tx_idx=167   0x6cffa90313dac0a56c031eda546ec35b3879d9c3d44ec69528745de17640fe19
    tx_idx=168   0x88b992ef13deb39cb61c7da1de808813ad432682dc710109d1bc7182cb2f0a56
    tx_idx=169   0xf2c7eb8b50b2c7c061041a6b9a4d713e8b7d0ff3316c7467e7c6e9cd067c9e93
    tx_idx=170   0x4eef62ba414e441039758490b001d728372a83b176ee8a72ccd0e95a65fa1c8d
    tx_idx=171   0x0fb2706495c2ff60136df29be1d3bc82b696daeb34e202683300d394311ff5ce
    tx_idx=173   0xdd0bf00bf7f5a505283ff3aa603c7c27b982f7fe2b482347999fd4bfed4c8ace
    tx_idx=174   0x698ce66a3527d4ba2f4936a76aedd05439a96f6d0d012d1b9a6169fe9f6808d5
    tx_idx=175   0xf02fb115fa90e8a47562ea18e3d8cd9c5f2dd216a80e1ac7d0b78c5cf11d048c
    tx_idx=176   0xaa24751533f187683b1de1a4ff7e10949a14126f578ce06d994757d6ec7e9397
BLOCK 25488698  status=OK  canonical=378  stored=378  bc_tx_count=378  canonical_hash=0x13b0e4294f6cfa9ed2ce163256a8c796ad7915b1a00a71a4e313e48fdd839438
BLOCK 25488984  status=OK  canonical=214  stored=214  bc_tx_count=214  canonical_hash=0x9f00f5ef85fbc38e78a798a63a6cb63873652eab2985c2b75a365ca1fd1beacb
BLOCK 25489526  status=OK  canonical=225  stored=225  bc_tx_count=225  canonical_hash=0xe3133769509436bdc4b60befad40247517a874f16615adb35e104f2be44e99bb
BLOCK 25491793  status=OK  canonical=404  stored=404  bc_tx_count=404  canonical_hash=0xffa8631d2e4a0ab433e233bb5b80882925a48b847a3458113fbb9bfec8499133
BLOCK 25492703  status=ORPHANED_SUPERSET  canonical=52  stored=401  bc_tx_count=52  orphan_only=349  lost=0
  canonical_hash=0xad1d8936809255e7d7b2ee0c995a68dec3ab0a7d8dfb36291db40e2d731aaea2
  ORPHAN_ONLY_HASHES (349):
    tx_idx=52    0xb7bebbaec89700607915437d5d38dcfeb81150fc0a786fb62583a8cb9b46afaa
    tx_idx=53    0x4d2fffb1610bf3c08c98d9dfbfe7d79316b2c693c4bf34aaec66ef598b665be4
    tx_idx=54    0x495bbba031fc34a2bdf79232b9f5b4244178e388e84203407e6d325859078dc4
    tx_idx=55    0x7147c07ed2daf0cf4b4b77b4ebbdcd2308b0c9c8e3eb9701b0de9b1935d9e440
    tx_idx=56    0xe655388e4ac833a2b75d04179c798e9b3a9445244c699328237826b13098874c
    tx_idx=57    0x7b87df560bf52e4b20f0edc67629f3b8bb270c313001a7aa106c19b4e21ff5f8
    tx_idx=58    0x0dbbbd157ee3fc0d6e1df4f5f3259f0f68311c20fdb333c76632c497ce6fb6af
    tx_idx=59    0x99314f0a33fb4445e5c3f15648fec7a2429a773a58d5007e71326126b097228d
    tx_idx=60    0xd0b6d565d495feae2fc68d1c3ba306ecf9685590f2d71cf03c55539758c81718
    tx_idx=61    0x65c9616d1ba39c91e1cdbed0f0b509ec24514121b9290fc084b1104a6259ee6e
    tx_idx=62    0x9cc6df1eca0d45992646c0e3aca162edd1a020d437a93034c8a6f59ecaee8f38
    tx_idx=63    0x30f9150457997831338204494ceaca1b56b646eea4fdf59d441f3edff272730b
    tx_idx=64    0xc7eaa8036472c9a9ded702780ad376ae39f06b3e76d74098ecf3aafee60577d9
    tx_idx=65    0xc624c81de80742f26983afe285656830a23b9d32bebd839af248a99bfa37c38f
    tx_idx=66    0xb63e70028a37260ad6083f9a1d820118a59e3b21e286c13b479a80ef01407b62
    tx_idx=67    0x6ddd376b6d36468ca9b998d12ab5ce60ed38ccf90c62af76b43a40742ed8b2b4
    tx_idx=68    0x7ddae3a3ec2d970650d80227d80518311dfd31e2b05ba46d2d3f3c7e0fd4bd37
    tx_idx=69    0x2c8c0f58583aa94ba44aae79843f38f3c2f228478ad1cf59d6ad5ac90ea5d32a
    tx_idx=70    0x7c96163d3e8672a5623d600df61e42bcb5d1ce2c2b66cf3cf0ecc80dc766f6d9
    tx_idx=71    0x53a430b732245dc402a12f363219a391240b90ff20ca629b79048510be001512
    tx_idx=72    0x00d42a9f46fef7de2c51c296bdcdaed526b49698c51a4fc5ce1e1e9764251ee3
    tx_idx=73    0x209adf6a3ad27ca156a056772526d78b12ff32b37c28e64fcec03206c2da195c
    tx_idx=74    0xdc3831f5c59ab73bcd25ff98848dbd2130bf99c967dfdcf82c1b57209d4b599e
    tx_idx=75    0xd3dc36ca508dec74d5b91188164dba9c6f14ecb7d0fb8a3c0c0329e3ba39cb5b
    tx_idx=76    0x48a8d847e3ef8339dcf0ad2ad0fa43e107c92bb39b2533afa2994c626129baa7
    tx_idx=77    0x78adc2eac91cb989b1b52fc3cf77126d780c53f23e3facd190932c7b98dc24b5
    tx_idx=78    0xfe5371927dd60b8cca379c7d7ca5f386047660b2af08f4aaae235fa1d1ac81cc
    tx_idx=79    0x96b80822beaa518ef67f5e7e44b69f80c9d3cfa01998cd27f1163977fc78010f
    tx_idx=80    0x28b6aff6f87935addb6f8a64c97f2ac6e0638ca9514f81866bdf67d17a2cda70
    tx_idx=81    0xdb9bb80886d588c4eaed3ba6adc89e190db825b236be9262e4be15e7951df03e
    tx_idx=82    0x14ec66d96de3b9e741cb372f83a6034a161b00bab55c71e5a1a18bd1722399a1
    tx_idx=83    0x21456649b76168b955452f50b8aebaf7701ff688bc2808d8dfd612f5065c4dba
    tx_idx=84    0xae3e595769ebf40cb034a5e5a4be5c937cb09255ea923e7c059e7b6161e33e5c
    tx_idx=85    0x2c09d9ca81f557f563c3345dcecb0c2ff458bf5358008fb0c2d99d981618f069
    tx_idx=86    0x4c616bb007a11613213886ff53a72b8911041b953eb8e0f9e9b462236bd1e126
    tx_idx=87    0x811ba9d9ae8760b963708afe67610d87ef6bbde88a9db219b70eac765b4fe6b4
    tx_idx=88    0x56f7a01f00f47b8eedfeffdeb23dc225601003370d987984f7abc406a9f48f37
    tx_idx=89    0x9116896f084dedcce378e1ad19838f3fce2eb5bb8cddcc9be3e5bd40457b03ca
    tx_idx=90    0x9b289416e7c1969a2633e74114ae7ff078cb683feb52c2fadd4893758b97dbdf
    tx_idx=91    0x6cac303eaaf616d8926ced4a8646a0604551e667d940baa751aa2bf2f174ea90
    tx_idx=92    0x881e47585a14acbbce507052ac02d6a3a06bb3fea3b0f9ee74e5dc97543596f8
    tx_idx=93    0xe81a79339eaaba3f4179f40578543470091e87fbdbe0c154e3806a7fe5d62625
    tx_idx=94    0x10d58fb633a81b6a8823dffadf59c145257f8145950204718982277259b4b512
    tx_idx=95    0xd0b6461f50127a28915038399f67c2ed3921f59dfc808cfbbdcfddb084440ffd
    tx_idx=96    0x962d4bae1d60921404ed951c486400585b8bfcf5e4f79e57291ba29f900ab25e
    tx_idx=97    0x57f026c220c16b38222ee12b613f1e8592a8af7ffc476ccef2f70d8dc6546e1b
    tx_idx=98    0x7a228e9d76cdccc96fff186396d6d30dd1b846b66991f322dd21cad03364768e
    tx_idx=99    0xe6c1a09a74b9eac1393f22215830acfef5ad7ae82ed1c856893c2fd42c9bd4d1
    tx_idx=100   0xd041230ede34045796174180c323ec6e3bf0cb1b46eae3f6f46835bc980f6bc3
    tx_idx=101   0x6f260a76c6ecd949a13c78569593d83e5ad389bd05a09f9631d9f805f9018183
    tx_idx=102   0x60d8caa0cbf3e9b0ce1fa4aca161f211e94a7403eb145437c5327c3a9e7852ac
    tx_idx=103   0x3e0c4b7a02cfac6ba0c389a7bce2681c8346158fed097c8d373a337a4d486b01
    tx_idx=104   0x906cab3dd8e3deb48a871fc25363f2be4e30ec370b1241fe6c89f4703df9eebf
    tx_idx=105   0x88886f2f951372ea271562e1898d1c74081f11768614802551347eecc033577f
    tx_idx=106   0xe68c80e29f82e5061257e1efce3c3fa78125a5a01a233cf3da1f6d2bf1a807b9
    tx_idx=107   0xcab1d19f65414c307857873054bad41f48da5e35399588e084b6db1673cb649b
    tx_idx=108   0xbbc3b48c51f52bfc4572b796c13187062b918408844e8b3f3900e689dd38efeb
    tx_idx=109   0x12fd32f6acbea39f38bc4d0165f85f8ac7218f6bb93eb7cea2c2694261d9ff32
    tx_idx=110   0xeb5f6adfaa06b6304af3ee400202a3ed9451f753ad689fe2e47a64b352ee970e
    tx_idx=111   0x23355788bc95ca98f533ae3879ac7b083da3cef11be80a89dada8c0cdc59eb45
    tx_idx=112   0x7d4e5867e2bcf022aa53f78b1332dc7bd8c07360f7bf9e94921eff6a4e2b5908
    tx_idx=113   0x6a742ec7106053ff042a8b29cffca4c1f60e0475a2efde3edfa3070276f295df
    tx_idx=114   0xf274f6af2ba00033b52d1d77bf53b6bc16e8b81a3089b55224063fea04cd8d48
    tx_idx=115   0x4959388707d52b652dd49fdc39acd88da8a96fc67a023aab43fd3662437b0ee6
    tx_idx=116   0xa988d7bd630caced388ee0b9d0c011bd333b32ca8a827228f569839d83550a95
    tx_idx=117   0x3c18a60216471dfe7cbe3b6b5a26240b298aa63efe77afc9256d88e076ea8224
    tx_idx=118   0xb623993aa3b54dc95bb2bcc3f6113ff03b4111155f3a67cdc4479f725949eb92
    tx_idx=119   0x4d7f114549a59d1ed1a267a472336dbf18379af02dab58838827cee82deb1190
    tx_idx=120   0x7be49679ce5117199fa09c0a19a3267e3e0893681501503e22290f1daeaf7da0
    tx_idx=121   0x039bb0da0224ce4f7b1608a32ca1adc7131e4ba632f155506e7a355c619f9392
    tx_idx=122   0xb7505e6dfeb04c996a29b14c49299fdf841e9e9730ee589acbf785af8cc51d10
    tx_idx=123   0x1c48dd7f2c3a377cba2b6015f9d65f68deb45c422dbeffed2447381b5dd83fb8
    tx_idx=124   0x0c873884e14f705bbd47237eb77f7117933b0d60fff734ee4d5e4bc466f6c0ce
    tx_idx=125   0xf2f31922a56cd4cd26583b667fa3d8a6418c67b49dbfee81bf2eb658bc1b4f2a
    tx_idx=126   0x36bc9b8948b9d28b08632c25a74bbd8540e1494047acb0cab179d814138aefed
    tx_idx=127   0x34733e695a6784f62b6d412c3eddc1c60ead456296e6a8889e329e49d433b97e
    tx_idx=128   0x513d0ca64c2d978415ba9821736b87f7a53ee6bee2f4d8400a62593fc4dedd3d
    tx_idx=129   0x0803cdf71cb2e7256404e128ace98f6d09e6acbf0e76d84a0e76e03faebb2904
    tx_idx=130   0x7971bbf260e655e424949225f68cc0865f2296f14ee2a6d4c79a1aead1260dd1
    tx_idx=131   0xa71ea00c103f1a89056099553ce750eaf66c6715d3c2feeb8e697ea8a21263b6
    tx_idx=132   0xb1a1155850c218252d792f603d6d29d5b23b0b6b400f7c342ab5030ced12c8cc
    tx_idx=133   0xdc786a5feee2e213ff064ccd17277f709ea5e0fbf6e8ca34444b2716ec22954c
    tx_idx=134   0xb70855ff7a4bb2ddb7c953e802be208c1742b64a6d068f2ac74c6b3505f0d5d1
    tx_idx=135   0xb7a2f0a8333f3581a4a76dd8b4a572d6d83fca65cc4da4a1aebc89c6b7148bd7
    tx_idx=136   0x899bb69221b2f22056fff295b5bc89d5a2212d3da810322bc25725781e5a33f9
    tx_idx=137   0x8fd8b97122cf2bd69f743d6c3e637715e3d300aad086f1d2cd776a82da039b0d
    tx_idx=138   0x2983ed7eea1720bf42e7110c237ea06ead3c1744175b8ffb2dbd32851e1aeab6
    tx_idx=139   0x94555bc5dc0962091388bdd9e2806322bfaa1ef34964e5da798b234d16f024d9
    tx_idx=140   0x685e4ccd7ccfe9f57534894acdefc46f09e45e248ecefc884ad9f35acddf6a95
    tx_idx=141   0xe994b38e0f6fea046b5eb06257df104df755c6343e14e831775a2412c7c0035b
    tx_idx=142   0x8e6280c51f4e93a03c18873c45371d5d0766439e242dd5c95555bab3a96ee997
    tx_idx=143   0x60f2802ec8f2fd8296a834c0af39cc51e979a51e05ee0c88f6078b1d29a928b1
    tx_idx=144   0x4dfc208e5524bb802d0d92669f50c426ac16ea328417caf637273cb4de32a82a
    tx_idx=145   0x4704fad726e0bdb9332c539287dfc4a2d53f87f665f6cb7ff10b329735885208
    tx_idx=146   0x230000c87d5d248e9f50bc344dccc5c60c3b1ccd7997bd1087a9d5da04ef2257
    tx_idx=147   0xa4ca2ba8194aa84ddfa8ac438b9c04edd781158b95b2a63ff963b856c4f89989
    tx_idx=148   0x62541bf094535123193a5782c9dc72aec24f00ea13ab70f832ac1f9df8e41992
    tx_idx=149   0x922bc9647470b85678734c07c4920aa2ead9db4424607469f3d45f57388dc63b
    tx_idx=150   0x8f0132c5a142f2574ca41aa031f59927df57d09ce52f94255cbed8802e6bdcb1
    tx_idx=151   0x750d7163a2f408b0b0602a31086782e16f8c4a7733d9e64b31720ac26aadb030
    tx_idx=152   0xe5dd385227fa0d3ddfa4b60b03f8e606fcaf5f22d3825288624583e184a339e3
    tx_idx=153   0xea2511b48a08bd532aeb906ca6d989c79e38906ee656d194973e69f11bb78a5e
    tx_idx=154   0xa965f88a86fc1cab2b2bf2674a9f727ba4eb7865ebb51d840aa8b7f35c5d68c3
    tx_idx=155   0x7add231152d4adda43747d4f9cf0cfe970ec6eb287c8405eff5fcc47a9a963b5
    tx_idx=156   0x8dda6b5f4995b7df40d1cb914f1c571071f2e3a5d9c54b037686e14a631e0923
    tx_idx=157   0x822d81240aba8feaba8d2223bb146adc0968ed43841a77060365a195f32aa9e9
    tx_idx=158   0x9ec5a05236cabe418fa53534e3dc5189904bdf9d448cb7eeb40694c145f3b4a0
    tx_idx=159   0x1afd17dabe6e2a4e8fc42eaf951708c7a274af4967099fa86e919497f22e3065
    tx_idx=160   0x1cd10c7503bcc6070cb728a605ab71af6df6e3f690e627f865971eb5eb014bb6
    tx_idx=161   0x8de86d23f34b4287c7daaf34216ecaec47184b5d3e354b6a11c8555f6dd99ea6
    tx_idx=162   0x34dca2113deaa827e3928dcec6d533764c7f0af02f6552be2dda773af04289a7
    tx_idx=163   0x59a2ce1a1297d01c75686ab011dde15a997c94302e2e9bd1ab865a6150684a49
    tx_idx=164   0xec6a5df9e38c6fa907d3a21fddd459ff2341e7e902c0ec9980ea1633755f8254
    tx_idx=165   0xc8ffbb63b63499ef731d0a12c07935b7d3021aa3c459e329c3b3d1a07324adbc
    tx_idx=166   0x23b37d3b766fd5e5c54dab4ff32d87397f354f33f03690c739488110925e623f
    tx_idx=167   0xfc55399c91dc94b9114246a5232c89a23322ef16710bbb70b9e7aa2bcc468999
    tx_idx=168   0x6d5f1f9bfc26ec4b19597beb5395f341a6af0560432488f31c0b97a6872d22a4
    tx_idx=169   0x7fa6d75484083950f5a62ae7aa6855e2297e8b5fde831d5efc4e0f13d37440a1
    tx_idx=170   0x379369a94263f069072e255cf59a1308f38f1463a5d1b3aa957619bd6db9b639
    tx_idx=171   0x2210b7963a3727290ffcda5e3ab569c8c5c407819c64cbe49a565738f01e3802
    tx_idx=172   0xa1b9c2f7e0d1119321ecc6d03b5b73ff7c7d1c57a291efe9ebc23ca9c678dff1
    tx_idx=173   0xf53d8eed7cf52f29935d1fcaf756d8fee5c29ee6d3c7ceccd26a492f4b536c94
    tx_idx=174   0x18e996acdbeac2ce65693d473aa535e83f85814f576b742299817054e52e1c7d
    tx_idx=175   0xaa840d76064d066b86519744f447d265c77dc3e107036afc56f62fab8228dea2
    tx_idx=176   0x65c28e67cd5ba6bf9411eb8fc76d4f9962ff05061bca1634ed73f2c1bed4fba5
    tx_idx=177   0xdd24c5b843a22e41a62bf2fca205804eb9ef482f14410165156fe72c7f128023
    tx_idx=178   0xb322a480b56ef2732c0609c725a020d824914c5f7352e618cc4428f00226d8e7
    tx_idx=179   0x640a9463e84ab3737af3226e29a3605c1c2d723d13164729ce0b392ea84ef32d
    tx_idx=180   0xdf2f39574fe9c49e8c2f42bbe304338ad3827d5e5e30023740ce7df11eb84cd4
    tx_idx=181   0x750d3dccaf1b5b97a4152c394ca0959411804a47cd9f36a9788a49ac7bac6b4b
    tx_idx=182   0xa0f83b0bf56685b383d67a524948877110a392ce84c436d11144b0d06f7a5521
    tx_idx=183   0xb5b52d86df28d893ba5be484e78d23ba22329e9b44602397a2615662a520bfc5
    tx_idx=184   0x5623e9e34a8c9a17ff2b8e708ac72cca831a4b814bc73fe0079b9d309c364f42
    tx_idx=185   0x7484f5404c42161ab21d5f008408897f80d1864eb6737ef7b95ccf8bfd3d2518
    tx_idx=186   0x1818c8af10f796e5f04a3820f65e9f2bf026ff2fab41292c38dddfa5a6e4a9cd
    tx_idx=187   0x298a3c0e9ea087f560c4332e813c0410de1bbca34855e6b62b6bfe11b0b5d66f
    tx_idx=188   0xd0d7725819d09500f0b84ec42ea1531364a47c18ef9cdbeab3c3302bac730c5f
    tx_idx=189   0xc568de0be6792b683d52616c81b81f4d13dff74b0e408747dc5991b8392d7eb5
    tx_idx=190   0x35945714dd227082b65dcf9a5a9afbdc1c19f7228494765ec52d86dd0ac74578
    tx_idx=191   0x04bd5376b67137ad1f86f40a3607509404826a51d09449853dfb3eec4ef56675
    tx_idx=192   0x55b627e2bacc3f892661ebc6c037f5b27932c942e5bdd1412082f121abcd4b61
    tx_idx=193   0x5173aafc36e711870702879f249ddfb16c223023165c4258c6987e7b67c53602
    tx_idx=194   0x9783db1ef587fec7dab7caf6ec7eebde2217cc224580f3f7171f3aa6c8227553
    tx_idx=195   0xe2b95292db427213c30de7eb955279bc00fd634f7845bf8e4d8fa92179b5c18b
    tx_idx=196   0x110f6ec34162207044be2afc66b2ecac78c4b4f82013e056308c7143ace2079a
    tx_idx=197   0xe817170cda4622e417716220a57136074c1049dc54eb7d61a37efbc12b59ed9c
    tx_idx=198   0x70d0ec7139756ed9e61f8f7b1c5d751e5fa098fe279336e4c61df7f6ed206818
    tx_idx=199   0xcc042d437b65bb87736be50cd65c621653e2c7d7f935b4f6e4fe67babcb80da1
    tx_idx=200   0xeeed168ce206be726b85a64eb53e3a09a1c46c7f2a4dac5e11a161039df3543b
    tx_idx=201   0x29edf052b481970509ff0556c90283caf719464d3d3ac869ee7d5eea2f19a5b8
    tx_idx=202   0x77e44f710ee642ff603b8984035e214a24a08a8489789f4b7bb9833571eff1e1
    tx_idx=203   0x315022a1f75a61c61afaa0a166814ebe26adad9adc631d122c698694d99ef4c0
    tx_idx=204   0xe9ceed6df6c76762ea902729b9029474b25707275bdadb1ddae8c18f6e09ebd8
    tx_idx=205   0x48047f1529e42d156a7b7174678a44ce26cd08f770ce8cbe205ad8fceec33814
    tx_idx=206   0xa45cfe0fba9b78a2392395f0de67861bbb2d5cd78ce77055ac2ef83d1bf4b8bf
    tx_idx=207   0x454be7bd222a24cad57ec0d3e3dcdc8eeb82e1319d79146a43229f02962f0296
    tx_idx=208   0x309274566054183a6a93cb04f5bb8f12424a5eca564bfbc0c4def4d048c3343e
    tx_idx=209   0x25b52ac0f123588a151f3fd7aa6f8fcc412c654e72f13594d3e10db65a0bb34f
    tx_idx=210   0xb602e941de1c4447dbfdbb4df43531d0bdb3f1a50588fc00487cac281d2ba6f3
    tx_idx=211   0x84f4ab629a8e9420effba2f9d6551b0460badf1cc049231058241c4fe60f5b48
    tx_idx=212   0x1403401e1f112f6543cd564afe23319e880e91de29125fb00660556f5b438e4c
    tx_idx=213   0x46e766aa47c0642ba6b82b00aa6e996e1c4335b8274b3af1e5013eab7d32c190
    tx_idx=214   0x41d41addfb9dfcafe4fe46a5666ec88823cb7c70967442a36fbdb4fd7d992569
    tx_idx=215   0xae3b6f4c53cad7f2bfbd682117ca4f74d6952720a93261b97b8751d57feb21b3
    tx_idx=216   0x45ab5ea4d4fbed7f8163555e41ad360a8fe0d8d6ab2ba57c9b05691c243ada52
    tx_idx=217   0xc11aae957929455aa2c5fcff4fde81ff72a65b9f3efce5bf758b25bb8e5d5dcc
    tx_idx=218   0xe11e13c88ec5e5cd98d8092fa4752622e8876dc22adddb995d0ab8efa2b61ef4
    tx_idx=219   0xd09643827cbe68851e2c49dcdc336bf6862560b3d4570a95ce95b13107504b4e
    tx_idx=220   0x4a1c670ffd55f1af8269ab76055ce11e17673a56c3e5ce500688e4e96bd62f33
    tx_idx=221   0xc55895d85bf41e930b9109fec2c53c39bd68e4c44375ef5c71ae31132fd289b7
    tx_idx=222   0x5fd1bffc8678ab96ace14377c798eddb6f66ba2ff83e73f50753104ab09f0863
    tx_idx=223   0xa4d9801db4bc9e0292db25b227e075663a4b063d823fb520fa169421577a1ea1
    tx_idx=224   0xe627cc981ad494c7f087a251a340bda70c866bbec37a81445c0d45c480064416
    tx_idx=225   0xf03db07d61e9811b8a65afef66cde3f8556c7237f4245f3498f3854b312e76c8
    tx_idx=226   0xc2242aeba2d480f5e2d10772ffbae436aa078723e7ef01a8c68f6c84d6654898
    tx_idx=227   0x866e7a3d0d2727ab8a349a5246200e01dd8f8c61c3c9c80fb1a32552c42ff81d
    tx_idx=228   0xd48a3d218cadfba8fb2a6c5a1b541901e1c4de78dbade0c4032f8631c857b075
    tx_idx=229   0x68014ea87c6715b6f29740151ad532be06468f1893bd5961bcc8d61f5560713b
    tx_idx=230   0xd36ec6833b5f9dfa206101c9b9995590622265631d3871a1493a26a17b54c545
    tx_idx=231   0x3891844bcdfbce6afc9d614979c1d7d0e62f74e7b99fdccea7cdf28c32d12ce3
    tx_idx=232   0x21997b23d871505abe7f75a485a87100fbe3dd17fe398972178b3475a88ec7e1
    tx_idx=233   0xb110e557982f6aa4a7cb2d24c75aee1df2414e71792a1297d594ac09a3425bff
    tx_idx=234   0x630b1ef6f338fd598c62f7f8cc7ec95cbfae766d9bd909cecea39a6b4342d7a3
    tx_idx=235   0x6c2cc86e021a6c2e402570742d2101ce681fd045ad631be65dffa8bbad86f419
    tx_idx=236   0xeafb9d4043ee2d988cb7b326768051b64cbcf3f73fbad47895a05284c927dae4
    tx_idx=237   0x232a6796dc726a9e01785284ffef2c171b19829ccf5e35aae69f5ddc7db30d43
    tx_idx=238   0xf4f5b7344b6e2fde416036e38df9e9445f132b6a79a0adbbfb2eb358120dc37d
    tx_idx=239   0x3c3b65546dee232ff6e5645a3e9249477856dba4dec4e0eeac8e0514589cc283
    tx_idx=240   0x5b53342d0ab287ee8b3b0bd92a080d01e5524492a430e6a6853fc8a4ceb0a841
    tx_idx=241   0x86180cd1d50d2cc807c2e207915d8477eae9b5f1f7de1a88e801c92efe40cece
    tx_idx=242   0x6a2244923469e4b79e2a0016be156449f21994e409e55bb8243a664fda6795ec
    tx_idx=243   0x7cfc1dfa81e17f7648cb92b7e665111dc9136ffa7d9b9161446eab885ffa4a12
    tx_idx=244   0x3e46423771f7c2c26e65ed977eb00cdb3fa5029a04c9cb81509d57a53edd3777
    tx_idx=245   0x7ba88962cc6928cdf0f62ca1ebcf63b32d4524d3951a97710ffdd50d612d600d
    tx_idx=246   0x6f54b289d0605975d82345b987d8c170dde18b04e86ec6f4d6fdbd61e39f028d
    tx_idx=247   0x3b5f7affc95f6237d68fd096a98384425c49774bac58f3c84b0d6f52574159b0
    tx_idx=248   0x97865d571cde7257ef982c0e939242f60684f0f58a6e6eacd9e00cd049ce0317
    tx_idx=249   0x68d121724607cc08bf4589db7cb0beb97f12b4e7a2d9e84b197707c70fa98345
    tx_idx=250   0xd9a439f51789fb43ea6e9dc8e5567d491b4fcb70fa70d3d3eef1afb61a768a6c
    tx_idx=251   0x582eba128d9b92730eea2e8fb7ebec6936e451dbb8e08fd958aa3e18243cec1e
    tx_idx=252   0x80049ed7c4feedd17e13275113501006db0d1a7cacfd9bb0577a61aa054609e3
    tx_idx=253   0xc000de0ded238a1f91b8a7215e238897a4209fa5f62b1644fb09a1bf5bac2b2c
    tx_idx=254   0x78b2cc32f7228f05144fe659fe30c9015cccc1a4dbdb55c6ab1679ea4e2f29dd
    tx_idx=255   0x4d421cc11bb76a03e7f7b39c2c21c6896807d26b7656af436d6a39772933f396
    tx_idx=256   0xe6b49f7c4a0ee23bba18732788700b81719fda3d5b2593a6692f5156ed0c666d
    tx_idx=257   0x4dedc8beb5426541054d5bc65f1e7d5c145081560311e34c1313631b65b610a0
    tx_idx=258   0x42c37e8f831c1df45904a7b72b57d589ca013624dab477d4ce7571635b111111
    tx_idx=259   0xeb470cf2e66a5fbd91093936e4496fb55c439623f5092fafb6c40e721db8af42
    tx_idx=260   0x68c9385aa7feaf6f00caf1347c0d805bd96447e361c86b87871ddcd194a72797
    tx_idx=261   0xa22c091316877656135d88d8f30e888c8e7ec88ca510b6f2d6ab5fcfd905d63d
    tx_idx=262   0xcfa4a8953d7f65a5cd300d85bcdad877e230ce99c761e672f0899fe7a8149a7d
    tx_idx=263   0xc48beb4c90894ea0cb21272634dcb2416ccccee7bdc7e352bb6bf7b6055bd4f0
    tx_idx=264   0x667166c228159435be408b229576abc88a5a82a674042b98a3049c1a9b33c158
    tx_idx=265   0xad73dc115450a6709dd58e116921f4d8ef05e1cf97363a85e7c3a72e45474159
    tx_idx=266   0x20f4ffb8359d1ce373140c6f05f761d81313376e34c2becd566feafa3fbfef80
    tx_idx=267   0x816f40cebf852be136a778aa7e9449d7507c02e6d1cf9bb93c38e011608286f6
    tx_idx=268   0xce0393b074f5333dadda3abc0afe310773a6c02e805a7084c3d0cd84c2517708
    tx_idx=269   0xd26aad7996d8fc3c898824e914197d9ad3df57411c1cd4d7dcbf5472a923d682
    tx_idx=270   0x4da9d9d93c433c8d220dab728897da6ae811f27c3bb8c06ebe86088c5cf5eed5
    tx_idx=271   0xc172c054c80c102e8c10f1dcdc760ae723b2cb46fd2237bbba891bab0fe17d5f
    tx_idx=272   0x7f169ba0b33ea8f6f1b3d82731c2c97ca7e0aa1098d6365dfc37d9555adc1c77
    tx_idx=273   0x1ff5e07bb63951b1c8902145ff5dcf790b0348d6829776dca4d287ee9fc54d59
    tx_idx=274   0xa870873e8d7b990fcee0f9685a8f658840a0539e866f49333dff7a2722ba2eac
    tx_idx=275   0xa7f16843d264443571c3a61ade71e6057d10955955e9002fd7a6e1a0e02840b8
    tx_idx=276   0xa09b82e9fad8220dc36ce1aa178b1a40cd08160163432cdfc2d18462aef3cf13
    tx_idx=277   0x79986eff9558fc9fe72649becaeb318842b338bbfacfa66c2ca16e62cd8fc4f0
    tx_idx=278   0x391b57d9dad2a24176edd0335153c9cf3e22bc6c6485c5cb2269d7acab43b394
    tx_idx=279   0x2af53ccf9cbf3d2701500077af63c282714755353fdc6e2895bb70f8683767ff
    tx_idx=280   0x0840f46c585499cca845cbe5aa2f3dd1306ba835ea1ba6a03c6e0af3d1c8d7c4
    tx_idx=281   0x1af3f1077d1af044c50a6142f6938f1608328dba18bbef387bd6404e1e2d4c8a
    tx_idx=282   0x40ebb7c4eefe2236d1e2e20b9bb1d13cf451035b14ccfd6c87fdc81d84649f1e
    tx_idx=283   0x67e9147d04ff64a9c7c03b39fd85d8f6e6eb4bb014abd54a26a0cee2e4a5d347
    tx_idx=284   0xd9b0673d7caef300f0bfcb8ca9b0840b0f69308151e02e5126a917ae2d9cfa53
    tx_idx=285   0x96004384a945da6c4c4f9aed158d5185b5a8e81357ee652d3c296a597e99bb2c
    tx_idx=286   0xd013eec8e02226510caf3cf28af94785345c1706ea65f66eb9a9949f963dd3b9
    tx_idx=287   0x18e024d6631ca28f0a9b412f712cc9e05559e52ab672c90146d1895920815095
    tx_idx=288   0x9da2f3fa654e897cfee95f73d7b0cf0fe0ec187dc8ad8f213a92791d7097b9d4
    tx_idx=289   0x93b384d3ef024cb1746ba463e26f34313d210a62f359f3d3c26c9fd7348ae802
    tx_idx=290   0x50a32d4a6774445dd1f3d9c5c3a02b14df13dd5982d3c3c033f97df088a9651b
    tx_idx=291   0xc625d7559de092aacbbe29a8f47dd8f568ad79229d2ce3d764648956e06c909c
    tx_idx=292   0x124e92d1d68b5800ee9a53eceeaa0b83c17d0fa180593b987b648d2720a8e6eb
    tx_idx=293   0xd5f2b7e13cf2e2a15c2b43d2e4d29da7243754d55063938ce93380dd55cb93f1
    tx_idx=294   0xa4235f028e0e37508f272d6839e0fabe77c021510779abada05f86d1b46ff1af
    tx_idx=295   0x52d1ff03a1a7477f256996ebf478e7cc49145e263f8cfe11f2aabd605ecef57a
    tx_idx=296   0x18587ed42bbb4d29da3c36f8f1bb41f1814dcf5046135279c0b450289f6d802b
    tx_idx=297   0x8402aa99fc2f0d6688dd54ee613ae59ba2ec6562e8bc7c32a186105f385f153c
    tx_idx=298   0xce7f5eac1f54e4b109ec473eb0ec938557867d7e283a0f8dbfee8e43c5adc742
    tx_idx=299   0x4dd960407322b580b2a4fccd7960ec5975657e3c5b94478cc82d6be823dd8873
    tx_idx=300   0x6b9b15184c0d6c712d919d784072e99fdced0fadb7db179399887e4ce3ebc17f
    tx_idx=301   0x3ae29ea5d6da39bde67bec6abdc1e58d90215c3b00acfcc47f5cfd2bae913b05
    tx_idx=302   0x93089b6e06740feb8feeb1c30bf1b0d2e68be68e59b71829097f0a406bf4a90c
    tx_idx=303   0xbc4ba3a5d84ca75b7179c06edfe41c6c67feed2e9bc7fdf2a883d85ccf248989
    tx_idx=304   0x0d34faa40ca27cc2c418f992976ac6b22c56f27afbd643d63205342d29b0defb
    tx_idx=305   0xb131b74e1945e224437d1c6334ab3b58e58d2798f9183120ab200e39b8f95e5a
    tx_idx=306   0x7a60aff7617de59fba65104fb7b224f0291214608066f28b6f43b8acd5a7a7f6
    tx_idx=307   0x326089559237f5f66093caa90fbc667ac9dd84a345a11527923b7d92b5d41c4c
    tx_idx=308   0x576fb2e5eeaa84da5e7bb6db89ecf2fdb54f5c3a4e9dc09d980f2a9f03f8d349
    tx_idx=309   0x8fc3d56d6e54c0c3d5098e79fb682095ba01e24ce4d268dc7544d44af26ea814
    tx_idx=310   0xec0df478412596be945fd4f12d72655aa8df2c7f3e6e2ef1979120c45b6893ee
    tx_idx=311   0xc55cf42f2c9d9de0dc0c672990175618dec5860530a4ff29f4149e0cec9f7a2f
    tx_idx=312   0xeb04412307341416ecdafc18796310e243f6948e835d9eec289672f7223bff6c
    tx_idx=313   0x16b3c9a326456ca97ceb3296396379eb5141318b18ded6bf58237f0f0c411e6c
    tx_idx=314   0x715a36994468ae1ab25d8bd4c46f2231e1c5251f7edb6659ce933ec29b50f026
    tx_idx=315   0xf6c395b2ae28fd7e2ab83a7269dfaa4d8e447afb15005a827795e88292e9f2dc
    tx_idx=316   0x72f9897cd742afb3329e9552245a629cf091d3be69f4b9e94f6a84734fc09420
    tx_idx=317   0x9e7b7e35c4fc571010c089787241b5ef66f16f924c59a8957202215833790991
    tx_idx=318   0x457987e6ae904655711ae8ad09d3db3a1731a3294d1166ff1d6db67813ac3313
    tx_idx=319   0xd2541c8d2123cdf824a94bc69556895cd99a01f961f489f97a7e715992ab6e04
    tx_idx=320   0x4a88807e1842d03c37aaec53c1bb75d585fa8656a7e64ea31dd511e44fe4d62b
    tx_idx=321   0x573744dda0e9e0d73d4fdb7b507ea5f40dbf0d3f1ea2b7a5234873313d9f0a6b
    tx_idx=322   0x6fd8666e2a8fade262b6f94fee6b8a09c83c893ea3fbb4e6ea795354de18ec6f
    tx_idx=323   0xb95850c690c2d7174516d16b241dc11b61b62f4f9355254076d068901a496b2c
    tx_idx=324   0x2f307e08199d4b6af45078a2ac320d562c8aa96e1bc490e187a06bd60a8a3734
    tx_idx=325   0x40f0a0853350e3231db9eebc22a138e0ce549e8c765bb08de14b12d57a31d963
    tx_idx=326   0x30e3cd5a5ef5b3e43a08a2d7a6c101cbf1fa0a1589d7c30eb2b008cd84e1583c
    tx_idx=327   0x9ca9ec4ceeb659cf94ca44cec7a417598fcb52df964f5deb8868bf046c3fe561
    tx_idx=328   0xd5a214963f868fba1d2fff0c1cf19adab4e669599ef028a72b6d98827b22b56d
    tx_idx=329   0xe9044c8d14bdd8547c475c613e25d5952a2b273ee516b25a44ab20f8908c479e
    tx_idx=330   0x35e1476e27f94f3e0ea795c431095096d2056910804805174c3be2ea0809f4f1
    tx_idx=331   0x90d90d4dd165f3cb6e4bf65ef94d4e5bfd9ab97c98994adec5d987cf474fa1a2
    tx_idx=332   0x102f35760c9a88a54cfc7d4dfdc602d54dec6430f3d3749398fcb1cdb21ca5d4
    tx_idx=333   0xfab4618fc35414668fd10081cd81d258599114b72852741a6726c3f42b3b0973
    tx_idx=334   0x40f04c4d48835e2864c7c618f3e93e0a8cd4c20250b0debc66a8139bdefd5bea
    tx_idx=335   0x966b2fe2d285da2c70d2100cbd641c842fe70cb2698c86e957caedce3805bfc1
    tx_idx=336   0x9fcb302da3df9b5a068cc80159998c78b535bf7792c336d398be10bcca2aea0d
    tx_idx=337   0x1944625c3680024d154bb2de36729233b2380cd3409a966e36d5d0c04f6b6eb4
    tx_idx=338   0xd2a563b66de8dcbcd6971ed992f044c96daa3b06c12f17962bd25523d2577aeb
    tx_idx=339   0x123d0714bfc5962c25bcaaffe6aa384ecfe11f9189492267099e6e2f09a9f819
    tx_idx=340   0x28dfff91666405e6cba65f9c38aa8a388bddcecf91b5f19758ee8edaec9f66a4
    tx_idx=341   0x6c4c16f8c759af3200cb1a6f8e90119243762f7c6b6dd2e6503fe1248edc0463
    tx_idx=342   0x4840de1385fa03f65c04a3e802b6ee77f27b3fa6e99bf75d4ee00e213f9ad809
    tx_idx=343   0x0b45f1b4540393a70988c235a3583f9dce1b6ea84afaa203d5897c85caf9b8f1
    tx_idx=344   0x7bfc97d1b81aca2c6c7721327918c9be1892ab8a585b3cac74396eeb880842da
    tx_idx=345   0x7d58998ae413c9ba72c94e7b29147ab77d514436b81de88826e2d66a9d80984e
    tx_idx=346   0x4654426800518ccbb6c5946cd4382f4ef699f46817b20825f927588f7970859e
    tx_idx=347   0xa4b3c5418f3b4434bedc7f5384e510f6be79100f7aa9ff45ad336ee7930fa55a
    tx_idx=348   0xf61e6f71fd7d9e7ee981ec548613295f88f29a95410ac301fe6969ec400864ad
    tx_idx=349   0xbc1b769de0534babfabc2f55e85c206b484dcdd3776d7126368a790e8ba0139e
    tx_idx=350   0x969e3bc44214613f0953e4a6b1bc49baa505c124a29b0b7a9376aaa887d5a3ba
    tx_idx=351   0x701dc9bcb0f2ab186fedd49b27609ef3504be83627ca89477bd455b5b0233aea
    tx_idx=352   0x861e4e3ffe111d3e669c9bf09a01d553e2ab83afcb7549462ccfa3eafaeee672
    tx_idx=353   0x874e35a79151889c4bbb19757261618d49911aa5e6fd7037ddf394b79cf3ef87
    tx_idx=354   0x6084f424316113ae6575d8d6853c06caa88a1e087b2146b93304a18f18276749
    tx_idx=355   0x69a6cdbd5f1d4360d19a4f40ef251f5de971e0032179b2b50e9f8bf57c7ffc55
    tx_idx=356   0x45276e85ee2e9ebfcf71a9bcd5696b1099a7270ef66837e02148c2b0c5957052
    tx_idx=357   0xe2a2d6f1f13ba5b3be0d82fb3ad7cbcda37ccc53f5e099a5f9071cf868b8a345
    tx_idx=358   0xbb07291b7b9e2b64a0cd4256bfe5c4af5858e76a6347b831936f90a1b85f6e64
    tx_idx=359   0x8b43565c991c353b9c8ac27c1d42a4434be57028659570c0bee2ef3611fbad0a
    tx_idx=360   0x8c5158480747bf270fa5a3810a0edeb9ba3fc64f5cde9dfba82a2bc76b03fcd6
    tx_idx=361   0xe025041f1c7aafb716a473e1187616fd125af96ff988f31ec61ff8cb31a6555a
    tx_idx=362   0xbff667378aa9d9fb3f86307f45f95ad065766a0d6ef87a0c3ee099e5143a775f
    tx_idx=363   0x8dfe86a27a7c83319edd7634bc88e3d6d8b3ece6a75f436c00bc28f3f0e73688
    tx_idx=364   0xbed0080fa6de8f8023b8c3ec2eb16873f3993635d9a2508d664bfa6bf065be9b
    tx_idx=365   0x0892fcd66f3b20f610e509fbea8da2d0c3bb808a26ded6703318561cf3502f16
    tx_idx=366   0x1895ea73b742684a9d468e3d53e692d4a902e2284d40f6c17a6af57dcbf5cdaf
    tx_idx=367   0x7cd55c7c56237d8da3bdf7299401dd1dd144149dd4f378feab1bed41cdc2177f
    tx_idx=368   0x89e89d95467b18f67d986b8908c142ebc7b53d21fc44edb82d2c0fa0a8eccda6
    tx_idx=369   0xd64ebb071967365bf24128ede5029e09250f99399d35dac1e2286ae25c62a167
    tx_idx=370   0x7ecb15c4e403ff9bcaf494d9db8e875d7c3358c4dda6c964b1d2bc4cf0ffc46b
    tx_idx=371   0x228f698dc52f4ce6e12ffcb5f49557db835befe1c3e5560796d46c63e1f8831b
    tx_idx=372   0x98b7472d6e634f1a94009291f05681db3bd8cab5a42436d3e3a334d29f40d72b
    tx_idx=373   0x37f767e84a807f074cb350468120e94fb15c44dc0393084bc436a2c6a1f172ec
    tx_idx=374   0x7f2527d8f5ddf74d9b7e9114f3bf6e736692e58fc3690f09895efa89d7618725
    tx_idx=375   0x0b61b3c411353acbbdcca5e67c46066e46f8e1e6c85f1e5929508db17ef95fd5
    tx_idx=376   0xb02ba6dcd31793e814790832785bf4e5de285b96dec46388534525be69b98458
    tx_idx=377   0x3007a6442edf2a1d414df3b7f10f6b0a946bfa10194da5c4f1a541f80149a0f2
    tx_idx=378   0x135009e4ff81886fd11a39380ebfccb59e29ba065f4712cefdf1c7d07e86ab46
    tx_idx=379   0xed761dc37379b7b7d4fb9b344455dd98ce85799725764bf9d89be06ec656220c
    tx_idx=380   0xb2deabf47e585375daead4ddadb85fe879442b69fa1f81be77a57cf3644f0034
    tx_idx=381   0x1fc173e496d543c605ee5d380368c8b8c6f06e8e29763770911b8e7d30c37efb
    tx_idx=382   0x5e8827a332720460cfcb7e5b64ff48923574a5cac61b9e23a93092a8b47e489a
    tx_idx=383   0x56b207a4bb10227b682513f2e37a3ddb529c80532ffddefd8276e32ae4a6b863
    tx_idx=384   0x71390173c88a117182f3c4790085862719cb7f22dbc46fc1487b9216e9bdacab
    tx_idx=385   0x7de3e8446b717e1e64dd6d85c9cb52dade27cd62d7517af6382dfae9b1447daa
    tx_idx=386   0xf8f4ce1819d8024bb632141efaeebfa7dd6a9e88978fe3afc9e4a9b3270bf447
    tx_idx=387   0xf23ccbb1c1581f6dcec03d68cbfd362fbec656d8e33c32604f60fc6917507663
    tx_idx=388   0x1e9838434675158e71750abb78fca32bf01e60862486df8e1bc78345b7dc77d9
    tx_idx=389   0x49aabaa342ef94e1fdfb07d70b1cc2292e3f5b1fb7348a066c14e7f55eb33350
    tx_idx=390   0x9b8ae0218b5a20e843deb607c42a895d245a8412a4d7644c6c81e7273c50893e
    tx_idx=391   0xc0b749717afa7a62b8ba8d46da4c94db32abdcc95111dc2d33a2a98658c5259a
    tx_idx=392   0x95ea03df228cccbd977a2c9d8b1caddd816e61b5584e1a66254fb0d198034149
    tx_idx=393   0x89a50292328c1cc35ce3bd689fd74ba4b098a3f9e12fe6703e08dc19afd138b1
    tx_idx=394   0x7db61b759e730f8e6539eab385b00408c3533bca9a108efb67c7c05894c85956
    tx_idx=395   0x8572302ebee49486de607617ae7da2a3dabba7110849a355c8cd90c128c007ad
    tx_idx=396   0x24199246ed7c3dfef3b7a2a8e834d6f19c612645c119f3136ae19c34d7c58e28
    tx_idx=397   0xad5f63c97dde19dacacef6720c319b60daeb3f176a3cec145e45445559ea7864
    tx_idx=398   0x22b3eede111e34ce55856f4b9f462255a3dd44474f3f7b6af9e61da93e89562b
    tx_idx=399   0x98b1b4b861d79f273500aaf2d992c1a6db3cb4452d5b4cc9c0ef8088b11bf8dc
    tx_idx=400   0x0c02112e67d2829be0eedbe3769cd77e238f50167b37bab7425e8cf78bf04191
BLOCK 25493260  status=OK  canonical=246  stored=246  bc_tx_count=246  canonical_hash=0x68fb06cb518b3a7812979c588e8df38b5c3afb6ffe5a4ccc512a2c402c35fd4c
BLOCK 25494470  status=OK  canonical=193  stored=193  bc_tx_count=193  canonical_hash=0x6c8f3d4c6540917c862af53e27651342a196cf26333b7714e2a566e5644380b8
BLOCK 25494917  status=OK  canonical=285  stored=285  bc_tx_count=285  canonical_hash=0xefb5a83f0af4c35714988cd9fc24080e60796d7411b4d645db4cc3eb7b9aa054
BLOCK 25495300  status=OK  canonical=205  stored=205  bc_tx_count=205  canonical_hash=0xeedb1f0c473c716ccfb4c59bd8f3393261aa1a5903c5f67bf76935f0ede9c39d
BLOCK 25497198  status=OK  canonical=175  stored=175  bc_tx_count=175  canonical_hash=0x6afcf202e51ef2359d01110722b7c3dd50a8a9ac0072c05798aaaa1cf1d777f8
BLOCK 25497881  status=OK  canonical=428  stored=428  bc_tx_count=428  canonical_hash=0x3975db625d50c2be80278095578c79b08b3fbb4339b8a2f38e755b5f665b0289
BLOCK 25498516  status=ORPHANED_SUPERSET  canonical=159  stored=405  bc_tx_count=159  orphan_only=246  lost=0
  canonical_hash=0x10b9a10be7aa737335ad18714f47a39ad05705b1d25b38a14145a380d61a477c
  ORPHAN_ONLY_HASHES (246):
    tx_idx=159   0xc39fbce85e1e8196eb32cbf670e3b53aece57a4490585a33b2132fd546c94adf
    tx_idx=160   0x711302be7e3427b940d595efb78d66a17025436f7d74f8b31dd306339d1bcdc7
    tx_idx=161   0x6df0089a70c8124a7ebf9ec50313fc10059dc8ecac06fb62fc82c6bd9048738f
    tx_idx=162   0xe7ae76cb23ca0d40ac9c9b574607ed1ec57d4e17b164f3f882f4bfe3c355b0db
    tx_idx=163   0x69dc6e9493c576e9e4f10efc91944363825e8b032264ede0598f3067ca6886ab
    tx_idx=164   0x736b40a410cc0cb1c3def2ec74503394466833556778354746e8661bed7695ec
    tx_idx=165   0xf8542a5749480774be6cec051937ebaa2f42d2d0f863d37c3f4a8e4e49afeedf
    tx_idx=166   0xd9c391b154608d01edd9de3e0ca4ccbb023c89773691c07e44abe2688ed54386
    tx_idx=167   0x388fd652d4d305843cff0326eba74f8997ac2c19fc5d24cb832dc8f845c7aab3
    tx_idx=168   0xee9385a79c647a0837e61b650726b3a04d47c009ce808cc18618f861ea186e6c
    tx_idx=169   0x62b2b7a98944c091f09214be4526c5cf6cc639c376198178063792e115f9668a
    tx_idx=170   0x1e15479d4673ab184b1f9c396d11126043bd6ce580236cb5fc1448288d7f3847
    tx_idx=171   0x2fbe4be28ea1574ddf0c51d31f6e52c3626d5044a11cf92748af5a995ac92ef0
    tx_idx=172   0xd1a418cce66f4c80894750789162aff72fa1a9836445369f9184e718646628d7
    tx_idx=173   0x4a42f984d3141b6d1d50da8b95cdf5d1f0ab6ccb8a127c4044a8c1aaa02d8843
    tx_idx=174   0xedfc6a5d0f5677d1e494cf6f87560074d5c52a4f72cfa6439eef3c7ec0833bd0
    tx_idx=175   0x8a245c51c640d5152533c26e04183cb95c5a17e0dbd5cf6a7f44edc15c9507a1
    tx_idx=176   0x18881e04b4f272650d10cb1ca416e4ec706975a9ef0b8c701bcaaac3e9e44157
    tx_idx=177   0xc473891e537002917b489147f6486e1aff476c43d927833f4768e4722b588a71
    tx_idx=178   0xcc0b789b66a18d9afee49074fe5ff7ee73609d659a2515ab08d3d501d36d18cb
    tx_idx=179   0xd32230ebae6858654b1788954478db72f3f589131e56155770b34fa143f12533
    tx_idx=180   0x46d39b1e53519dffd6ad6ae9e88230576edd2fa35805a997b341903e9c3f3182
    tx_idx=181   0x49a839490ec70a075cda12c3bea2f6af1a2a99e05a3df90ea07449b6a5b21ab2
    tx_idx=182   0x51cf0ceddfebf4c402c9ffe760f5f240017d34bbc03e54e78c5a97d830a59587
    tx_idx=183   0x575f181d66cdce61b309027172ffc0a924bc53400df85d0f798456893ab05467
    tx_idx=184   0xc1248c7f60ec7bd468471ab8d0f39d3280ccac87712d287cd399f729d4626077
    tx_idx=185   0x1ff8b82caae830c2c7240162f83578ac32cad8b3de1bc99a33a8db48cfe3e240
    tx_idx=186   0xe8a4391060659405fa127d08534731b1b116ec1c1d6e8a58060c1dbd72e8c526
    tx_idx=187   0xe08fce831b9a76e5fb2629e91d28fed887ecd49a644af79a2fa96dedabf30613
    tx_idx=188   0xd6ea2fed53aa4c562457aa0126c5d62ba119968e8cf17658a06ee4b6a6252695
    tx_idx=189   0xdf76b66cf8d67de02db2e8febdbcc527f399ec6e5add8dda38b705ce7f952792
    tx_idx=190   0x3a7c90ea41352ee29bff6b292fc8e89a418583dddba77e3252526878201c345b
    tx_idx=191   0x4de69f6169d0621bd7eb9c5fc63c94ac202b820d68cb1763a885462fd2459a15
    tx_idx=192   0x2db2676133d8df758a33307514f689f9641de2c2bc3eb1e02cded17c00bf7491
    tx_idx=193   0xe49e7de6b50f316eddd5cfeaae2e08c807023ee5a1c4c6b6b4fc635de1c9755d
    tx_idx=194   0x44cc004e3b23f39976a8194ec633ea20dc39a41e3f786b063cdd9d84cb2dbbdd
    tx_idx=195   0x7b619a28785ae421fa57b05664df58c34d39cc5c550c3cc9ac18b74386c77eec
    tx_idx=196   0xb44dda2517e8be492d6a82960f140da2ce58a1f3163ee2692d232669e66aaa22
    tx_idx=197   0x1edc0b04701d8c96e7754376e2d1f9ed0df6931c81e51b33baad776b3e3724c2
    tx_idx=198   0xa0cc379d2722d2c1fe095e70ec9403232c0ff6df19c4b468c0007f7bff365fbd
    tx_idx=199   0xca596bec2d45193ee12e6405695fad57edaa18e9905f7e83ed8ee9b6fefcf5bd
    tx_idx=200   0x49ecd86ed450ddc7014de4821683b254b57a0214cd5268ea918f5f100b391fa0
    tx_idx=201   0x018e1481918aa1d4d1fb29e31800c4958f21cecd0eb766ee6aa98d83d40294a7
    tx_idx=202   0x652d3e7ad404f6bbc945e244e9b706790e820e87ee877a2bec512518bac4d93b
    tx_idx=203   0x700ff944f3fa50e5dff4f8992d732801ebb68f05840ec432eac02ccf78327892
    tx_idx=204   0x609c7611902b9707a93b01e22e041a4e026503af5b734b9740b59999b04db6c5
    tx_idx=205   0xb03ebf0306e5dcc69356133876cab15953d99f174f15f0c148fb8a5244df6199
    tx_idx=206   0x04c13938505d090e757891d9d843ad2adae01692249b8f392969dda67e067583
    tx_idx=207   0x3d9d4e304361290f10154487a3a26e8ec1a982d6b8c906118f55dfc8515fda9e
    tx_idx=208   0xe236a52af6b291cbf20f40bc58bad833e32a8d994154a55c212944b5058cd7cb
    tx_idx=209   0x1359e8652bc96e98564e18d56b2c7d157a35d221f9679679d8213e1862c53422
    tx_idx=210   0x26c27787589a2dffebcf4c696c91fdf742aaff8d46405206f061837c30c9bc56
    tx_idx=211   0xa3c9850646ceb19ad278a24d1127266e4a8d8754b9cd728a9220e6515370a593
    tx_idx=212   0x28c3b613ffc097439964ca612f124aceeb57e2a5182279ac4bc1744bc15091f6
    tx_idx=213   0xc2c4600a5888bb9f2bec8fcbf65b6f1ef43725608aa4aa55ed1021075eaa6d56
    tx_idx=214   0x687758a535b15f454cce8e18349731383529a5977738912ac13995ff9086c049
    tx_idx=215   0xff951211bfe4372f8b4ce2985b8ce856c598283e5b7f172b7cb1d409c7a9ac4a
    tx_idx=216   0x2c3dd4655df2e282af92382f2d0defcf740007b5aff5d68e299dd056b3d3b4b6
    tx_idx=217   0x054be632514032a3f16cfd0b37a6bc435b06f0491a09705e5478955c7fda6800
    tx_idx=218   0x40f8a6748698d715e247972574ed98960316634a6af245cb7b03b131963999db
    tx_idx=219   0x29a4d2009404c12f14e76ea82c854f2a9a40070109058b1f43cda2ed1fbd4ffe
    tx_idx=220   0x3b61383b363de5cec4c452c878b1840273fbc3e8e68aab7194d6d3d9864961a5
    tx_idx=221   0xb57bc37f7ebef54b607ea11876d6b3ef815dfad670030f373ff84c9a5a4a24a4
    tx_idx=222   0x797e59413468909d09c7c31a155b05d65d65bf49809c0700cedbce67eb670fc1
    tx_idx=223   0x22673e9434d014f2499da8bf1c73537674bab7e8dd5db570bbc83e3024a7446b
    tx_idx=224   0x838d0a24fa04987324c3aacf6a4f565ac188465de683921632310e13a0e8a7cc
    tx_idx=225   0x0407951e285024d923908eeb786a9386d3339a02dc78d319b0699f5e3cdd0790
    tx_idx=226   0xc70fa4220a5d6d0a7d008dc4cbae366899e421be70f73f08c000aedf870d2dd2
    tx_idx=227   0x3944234b6c686f80da1af01d7f6341f72111205699ef797bf627fb75eb07e830
    tx_idx=228   0xf78940caad11bb6d5d790f7e392105ebbdfec64c17920660477cf308a916c263
    tx_idx=229   0x35e262e8365259cf4a589fb2ba314d04bdb5765fdd99e9be252aec325d6147c4
    tx_idx=230   0xca9d48643418843106690c62d23eac2c8a4d8b8621274ace309754202e562589
    tx_idx=231   0x6047241f5ca14bd4e6e7a86a9094ae7669b18b9c4045a26a779898fa743b0c3b
    tx_idx=232   0x8528399a2723f0b1636ace82ae131d9300f834b13e8a90120b494c8a438e45e0
    tx_idx=233   0xad7594482aff39da3e4203a1f7a0a3edf97b8c17b55010832aac8e465d5563cf
    tx_idx=234   0x72ac60595417771e71decfb97dd54be4a0bdf5eb4878779391c857eeb8ba539c
    tx_idx=235   0x4e5fed9c89b5f800a4be95bcdcaf2f4c8b2bbd0148d406f510aa43675326d772
    tx_idx=236   0x9f36f634fc02ab07cca94b97deb6eb58323e44601bd407e17ee856cf2a06041e
    tx_idx=237   0xbc87f86b02bb50b233410da8a59cbb01957286fea1c47bc88a2c45a696a90395
    tx_idx=238   0x2e10241e2b88be090766bce68dfa649fcd8ec42627e01aa37a5158bf85abb1c6
    tx_idx=239   0x82f868beebb4500ff0fe01c4ec634ea125ddc972cddba743d26e76625000efff
    tx_idx=240   0xcb8459858751f41257d42e1b0fc48d33fd53cd04cb89df24cb976a5891fcd977
    tx_idx=241   0x05b8ddde6c74eac1928efd3ab0a6805756b34a7c6def1da746967f77d8c59425
    tx_idx=242   0x7b3ac1b85d164e8a0eac3f9a3c7b0106efba4ec08b85211082bb05b68f9720d0
    tx_idx=243   0xb7ec867e1dc5ab3793184ddcde579f57fc482920960aaae8dd66cb67c7c1759b
    tx_idx=244   0x7339497c9f64e3af680dd58b0c86740aac6ec36602da6721094901c82ca0cc3a
    tx_idx=245   0xd72224c5d5deb988f77c0a9dd9d8753e41a55e3e9bf0a0492165667fc3e1b46d
    tx_idx=246   0x7c66e8cb10afa744b7387380dd028a2ce5164cdeb8274e874eb0969841374a1d
    tx_idx=247   0x45959ba4411818369ec6552d9727f92bf0cf88e265bb597a459336ae71ed04d8
    tx_idx=248   0xf453dcbe99d69a1fcaad2072be98033eb3b701fba1cb9948f1b4d693d7d9a638
    tx_idx=249   0x954ba22e74163488634f7c4f630065faeb714bdcc1c0b7d3a528319d2afac139
    tx_idx=250   0x76f8de54af64a5b0d255785362c9d0534dcb5e8b13e7f91ce19d86697902bcce
    tx_idx=251   0xc86f83e085978d77d5c212a55aea02824212bb995169d8797327ea4b2cafe667
    tx_idx=252   0xc79b96f7b66801d929a2f261f7369eec878453e6b426280ecfeeb3a865de193b
    tx_idx=253   0x85b14598508fe87005d163f843db51ce92735ffdc222df1eed08a3ff6f5687c2
    tx_idx=254   0xcdd79534d7de94d0bfbe2e67036a698ba37d4e4aabd47c595a722534beb406e9
    tx_idx=255   0xf79972d6c468c013746ca3f22c602bd314c2b7a8bac5f27412bf42b60652345e
    tx_idx=256   0x119346fa7fb2e3c078a27ea56f97814a88959ca98875448cc1c3ee8b7bb8c8ec
    tx_idx=257   0x99b9140bef6d131a471951b4b0e221ad28236dae049618174aa94c4058f2c0c2
    tx_idx=258   0xdabc3e579e00980879e74bd024b281a0dee655cae906daac27aad5c8e1ab82de
    tx_idx=259   0x757e55ba07a47b3a9e726ce85185aa7db4cf1539c770c260339077c0a5bdc936
    tx_idx=260   0x7c02e93baebd427ccac6717cb5a3f92efdce42097c729c028cbc0745c5ae57d8
    tx_idx=261   0xbfe033965561b4a6c6702560d8b981c8f93426f934893dafa396ba32e48183f9
    tx_idx=262   0x873bbc0b5ab876ddeee824355be4216a18a3f372d1088167ab16c571a77e9a98
    tx_idx=263   0x2414d8d1ccdcfa5455abe0bdb4624864e27b21bfb056863ca773a9e934703d7e
    tx_idx=264   0x4fc6b3656d1e19f304538d8a69c140417776319c6cf5e93f0c14f8a85432f72f
    tx_idx=265   0x7bf21727ff529f5c1bb85d3e0f60b816714a9bc024c7e035470595b8458be5b8
    tx_idx=266   0x7f97852007999e0be88ad41e217290adfa3b3a05941113b4868fd84f456b2e68
    tx_idx=267   0x3395dc147236906542b567443d9bec16fe61b390ecfa320e9bf18e7428354baa
    tx_idx=268   0x818cfd2913d8b95e55bc97f7237aa7df6ec050730334bafc2d5b5652e732cd7c
    tx_idx=269   0x6a7fb889499b7d8667f856ab970bb1d130245c876bfa41deab3795ad24b73378
    tx_idx=270   0xd3d315a5e8ad673b7b91939fcb3dd37c20ebfb3a5095a6ec545cd7df916fb422
    tx_idx=271   0x3371a8cf6b987970d8ae247cacd4ef242072a78ec39e3a3f96e1804c86ae6024
    tx_idx=272   0x11157003b84772e12da6506378d96ae3fdf85db1e9d3a9f34ec0a61bc609cad6
    tx_idx=273   0x7483b9317d28987c3b52135eb0145927a9954f3e148a466503ae85773855dde9
    tx_idx=274   0xfcb894c54419a7f694098037ebafe5567bcf91154f6d70545a800bfeecb009b5
    tx_idx=275   0xfb5a54e08648554043dffbe085e0552d07e192d741430e97a2dc64f6b352e828
    tx_idx=276   0x126e28f90fee48fc1723990a06ef01119674a6b0444a4df0ca5201e4bdeef1ce
    tx_idx=277   0xc252dd6473ab7a2f10ba3ca4cc9a2baf85ac0685aacbd8fe67ffec26cab4f051
    tx_idx=278   0xfec4469eae445b3bebaba51057d960268c10f52699a1fa0ebd4e6d986bba83d2
    tx_idx=279   0x9af9f8007d48ea65d84a72c6062ee37fdf6f34d6bf4bf7b2cacf1699e8e35382
    tx_idx=280   0x34b981fad196dcd95d8b5d1aba74b38a5400caf43d83d0780f735e8c200c3c68
    tx_idx=281   0xc1e23d89652e53a1758edda0fd93565a646ccac1d6fbcdb6389a338c2159a188
    tx_idx=282   0xa49ee9771ba5af3ac0d693733fda259c062fa3a5a7265cae49310cec6946de8e
    tx_idx=283   0xa3d4a3d1421a07249d313507f3904a1b4fdffe91790e8f624f6ab6a7708678c7
    tx_idx=284   0xbe80f13f7acb0d0b0e2feff8e2360185a4c47fc414715a0e79aa7cdcf956dda2
    tx_idx=285   0x4d87c745b56630e2d83e32feb4cf12b3f7be236810fe9b29c043b43a194a736c
    tx_idx=286   0x6bb7f1bd0145c7371c4fc725c5152130c6ebdd8275a40abb370036313f20bb82
    tx_idx=287   0xd4f91f9feb41847985659bfc00d6c4146c23fd3a278581a0c109027e4753339a
    tx_idx=288   0xec203d86d06d2e2291755b1cad11e73ee045f0cdfab3ab21e169c9156ba7d806
    tx_idx=289   0x6d74ca4dcb021e0f836043db32335018983343f0e5231f852fa0c01d98b4923a
    tx_idx=290   0x252243ac065abf00339b13d7452b559db94e13c2e75b4b2153b2587dbc84e577
    tx_idx=291   0xae2790e3197f73270f114581f0a168ef6c2e11b3df439e44e1ff65156eb5faea
    tx_idx=292   0x2f0c65346d4deb3ece430261d7957d1f34eafdab1c98c51d184db72271a8c5e1
    tx_idx=293   0xdded95d1e292c04d96ac2944b6a2036818c7b585d61fcb0a2d72425d13cc5c6f
    tx_idx=294   0x806179a6015eb661eba613cf5c69e674e18d085cac980ac6173e9ed110f8684b
    tx_idx=295   0x2dd42ffe7a484afa471c231fb81396624e5f7eb4e4ace8be8934d52afa218848
    tx_idx=296   0xde1dd480b8f55c023fee8620e901e0f12a8553e38025af7e4f032fdc7a307abc
    tx_idx=297   0x4b6c1f5a6f3a901fbd5a2bd07a54dc80fdb2f4c2aa5ff5ac1501cb8f03112f17
    tx_idx=298   0x9f705b73e277ef5d6bbaedccfff885d9d668779b1141143885b550cba47588ae
    tx_idx=299   0xabb58ba3cced4551005a49a392c94822b49046961eb665d6ddab3253b673b1b3
    tx_idx=300   0x9329de36be4d40e7d288433c8afd1ce7e90ede6b781e34fbc94a82a9c3c3a780
    tx_idx=301   0x057bfcb9aab888814e3c0dd4d136bfff87287ea8dede270a5dcdf1122730276f
    tx_idx=302   0xd78be440eb1ca4298c7bd39a006ec83395d03846c982bc432da2b12e95dfd3fc
    tx_idx=303   0xdb7a77dbd416cc3b38f35c1a74bfeeb577d4a11d5effd9e8b9426072a3508b23
    tx_idx=304   0xb68e2a05406f17d3c73cc094636fdd2550266c0576bfec8d744fabc639f73738
    tx_idx=305   0x369c70e83980581d326f5816d764c9ee363f249c155f0aa63a5ba81088d1ba7c
    tx_idx=306   0xbad0134fcd2db3cb0c6dbf11ae4f6e357f8cb86edc5e1b4e2e61c7cdd73a1640
    tx_idx=307   0x6b1f44ae5e7ad14416128983b17ef3e492c927618994e0f975d509e344302ed0
    tx_idx=308   0x47493ce2f96e0f774b68fc89af43a5f4724071775c399c33eedcdd506183b285
    tx_idx=309   0xcc397a5f071d371afba27ebb48acf82ae3442c1f4d2fd1543d7854ad4eeb5e90
    tx_idx=310   0xa34874369d6124d954f15f8f7220e15f7f159b917fac3cc334179fc06c92073f
    tx_idx=311   0xe94a201d19d0afeaf753f3e12fb44b798f6360e22a04de05f089064823928586
    tx_idx=312   0x685174488a16d45982bd23a2b9be8d68b0386b1268cde566a332b60a54fa0930
    tx_idx=313   0xc04fd2ef4ad6cf9dcd93221147499b9ebe3b5f7a6efcc921dcb1330cbd7f58c2
    tx_idx=314   0x3de51af9b743c108f7e93ec827233c1738d362027a40e94b028081ad7f6187b4
    tx_idx=315   0x1d5397c1d396a2bd576b95c8490baa8c41b01ba2e27381867dab88a43ae69cd5
    tx_idx=316   0xa43dba92967e47300eb172b158e28510b161172cce7a46aaddb47e2e0e21d6ad
    tx_idx=317   0x0787fbc1a99c1303dc68fd544a42afafcd0e4dc1b3876ea5e66f3dea50dfd90c
    tx_idx=318   0x85929aba3d5703502be73255182fa5141dc50db2a34b30f8e8d01bd78a04d36c
    tx_idx=319   0xa0c92e34cab5d3b039ffa995e2f691947e2c5be669156c81cfebaa3def9bf718
    tx_idx=320   0x3bab3fcf9e0732b451dee4621e04076e58a4a815af3dadd9e729ae786e5187c0
    tx_idx=321   0xe5156563fe8d473f96fe12fdd053ba97f8194343ded70b8c6b85a449babfee87
    tx_idx=322   0x93ca2e7528a241e5a855e30944c12933042e9fcd9e014ce37626af462885ff07
    tx_idx=323   0x4b953f6e0e0660365bfd1885041d6fa08e9bcdbba3f66e3c741c7afbd59d9fe3
    tx_idx=324   0x3877484eb779d0b6ff39d8b4ec21a5c7fa797bfbfc5ea53b41af2085512344f7
    tx_idx=325   0xaac1127d7f569441bb7b9baf8983655ea5eff1d881fe016bbffd31d370290110
    tx_idx=326   0xabaa23886ee05d8754658b0bb3096b29c64e3a13ed55362fc7e9f6430c906543
    tx_idx=327   0x697e2ac1e419607efaade5b90b91ace9abb531739090daa984427fa2ae5ee594
    tx_idx=328   0x33aa0fae51cd36977f2294c3e2cd0bea71d9a50a91913be191533a719cdf8dcd
    tx_idx=329   0x4eae3ed86501fd5515e1214cdec1e9b53a95247bd7a0040e606f4d1398d7a928
    tx_idx=330   0x3d6dc523f32f4379f67b6555e95078279e5d969927190156eeead5b4a2112f21
    tx_idx=331   0x9055109763561b73da5dde09db113a57cf5ea3baf469a43bcbbf66b57bd13370
    tx_idx=332   0x8ccc4b50c0ed8b0abef6d7d41e9f8bcf26f2cc80df2026ef3d0e1ed9263d187f
    tx_idx=333   0x7c8f0a4f0c90862780bf2924a48b97b4ff27867871eecbb9da45d0428fe43da7
    tx_idx=334   0xcce1e33cbc559ff5bde8563903e520b350336f422e1577522eb840d7cb04a2cf
    tx_idx=335   0xda2c6dc0ccf5782754db6344de6a8721437ee5e87d197a112895076c8a6a5f85
    tx_idx=336   0x5e8f646be940f158df8a49f4d2a46aec9d1d3fe86920397e943ed9cc8df2ad37
    tx_idx=337   0xb439675d25f265dcf9828003085182260fa7e776734b55807a42a52f5d453f3d
    tx_idx=338   0xa01c7ead58ae1ec004dcaec58644341709dee154bae455e7ac91ebeb4aae1199
    tx_idx=339   0xd0f24fda15f3fc466fee2c3606d0d6fb8aa50a67709a2e34eadb85ac370e34ab
    tx_idx=340   0x063df11ab8cb2af127112f852e0071ccec785df9ac3152df677a482fd1d6f654
    tx_idx=341   0x0e546a0ac6e67ca4be9059b82b1d4d094492287821398953bd82c29fae463a9e
    tx_idx=342   0x27752c1145e080683ca59861c99fd84072f5c773f0eab0be8c0cc8112b656837
    tx_idx=343   0x09f13442f071b70f94cb2f3df3f14ff028ad9ce2bd6d0e99f43e596fa01095e8
    tx_idx=344   0x8d1ad4bf8aad0ba903348671967d22909090af156e71b8945f075ef71760b593
    tx_idx=345   0x3e6a1d141b77758ad82384f246aef11ad47bab5e8bacb237eaf2ca5d06f309af
    tx_idx=346   0x190d23a0285c10afe473e4585c54519ed4345caa5d26256b1d621c2bb37b3ebb
    tx_idx=347   0x51316b7587e3b0674f3cbafd227d73a2d9e00342640fc2c63582ad18c08eb0e1
    tx_idx=348   0x18b1d7d683177ff207408c44a51c58ebed3a89f1910ed312114ef188a9be0ef7
    tx_idx=349   0x7f505f40d260bee4b2e179a0c87fc8161f35a5186f0ec33751075b613c341b86
    tx_idx=350   0x7aeb345abbcf9775adf589d175dac288c168cb794e1e06b54a7676d3a8f64d6b
    tx_idx=351   0xb48759ddd18e686609b67aa3e9ad4fa2f71dab75ae400821a2b40afcacb61a2f
    tx_idx=352   0xb4da4bf6ed748ba35a4e4891a47ce67612308f3f874c0e465a90082e9225be6c
    tx_idx=353   0x98471ac30447ba1b3962b209dc1decd57f0b6fdb81c024076bbb0f8ec62ee3af
    tx_idx=354   0xb54c75c877300a61087d3aeb942e0f193b20bc80958214831ff033edba5dbc6b
    tx_idx=355   0x16dcdc00ac120ada98e4e3436db13a04931e9c0e6ef6d3e0eb2b07b2be070767
    tx_idx=356   0x2956cbd2ac71b6de9715c81cf96016974b14147a8383d6e9583258ae469523fe
    tx_idx=357   0x5a13ac2313c0679e5a2d3cd624cae916570c9f17c7c9bda7e75657662b35bec4
    tx_idx=358   0x821492096d6aaa6cad4acb9f2354643d13e979d174d270840a256ccb60f80c80
    tx_idx=359   0x13f5122e4312d9de53cde38ac46d87c34412e05b50574de18ad9272f9a801f9a
    tx_idx=360   0x7783a3039cf0c629092c28f4cfe86630cf222578c437f3d86310578717db78ff
    tx_idx=361   0xa59888bfff84013953aeffa79cb610e52f485a160c3f731ba0395e2ad139e1b8
    tx_idx=362   0xcc06261a34082152aab55e59434880242628d584f909ee6a929ce77545b2f551
    tx_idx=363   0xe2d513690aebbefe940845a7a99ce5afde73a6271a2f610c27bb801332da0bea
    tx_idx=364   0x4d5f81b0bb4d86f293b9585471661fab1b247af1b004be1d2f5428de6c800be4
    tx_idx=365   0xb24c5c4b64db16d97215216ca3798671bf2d54a515ba7151d3b362ffb1a47a58
    tx_idx=366   0x3eebce52cd36ae11b6476eb5ea8fabd660aa9c2cf4792a3a1e8356e1816ca34d
    tx_idx=367   0x10d803a15765300d513d0afd7ea3ccd9f9e89908fcaaa466dc5d2371af7c47be
    tx_idx=368   0x82f5b59d1d1e81458c70195b6c88e03c068b835352f08ced5e66287037fb3c10
    tx_idx=369   0x8d214f72f7966fd53073354bee9525cb48e7de788f3fdceff5f75816ef26fc46
    tx_idx=370   0x539248fea8874196e97ea1dbd967e6ce6ce23a609b46bd5f98fcfb2124bc3a1a
    tx_idx=371   0xe05be7eadd77172f82505dadeee2074dffccbb7dcbb647425fa99275248c6229
    tx_idx=372   0x8d15e03eaef413367fa13cb8b01bce95a24b26d803b130c903480dce7c58fc66
    tx_idx=374   0x4091532214bfc85e48658540b57919d738863aa6d9f9cfe0b278877250769c1d
    tx_idx=375   0x63b32d87ff1c02733f17f0b6d65febe57f2707a28057c76c8e25aa79a6ad3cff
    tx_idx=376   0x36a3e56145b1cb7d07ac5faf45ca67fe7b7dc9d64712cc3c5676dd3dbdcadaf0
    tx_idx=377   0x94fed92a7137e6e95d382aafb2e97fe626ae7f46fdcc772c7edf85737ced25de
    tx_idx=378   0x89085311b187ba782bf6df0cc12af58347f8618166b70644ee21251a114bc3f5
    tx_idx=379   0x785f32b1699a6c19bd37f89b71e2269203a076581ecb51d6b21d07b1b1e116d6
    tx_idx=380   0xf1a04512ab3466b7101cffca8caf2425a16ec76f760453ebba533788bc137e7d
    tx_idx=381   0xc184b085d2319d940f0e2a3ae8316ed2ca9e78ed3921f8d7c5863a4b1f62d70f
    tx_idx=382   0xed407f5b5a06238db69790d3bd1e595d2120679a4ef242222f76f677f629aafd
    tx_idx=383   0x7d1e5a0d19a8360540a137ca35c83088040cf4d2f32642f9b14da24ed53cf2a2
    tx_idx=384   0xe0bcf4c526181eac3a8ea3c5a9437d4795ceeb54cb3f8dd1f3db0c12ce5bf2ce
    tx_idx=385   0x0f24e0ebc3f5d7bc88474609ad4acae37927f6ef8392332cf6e2373fbd60a4ee
    tx_idx=386   0x81f46008b945f2f6db26a1ec062f74362c3f894b6ca5a43227bc11bc4eb9c9b6
    tx_idx=387   0xb9327cb2bcef41f6df497d96220cd7ad711c73f58a6b1ae36171d37d9e07057e
    tx_idx=388   0x73f4c43face6f1c36f59b8cdef59a1c260849fb990d179938620ad586ade3dba
    tx_idx=389   0x74e40011ec0bb9c9ba88def7f2cc9d922dd87f0aa41478e695836b1479aea241
    tx_idx=390   0x9f1377fcaf90cc12608c3bcf8fd5e7dba6a686bf23afe91bd44f2b3ffcdc8993
    tx_idx=391   0xc6a162830a3f2a5327ce0ccda7bd67c6d5838a01f8d521e494991ce518731686
    tx_idx=392   0x34ea9f93df8c3181c3d82f4d8eae6e0e20e248bd6b55832404d882f9d39b334c
    tx_idx=393   0x2005e0abd65d8ea90526abfa1788a9cab5238efa8c789b3db9ed6ee0a3870d0b
    tx_idx=394   0xa5890a3ae1ae391a7c5493efd95bd72d04bc99cb06121bddeae98d733a606569
    tx_idx=395   0xa9d8f9ff678b47d981b529752f57fb9358194686318c80e3852c000d79022c8d
    tx_idx=396   0x2a8ffdcb0d66e4ba955a6a94607adb5f6a91a7e672def17d5a36ead8c58d0674
    tx_idx=397   0x04300fb611edf0d2be494be94e57923313b22b34d700450051e7676e196ffa6e
    tx_idx=398   0xdaf1019f5771e4c7f5a90066179a5e6763870e23cb127977b4c610c3fb765d76
    tx_idx=399   0xbbe99fd49be4fb303f2b634c675ebac58dce571065431e51b4a3b56695bad894
    tx_idx=400   0x8c500cf97d70e53e72a410306fcadc115023a3a95407f82e9ee8ea607754cbec
    tx_idx=401   0x77f20a8e23ad151b58b0eceac0f0cb377464c7abff328b839d8f42db35636f1b
    tx_idx=402   0xd4e062608c6b3eb3542b76fb7da27d1db0761da763a3a94eef826fe11b9754af
    tx_idx=403   0xc2ea5a21fb248616fa6071c420a14d064187c7cd4d82352b6e8d049077be909d
    tx_idx=404   0x217f8166caa74b45e1927a690eeadfbbba871283b2ba1da8962de2fe5a34bd94
    tx_idx=405   0x34db0efbcb8afbd3478015920d26ac9a16cb2031520550b68b37e223ff2f37b3
BLOCK 25498580  status=ORPHANED_SUPERSET  canonical=76  stored=767  bc_tx_count=76  orphan_only=691  lost=0
  canonical_hash=0x491d0c6e86830fb542673479229a2ff49294414dbdd1096bb07893a86bbc58c6
  ORPHAN_ONLY_HASHES (691):
    tx_idx=76    0xc9672c15666de9780ca68a86f7c397c8422ba4e7e9a1cd786c6bb3531b014794
    tx_idx=77    0x62d6d2026edb1c97f677af4cf48ed64bc7762fdee183bc9f60314d5c3fd4415d
    tx_idx=78    0x9e96fb5628d95c2a4e818cc2d63b2b12257e1de1a489d75557d9bd303f17cd91
    tx_idx=79    0x834ff96dec67193041e87a9147184066772ddb1ea2daa378edefc433ac43349a
    tx_idx=80    0x34c558f9170915c5d5743a3bae39b48ebae50e6318aa8b2bd02a4b79ac045fd1
    tx_idx=81    0xc6e83d6d96a7cd67d13bdc71b3d8db9e66ba042e1f525638d7be206f27bcd17a
    tx_idx=82    0x463e4360434ea7cc3c876d9fa92224c24fe34bb7efbd60af8a4993f1de1e822a
    tx_idx=83    0x84945ab3d7eadc9184f6a607a4585d4afb0d1b7fd60be79a75a6d3a511ee5522
    tx_idx=84    0x44b2c49551110d10c04ee02b9360effefb02c09fede588492796c6b81545e54b
    tx_idx=85    0x59a580e5a0521503cff93748affeb7ec7b034e7fba8d1ad47d4043f6aef176f5
    tx_idx=86    0x33374bf2603a9ec7e51a33a89c740a01fa40773d34725f9eb085115647138d01
    tx_idx=87    0x7e7e82a969c6357b89782fc15f8b5328044de134ed074eaac820f94fb028fba1
    tx_idx=88    0x1097b515d146d83dbbc20e768f4796f5ec083289078a1d86170181b61855de50
    tx_idx=89    0xf35e648787b30a3edd216b912bef644fedc56e1272a14857e2ae434d5c617ff9
    tx_idx=90    0x46e56f2f66568e9df916eb1238a41fdb4bf62011480e40afbbde6f228e6353c7
    tx_idx=91    0x9941467eca0106518a49399190ffedecf274cfb14b3a8cb181d6f6d189f2b1a0
    tx_idx=92    0xe83fa3114d0de84ffcd2fce8badf134586c66845f38bc5afce8d065034011008
    tx_idx=93    0xb2ad82fda729aa76a72c7ea94e06f944d3c65eba484e4961f8144f98d9831250
    tx_idx=94    0x2151059198f257787db0befd2bf6f895e317e15b3c40fd0cb53c5ea60933f48b
    tx_idx=95    0x1275d7d92bedbae221d7cb5778c765caf2f874710a98b0063ad8237bec048b42
    tx_idx=96    0x6c6c01e7c2b7d009c363cdbdb6db7c20b62b72b49eab8f6023edf2e399252252
    tx_idx=97    0xc7bc43db825bf2e6878a4f39e791cfb66cdcb329b417068b429333e05604b0af
    tx_idx=98    0xf2af34fb4268423c544e63c974771f298067c40648c40af82fa0a87ebaa899b9
    tx_idx=99    0x480bec7d6d8c47dadd8e9ff756bc2295dc6c5bab24bda3e0185ab22ba7f36029
    tx_idx=100   0x6e19df9115e8b77a6eb53e98d2a9eb9c8be4a9c15cd6a44d239b1f71e3cb4b44
    tx_idx=101   0x0d5731fc05943a5a37cec771328a97c8885c661af01c842edd4a24a0e38b79cf
    tx_idx=102   0x515e6d8d67adfd7af567fe3e1b76f22dd412a7fbd205c28bccef0689435663cd
    tx_idx=103   0x2def8a411fd7fb91a5d55a0ddc55b4360c826ea38386b625c58d04e6c2a54c53
    tx_idx=104   0x24430e9dea8dcd04701cc723ab1686ec2d692ddd16650acbf9c828f78b54bced
    tx_idx=105   0x569264a0b1a9eff0fedfefc78fa3385672725e310ed366736758eb2418af4956
    tx_idx=106   0x4fcee939629c87b028bfe1268eeacc1818b033395beec8456f2d261b142f32e8
    tx_idx=107   0x2f95caeecf1ca21928b81ffb1ac609862ea349620dd5651a5e3b972cf81aa987
    tx_idx=108   0x16c9a295e1f22f7c10b95298c351c115cdca686554d9cc58cbaebe55d1a021cd
    tx_idx=109   0x715dc5c335433c6db8c52eab30274ca686af2621f749504a76971a24431d179f
    tx_idx=110   0x261e116f45ef30d67364e1134e547d9f53ce81061697ed99d91143d1308ffe5d
    tx_idx=111   0x26798ee9e921adcbdca6d5f870c2de01965c5d791605131433244e3fdab2c42d
    tx_idx=112   0x105ba2af9e2d85739fc2470d768464523ae8b1b1cf34f45eb879a9f894444e53
    tx_idx=113   0x07c4be8e40d63dd528d7ae58348bae491c0e47271e11054847282c35dad2fc38
    tx_idx=114   0x3a8d2f7ffcdf0073fdda8e11f9aa1b7db97071048965b6374e1e3c6f3d5ea821
    tx_idx=115   0x7284d1412fb7378316726874928ba737d49e61997bdacdb80785e64b79c168fb
    tx_idx=116   0x6f86c38587e5ef0ca7e5fed661600fe32f27822c6de7eb8d1f55f36258ec698c
    tx_idx=117   0x7520637f5cad027089ae80d49dab16b1427d8cc22421744d16f6aea4e50d56af
    tx_idx=118   0x33111e4f9f3ba996c17b2a981c39138bb6a94c8fc2ee143a923b798993460790
    tx_idx=119   0x460f9d52e8befa81253ae09bd8ccb00e921c3e3a9d10af475a8daadc19fdedf2
    tx_idx=120   0x3f0e36ff6dc276a1f3fcb0d0cf905fc4f6593da788ad8c09081e7de5a64c4151
    tx_idx=121   0x21992454551e9aabe875833718ef18d330295041f711ce37cce26fc66f0796e8
    tx_idx=122   0x26dc367c1799e3c5897dace174247694fd8dc1c9cf9491b9180b339a5152ef8c
    tx_idx=123   0x1ad67c82f59503c5a6f5a628619bd9596099881881a38f4bb60e8b6609e7ebd0
    tx_idx=124   0x4a6a86322b9f75a20d4641477daa07e5d66faed72d6be434d5b450ae662962b2
    tx_idx=125   0x292070a7c883daffe790cb1a037c55cadda8a9f4326d6d5d52729d1f5c50b227
    tx_idx=126   0x38949f34752e801c61b9fe815449fc6ac4709996400c59aa8b8adf630224b604
    tx_idx=127   0x45539d5f077eb2de62a5b9569e7c2962fdd93fa08630cd393cb1ac5fc5007b8d
    tx_idx=128   0x3b03626289a1098517ccca12409c12466ad614e8165a1d632c5d8713e942a32b
    tx_idx=129   0x3548b9cf96031445eaeea53e3d32b78ec3779e5a0220009b6c0199db54729850
    tx_idx=130   0x1823be7f485bccee6230237e99b57a742570da740090dc4253f688e9609a48e1
    tx_idx=131   0x3d3c1fdc6caee22cd3da9caf451d31114a7f4abd8d5fe96a290d5b787b786c9d
    tx_idx=132   0x2cbbeb8b0d13c0786cfbe71df00256afdb2854a11084a89f8e10d02d01b14dfd
    tx_idx=133   0x6cbc4bfbcdcad86a13dde87f3edecb52b52866c307f8130a487d61777eecb4b6
    tx_idx=134   0x2f220ccaad22c7e682c447d6c351d75ea95ed8a405782deda74de7bda13b1933
    tx_idx=135   0x3b1f03098567a3b997fc22293362038aebec0a478ad6cc5a14f43f159d634feb
    tx_idx=136   0x15596cbb9e329623b6493f0d6c60dbe38e957bc5ef9107a767a2fb70a77b4516
    tx_idx=137   0x18bdbefb08bc682d1c48108253bd9cf1a62f932da686b7d3794d2f80ba70f3a2
    tx_idx=138   0x39a9c25fb40e58afcb660ef21d982aa1982356b89c4ab8059ba35e440e481915
    tx_idx=139   0x5fc6596333b5d408c30c3966993508a152b7f4c35e81092683c6c9d58f12a421
    tx_idx=140   0x78c32bab75d1f64f91503d03eeccb2e55d1a119dc7675aaa2c37e25038f0bbc7
    tx_idx=141   0x38940d5736b1119ab44425b592412482429929fc13fb13375b46b8415de44969
    tx_idx=142   0x3dd7aed913ba607646806b8eae8719167c078f3c5f94131c02b58aa0e3a2c784
    tx_idx=143   0x3f84db4a8add6af658ed4f7a6747ab4a99f3c30be67eca70bcdfa3b50da046b5
    tx_idx=144   0x5efc0bb9dad75cb0bac3bdca9d33acd0581f8146ee9f968cebf7082d0901305f
    tx_idx=145   0x510b6d9d69ad2350b2b3f59b0cb3fcdc5366580a2707ef2f9549d4c78ba4d699
    tx_idx=146   0x14f671f47930c669c334f92ada932988b98078019709cd54c08b8e5c42d3d65c
    tx_idx=147   0x1c51ae1524b249d547157148bdd12bcd335affb52dbe898565c43e55c4653e70
    tx_idx=148   0x19358d63cd0532fcb94bf3881d5adc78f55417ac9d5a857ae6e6d2b62eb435c5
    tx_idx=149   0x287365befba68c1d6404aec23240a1ddaea7d47f51e9f571b14a40d4c8b89ccc
    tx_idx=150   0x5c6dc5448208de9d8592cc902d93cf8cfba4a72f7f4a32a131c325613766121a
    tx_idx=151   0x3879742d1a7401871a93fb170ea5ace4296a8d4d70d448bb31814d111fe13a3b
    tx_idx=152   0x41f7620898bb3595323438d6cf6940e76113e15ff3fc784f3accde5553101b9a
    tx_idx=153   0x576c2639a0d886e7cda654e44577f234a10fdfe600c9c4ad697ad3d8fa37bb98
    tx_idx=154   0x448c5b65960f53329add6bb0478c1f0fe443498e0d4a7c59affaac51aade3c65
    tx_idx=155   0x36de8ec5ca5840f08a98594f10ff3da552b140a9cdfcbe4b2ea7490547b49ffe
    tx_idx=156   0x1851fd54d76a4809fe6874a0d97eb6fe7929c1d5e2fc39657bd803479e5acaaa
    tx_idx=157   0x492f31e92114439ef2783ef31a72d1bea3e072fc8f5c8133db85b0863d508bdb
    tx_idx=158   0x0ee5d278c39358f18de6c19e8fb21ece5d71c6a8bb7eb626b49b3e7dcf124255
    tx_idx=159   0x72f5b90a838fc56f730f9c4cb19b0846386269161fd2a1d06a88de2e7f44f155
    tx_idx=160   0x755ef7776f345a952e149aab6c25764cf8a3957831a538c55f00225864e25284
    tx_idx=161   0x08a70d24037f4e1c49f4414cb7ad5d49757daf32dbf9eb6da8ff0dc653b37af4
    tx_idx=162   0x058b9003d6ed34123bbc574e30660e2cdead9777145e9586f96570a848c3797f
    tx_idx=163   0x08d11df9bd4fe02575431cab5cb6f3f2e52e21397317e7f3ba6c7cb7b069df7b
    tx_idx=164   0x21a861ddc6f9524795123a669dca7d55fd98ed409b894692095f763f758347ae
    tx_idx=165   0x7500fa8ca6841a1571443efb518e3c1cf9dc8d2aee91e6e21ed3c78866a11c2d
    tx_idx=166   0x1be59e55379048d31bbf5ef691943efa3e280156754eee34d3a52b7c61d9f669
    tx_idx=167   0x489948be6a54eb671d359bf2e8995bab2bf3bb577508462026cd2669d5f01190
    tx_idx=168   0x6ff4b4fd98be1b419cea7686cc752a420320e411a2c6a1202fc21bb275621fb8
    tx_idx=169   0x1efd22872347390906689bf56c4d473423221495a4ac0abf217ea4687a6103e7
    tx_idx=170   0x01238725b7a1f9b3ba91b59148c8a1aa5dadce48fd925ada468d28dd02d6ab20
    tx_idx=171   0x4fb0329fac667bf986b9314cb1cad63763510adb5726e2fa8de51d0d28f81718
    tx_idx=172   0x3f7bd4d5eb0eb846ca409a185e1858d83b29d91dee53876b8619b75e3cd2896c
    tx_idx=173   0x4e616e4905f427d75f1103719e12aeaca537eade4e3d943273da5aac654225d4
    tx_idx=174   0x44bc8076056f7a153c1930129cf2b3e9c414957da677c640115c10cf0d641b5b
    tx_idx=175   0x2852349c110a1cebd88f44d932ace47d5e57ce3e16bf6480b0b546bf6c85f2d5
    tx_idx=176   0x379f71163dbe1f21cc4522fce4c65c6fbb46963ef72cc36231ef5e35efdaaf80
    tx_idx=177   0x2a565caefbc3efbf613eaf7e6a2e5526bba663c2e858e9f3c628c76ee959edde
    tx_idx=178   0x74ffb08278c1a94db9c0b5b8a843d66f762a86626cd15313d8c33a6ef70bc1a4
    tx_idx=179   0x57f3c4e6eff33d0a7e65617d3f11ee950791bd7af57e6fc041efd7074ebe17bc
    tx_idx=180   0x0fd6154ec7efce2188e9d5c848cfa6cec086f3d716b6a8553834ecd5854085d5
    tx_idx=181   0x51a8996e0416ad025e2d0bf047edc3f5d174b0427c75a7c1a338f70e25724ba8
    tx_idx=182   0x1b0ff35f22d3d93b1877bf2ee88099fd591b96314959d5d02953ea803a9dbbc9
    tx_idx=183   0x23bd66bfa1c92c1929d8c4cb62bf44a7f4d332f0d12ccac6c059f75d6fe5b19a
    tx_idx=184   0x4eba975ebfea79c9178588ca8264ae08e4fa34fc7cb3dcfd7c6d021ae6795ca2
    tx_idx=185   0x7073ffd7d5b1a23259c57ea6b76bf9a65cfd1bc8057b6b2e3cb38bfc4bffa341
    tx_idx=186   0x5aacb9f3fa1f67ffe77ffc5174dcf06442a57b406fcdf600367acb65ac988478
    tx_idx=187   0x79059ec3541d09aeec7920992faa6a23b7e741e5f09e66ffd90d8a8bd92a710a
    tx_idx=188   0x441db9a331d529c6185546889476b52131c3d648394d82ec071ea0f8fdffa470
    tx_idx=189   0x1d7f2aa2d4ca9d3734d09df3d4e8d14fd2176551ecffcc0e3e6cd562a33524ae
    tx_idx=190   0x5e655bbab0f6f3803a5e9bb4d1ed6f1fc7d7176a778d84a4d5b975acc8fc70e5
    tx_idx=191   0x7410fc6254b6e4af9e108994016c264957c33ca383fa0834a93e331b3cc4461f
    tx_idx=192   0x3bef4df28477917a834a2a887efcc3aa94967b2d3383cdc30397cadece42e52b
    tx_idx=193   0x270295dcee87d84c58ac7db209e64ca5e70f7823fe024f804be1b15966d38f01
    tx_idx=194   0x2698aae0bc28582744285cc24c21fc670f69b54ab34269926a2acdb630abe4d5
    tx_idx=195   0x03683aaaaee3eb8e092439c8be1ef301508bdb9589f614c57ef6d5bf954a609f
    tx_idx=196   0x092c81fdb18a031631025ac4245609f3f4b2e352eb2d813b10de9513bfa1cd33
    tx_idx=197   0x4610685bb0eeef4fee950dd1a8e4d6af6f013767e6c07d9857c5b2ef6bff68c4
    tx_idx=198   0x59c8d5fd365d4ed1a4d53a525426a90bacb623399de63699e7ec950b65051f56
    tx_idx=199   0x5a127da265712159d69941fd63dc4da8d1a8f578a6a6e9037bb7c5d4e2fbeecb
    tx_idx=200   0x5ea7a12e948bd7715aa4dce9aaf412756386ce47036d8055997d0609a2459145
    tx_idx=201   0x1fd965c5117cfdc41c6e9bd0b9a38181448bf57e870fe206e994e1fafbfca244
    tx_idx=202   0x3f03c8bb4c2ccef0a42c5b8dc70b11f16ac814e9bea809f5f062373f669ad4aa
    tx_idx=203   0x29c50148ada5da48fbabfaf35008600c3f43690bf37b1806f6322e536588e3c7
    tx_idx=204   0x14a40682c779d21810159580a54a06a4a9f625312d248a8ccb2f35a3f8ef6ad8
    tx_idx=205   0x2893de077ecbe325fbaef2f60fbedff72aec4ecb74dff898b182ccd6f1524b58
    tx_idx=206   0x3a0d3ad8ccb500e021eeaf35bdc019ed8ab442e37765fe48d2240ee0e68b6177
    tx_idx=207   0x1c71d2dc2f7bcae54b6924497bb6b19fe6a6c5d23e78459dce1d4a581e7cc3cb
    tx_idx=208   0x785aa066970c186ca6cd3d0c286e5dd69038c5417d03ca39fb744592f77d60b3
    tx_idx=209   0x5666c427beb10e40fbaeb663544587b7cc13d83708a75b605c36c89787e1e38c
    tx_idx=210   0x30678fe0da9100fa962fbdb9e5074422dde15fb347a1069d86e4f8b031138f92
    tx_idx=211   0x07f8097dbd7c545ef7fdd36428260a0c770d1234d1654178fa88383a4807f63f
    tx_idx=212   0x239e592dcfb8bd070a2eaaad6ce6e694457704f5eefee716c663f7a00322caf8
    tx_idx=213   0x34102e4da10c3c705d00ed7391fc575988a8223e2ef9291363f558fc6ed532d4
    tx_idx=214   0x2622c557d1f5761dbcbfddf3979458e8d09d9be6d46fd4610593e31d6de614ad
    tx_idx=215   0x219c753e68ca32a995dfdb440ce8209c8747c7615ad890ae1cd67f8c3bb77da0
    tx_idx=216   0x59238c6721c79a51dea5bcfdbb3550b80293753481386c997cb297c037c9c31e
    tx_idx=217   0x2b9d7f1385141f9bdded88bce89ab6f0e7200cb968dbad386f2be4ffe10928a1
    tx_idx=218   0x41262350552d3a96429ba6e31174e87700cf637f612386d424162134ad129e12
    tx_idx=219   0x26600d02517c23255f0ff3c474a87f4fa325d7a807c21434f9bcf8b273cd0ee5
    tx_idx=220   0x177a075b246b3893a57ba9b2cfc9feca96209eaebd976d40aa0d63d24eaf6f09
    tx_idx=221   0x2682cebc1c369930e0eb3b93574ee243ae942e3deffd01f7f8d360ff50774e8d
    tx_idx=222   0x031e551e6ee2a8bf713300c0aa74243b5161bd1167f9c77498fc96358bd217f7
    tx_idx=223   0x4218c19965e16670cfc9ce4421c3096849476fc6c9d72ee00cb97099bc8bbe6d
    tx_idx=224   0x460d76323e1bdee86537aab76ed3e5bde26d64244a048fa18435ac9fda6da8f5
    tx_idx=225   0x4db4cf6b4fd3cfdeeaf57acee6b7616a5e7efa43fd3fa564caf5bd38f5e5fe20
    tx_idx=226   0x4266b69f699fd7d3debcfbd506a108f21cfd6249ad7e668cecac55ad56dd72c7
    tx_idx=227   0x1daedb84f63eed1a6edae5b67b414e3cb49711d8afc6c99d2cbca26c75d0184d
    tx_idx=228   0x116cf50e914a564952eb4cb9ade2ee9f45c59d3338f06a6eafd2e3b11f8cc048
    tx_idx=229   0x0e0bab79d3b2f39f98dcaee236dced757276235296b6de59fa10bd2fa7ea9042
    tx_idx=230   0x3b4f21fb7016f6cf2b0b290f052262762863672bf653455d9e8624aba22a6ec2
    tx_idx=231   0x1597fc7f1d3595e744dd906e23d208003db7e5e0072dde88ec3260f4244dc1cc
    tx_idx=232   0x30ba8f52f0c2964aabad71ccfbef603fb0f119b9c109327e3f5ef62f61e2df30
    tx_idx=233   0x4deeec75eb104fab3405cc54ba26375c410eb49a6e8433a39f7c21030e5e6b7d
    tx_idx=234   0x33a524360ae988bdfc71c7d85af09ae78a4fdd70f7e3286216ee09f71f55086d
    tx_idx=235   0x052de7ac42140be1b55ed1b198c091f00e3287cce988e7c6968d29a3fb8e3c56
    tx_idx=236   0x123b21cf5ab1ca9ad15cf802f264878bb44c4b152830fa4ac6a4332207bc3b22
    tx_idx=237   0x4f381e3a41ae24ac7de429334717973baa24b8147a6b6111b7d5bce3daf0b90b
    tx_idx=238   0x184f2df33a223396a16fdbe30c6b45f41be1effb6c1770965a539912f53a13f7
    tx_idx=239   0x62d26dd9f5b06c1b8bdaafd0e16681af9c6703d43a0e97edbfec0f096dcbd0a8
    tx_idx=240   0x088b23047919ed32539f7f76c296046de7075971ff4bd963454d47fae67f7107
    tx_idx=241   0x21a2ee8aa4c0c13459171aff0e859d7fbc7ee8763930747ed8b528bb6ff5e6a7
    tx_idx=242   0x059af7f7312f5aa702a004aa1d1ea25d4738f3e516a5edafcc5d9233da263ada
    tx_idx=243   0x07a14b1d33ed559c584dd0a49d6a08fdd819a2ee03252a0aabd39e7f36b75565
    tx_idx=244   0x4687429d3d1fe6546456b71fa9b39e683d013bf4c510c567dd82f52502a6a7fe
    tx_idx=245   0x6f23a1265351deb7ed225d8a9035532f1f9846e98bb362b3834b6e679c33f47b
    tx_idx=246   0x59bea9b7744c6bc494dbda60b9322917769b6d068fe86dd2512170235a06d108
    tx_idx=247   0x73accb7d5eb4453ff446e680c3af33c3eef04426dc3e24557f932e4d2f9f97c4
    tx_idx=248   0x1a9caaa6eeafb481d175ec420de3d46f9b8d7a7f655e955a27cc0761664803fb
    tx_idx=249   0x46236c2f2db0589a430e77804076048af4d967deee7e4738721b37b56d1b6aea
    tx_idx=250   0x5906959d62b044f4fee37af56121a558a8fe3a22e97cb69da9ff970cad1fdb2d
    tx_idx=251   0x29ea5c1aa992ceb4a81b9f37816b3bbd34ea916b5208d17fdabe5cd94261730f
    tx_idx=252   0x2eeb5e7018534db4b9b3ff1c8f2e26d71269acee5b2c0ab6197072251b50eaf7
    tx_idx=253   0x16a70209bf18c6c45934b9822666d2367eea40140605b57d292e009cce5ca0ee
    tx_idx=254   0x6cc5ca64bc4f489ce1b1bafe60d0130c0ba25958c05366416b5b73b429f3a2dc
    tx_idx=255   0xb4a8fafd4b73c0b9f111f75cfd55fec3dc3a1fdfc99c99e7c0f294cd65c40eef
    tx_idx=256   0x2dc6501a917e1607697c7f46c6c0d1574066966938a3c07f720a5fcd2e76c81b
    tx_idx=257   0xb493078ffa953c4e486aca406a964c5b1fd73423fc1369b40137f3b7dc42b770
    tx_idx=258   0xdd12ef9b9c2a76e89e246a2f63ef9fd1294985bab9f84d291eed793ceb86eb01
    tx_idx=259   0xb9ea73ae0835fdd46f98606ccb7faa1ff21a748718727a74e5c2f994322a8c5c
    tx_idx=260   0xde273d28c5670617f95c558aabb28d162ef0a265e34114b168dad1b5de5612c8
    tx_idx=261   0x03d5b9106f79670b887df2ae9b63f9b5131cf8f3fe4a4f75229c24dc30912566
    tx_idx=262   0x4a2e409956ea556e76a3a2a8f7f8d626f9e327aee918302a5dcb345c7a4bd211
    tx_idx=263   0x51a8ca9101b7dbc3f19175d2eef999b75656cd1412fc5c1f2f034d9943d89577
    tx_idx=264   0xbb3cb98c8ebe729abb97c8741ef4dbb9b3098a2e2431881f0ed411d26b13a81a
    tx_idx=265   0x0d275024bb75c8ea8714cc003c7b5e45387da1daf18ce52910598ae35c74cee4
    tx_idx=266   0x9d6ba8f77f7638b89a29b0b741bd1bcd35a1b8fdb7e57473959e90b5ba66ecab
    tx_idx=267   0x93d5cb61bb2f54f45f0aeb0feb86ed33b024fda26a571c6be03c6ef67b9aa19d
    tx_idx=268   0x353801f15036f574b96b7aa8109e21b30deb79319c6b8351fe946301d57d7cdf
    tx_idx=269   0x410285014fe69a3f5036b8b1a4d5d793c3105c37b7c69fe6891392b8bae543f0
    tx_idx=270   0xd8eec41ec5bb9d7ace544d9faf32857ee473482dde762755c381e800ebbf60e6
    tx_idx=271   0x5743e9d72e8a69d01c060e2c22e919bf0383b915181f6b9de53625b286cbd556
    tx_idx=272   0x233133ae0c7f54461c863e34b3249e7a2e78fec6d04c363e11e56478e180ee53
    tx_idx=273   0x41238f878d96b6a3d13ef1d99429df0ba14792a3dbdaa0a721f3cf659bb4aa84
    tx_idx=274   0xad852a2c7cb5c886b310c2c93f36d8d46452bd3f4bd9687b9c317248c8ae8642
    tx_idx=275   0x88eca7d4428fbe05c0b023ccb0851bdbf535c7e89f8b8ebcd8b3e39bbacaeeec
    tx_idx=276   0x80a9114213877e9d6c3065aa957ec9ae67c6b5f00a0c94d63a6fd54f39ba22db
    tx_idx=277   0xf01c763452b8f928037720c8c3b20063736b2e52d05d3d675dceb5cea49bc555
    tx_idx=278   0xa4902576daafa56d079b5c8a705c94f591ec6a13b7760fb35b820150e261845a
    tx_idx=279   0x03cfef6db313435c5c88fea2cfe27b128d1f55cf59623751d1c8ef16967b76e1
    tx_idx=280   0x86c5faafa8e1eaed9c22c6090e4e004b8b4b50a29200beb937d587f22d4f5a40
    tx_idx=281   0xeff439bc60401d905a268fac08ac38cd0ccf54f4d6cf5b5b814fdd5d6378175d
    tx_idx=282   0x05b014ebbd2c062d1553a7e07cc4f7bbc743644334429f282546ea7e2bcaa0e9
    tx_idx=283   0x0ffde0e14ab92f20fc4301e512710606784e154b2c5d2550f312d8ea9d1d0ac0
    tx_idx=284   0x7666f26eeab62970487f11082f513073eaaf8aa3c60343268f4d8ad70ac86b8d
    tx_idx=285   0xd01f546d2b526313f0bd55d22379ee95502243bd9252d9a4c8a4c87f8b38ec41
    tx_idx=286   0x50a2cb8a1c4c2a18162b034f07f853cdfdddd3b597db6334b9fbaf4cf7d9951f
    tx_idx=287   0x252ab43c9a1a1bff73185d17897d63f5dffa939a44b7d496402656f1728647e6
    tx_idx=288   0x08af9be7e1bc24059ce081dfc1cce628f8bebbb27bc0d9f4e3a0a4c72e68ff6f
    tx_idx=289   0x1fe629499e298e05b339dc4f82ca8e4d03f16ad37fa4ea1d8f20e9892ba687bc
    tx_idx=290   0xa24b929a7fcf9fbdfbad29e7237c8b4f9a147c04ca3a1d347662801d1b07bd5d
    tx_idx=291   0x7c3fa0b8a10988844baf93cf40a6e5b54e9d8da34b46e41d5bd8a642b1f1ade0
    tx_idx=292   0x4c49848b1676a9c64c25acc4188330b57361036f5c4220332a79fe15c402be72
    tx_idx=293   0xab5396fa44510b96af7778c6f3a2dbe0c86d84fd7faa008e08563ad06293d3e2
    tx_idx=294   0xc746f5434765bfc0c1d4da173efc374db1736832cfc614243f9a3b49a4dee9dd
    tx_idx=295   0x7e91f0db7199920e07efc3dcc1b0aeec02a81ded6811443fc02897ac33aebd0d
    tx_idx=296   0x33fd2683bcbaddf14435fa9bac0ac03f6f7b69e99740517a5b5e50b7993faf6b
    tx_idx=297   0x2b89888fb17a23951d3e961fd096039e81a7621760c33103f76dece4873b972c
    tx_idx=298   0xda39c24d2c356d206b637b619c4a04df0d6335b037657532dc0bf72a53fde47d
    tx_idx=299   0x9febc3dd2b6deece13956631f5f1cd482fef89a2459db30d366c1b8eac3767db
    tx_idx=300   0x658890702159937f0bb3aef73282c566f1bea8c42d2b8cf16761c9aee5ebe8d3
    tx_idx=301   0x4e4ec6c94df6f4870fde7f325475c98adfa52bc677b730bf78bc627ae47a1f72
    tx_idx=302   0xe904f2888bf9dd204783e8f17ffed0101ecde2988b363df0fcdeade0bec5f126
    tx_idx=303   0x5378082fab5df3c99df26311d50988ab2b34b11648cf58e5f5887b697597a2a9
    tx_idx=304   0x59880f2a7c56959ab9422ab630f639a455a68e899c07d81791f2827147c6b131
    tx_idx=305   0x0b4d2ec38f53e66ed875e8e24d7f22e39db0cc45748c4d5bb387095bca784aa9
    tx_idx=306   0xc390001d7ef756833017b17ac05061f8a79b28d6573d966a996e53c8baaca430
    tx_idx=307   0x0b434d11990a0f1ae07c8fccdd032d18691d81ff8314714ea9d423e7ad6d735c
    tx_idx=308   0x2de559662e5f494b8921ddd111a75841738602f0201211e9d01e1e710d484d95
    tx_idx=309   0x907022c6dcf80deaa005aaf3ac4b3d3850e427b88671825d42aa3558150912b4
    tx_idx=310   0x3fb1208f577ea02c0a1fd1ed5540be28327c37c92ff433f46532d07dacc86152
    tx_idx=311   0x1c6dddcf8646443a8af09518f798eaca6f07dda56464d8740831b67276ec7a07
    tx_idx=312   0xd0de36c772768d587d933b73b1ae4c07671b5afa36f459b4a775e4ff9c55a784
    tx_idx=313   0x6dc54821d9ac92f9cba339a79162cca08350491ecd841d10da2b7821b9e75409
    tx_idx=314   0x98fa7a6eaa27d47d72315933a44a50dba5f6e3068bd650f9433ca74d2521c94c
    tx_idx=315   0xb6accc1e777823ae9a04bfe189d6131738701de05dcbfce9544e7ed8ead35bf1
    tx_idx=316   0x0cbd23943c7e8fa5eb4b37697c8c9e90b1063e732669a237f1099d166f20d4ba
    tx_idx=317   0x7d637c6f95e043f9c930ec64554ecb96bb9eea31dbf31b4cd5cd67f62c5e7599
    tx_idx=318   0x255c0840bd773d43131359bddb66abb1d437ff84b4fe70097ee327fc5f7f550d
    tx_idx=319   0xed5fc4681544da88b391c259035b4f33d28bc3d9ac1ba55f00397813fdb756f8
    tx_idx=320   0x841eb16fc75f953bad6f4f6c50461b63b51278ddc15b887996af38cc238e7809
    tx_idx=321   0x21e821a63d5b26ff839b03315191233ac2a6f448100f1153188551d38eca33a8
    tx_idx=322   0x7ddf27de84c83040dd3c6ea27b5af9b06cd51212a7da18c20657d79da79a49b8
    tx_idx=323   0x50ad7cb99c59f982ca2c81924c7158ac2624105b8827b7f77214a14857325fcc
    tx_idx=324   0xbf71e950ac9c35d23636307450a5849a92dbe92ea9bffbe16ca8b6022db03bbf
    tx_idx=325   0xc8f6d1ff92ddbb24a6dd56e3749b80d17e3da48980f53aa0f1892d5f3d3c00e4
    tx_idx=326   0xc4ead29546fefb1e2328415952b8d1a6ba096b1d8b818f2005c47ce4d7b296ea
    tx_idx=327   0x77f08d95dea003d194466bfd21f09d7be68f70915cf39a982465e3a1fb967216
    tx_idx=328   0x90b98d23da36a0eae89093fd29d6805ded54f55e31429fd4b671d2dae9b753c4
    tx_idx=329   0x795e8ab16a8ff7ec5e995fb8581d548a2904a454403fc1d750be1d8e9c04f4d3
    tx_idx=330   0xfb768ae97aa3088a1d882b5bf4340906bf58f0e86ea03d4bf2c6a8807ea07b47
    tx_idx=331   0xec93ca533f29a246a87eb7934c47230b058322375f93c9159cad78a239e4a7bb
    tx_idx=332   0xe3cd1b3f7a26cdb9a32fdf608b0a6bb02395242673117df107f88ba3e175b7b0
    tx_idx=333   0xd3d6e5128af17ee90577c108132fb43b1399082bb7c92091237f0217e15b44d3
    tx_idx=334   0x6f2c534496f3331a4f6d25f68a5612c89664d9d6683ce816528e4b1699629b59
    tx_idx=335   0xc048f83854b41406b1f0b230ffd4156fe6984c1beac448f3028aa57b543de65d
    tx_idx=336   0x02dd77c70bcd6b289d6b85afe3355c293d2a3d11a8c9b8dfd68b8c39ae9f4252
    tx_idx=337   0xea14d027bb70eb84e3c90564a55f01f4413d5a6e0366c885dc0f55a7afe6676d
    tx_idx=338   0x3a81fc25c2db3bc38d43d63e670c56853f2ff5a1267ef9d88ddbf0d37b0b7f63
    tx_idx=339   0xb6e43217a45d15e9e751e20c2213a3fb2170734ef9fb2840dde9147f239d2a72
    tx_idx=340   0x5aaeaebca5403dae80d807b59a27d3961cdeb3bf9d68bedeb806eb55e04594a8
    tx_idx=341   0x75d73d7cbdf3ebf903a7adc47463c3da706e84e12a1689028c8ea7bb6724dc19
    tx_idx=342   0x5607d0d81547361c9afbe1eb62db371d3bac517006c6c941fa1cfbaa383f8e69
    tx_idx=343   0x24abb5bf0f5a55e8b3f7876a5315bedfb4160fa28394f33d50b01aca39e62552
    tx_idx=344   0x97f1805acc36e4aa9ae31c8330011953003535c00498952c59f2292895a98ea6
    tx_idx=345   0x70e6c7d537cc7eedd4180dd5d83276cc0e7c2eacfbc2603d6e6bc6caaf7c1cdf
    tx_idx=346   0xfe84e81a8a2a8222322bd2626de745dfa0293036d1d5a598f4ca0d83b486d0cc
    tx_idx=347   0x2d9b83bdec56163aea72e694c81f3eb290d258fc4a8e2e2b788312ea0eb3d8de
    tx_idx=348   0xb46052958353501d9d4dc487a5de91820fb1b2ee34a0ebf2befaf9fbd4383e5c
    tx_idx=349   0xe25f7ca8dc1ecd7d876b8b31dfe3ed7377d10c47bfc67da23aacedc6f7fec0fe
    tx_idx=350   0xc7bc3fdc5449528860366b65a1afb0ab8b05ae762984303edf60f89b236b24a0
    tx_idx=351   0xb49dafbbca119300823dd88c7d573879744a2d9cab64c07e993d611710bc7c3a
    tx_idx=352   0x02459cd74237c97da68666f572de6edda27354b2c09584589290ef9fe4ebb666
    tx_idx=353   0xc11783ee32b30354e4865a032582963cedd0619343ce6c9d71325bf608520337
    tx_idx=354   0xf73c345b6456811cfefa5faae5a0350e0e83df142e9683979c0d2bbf17c2c390
    tx_idx=355   0x79f732d66e69982c0bc102ba1c9aa9968871ba2f89f87867035dbdee7b2da9cb
    tx_idx=356   0x4b9583c42d09a55607b7ee603a7fb34200dc9cf5235f1833985b53af67d869dc
    tx_idx=357   0xc16543d033be34fd105720859b72013b2c06f900e32bb4bb2dfdd3e68f8b47b7
    tx_idx=358   0x39b10de44ca1b824a22aced8607a32960c1b64c0e7d6674dfc6fb0508d8f8884
    tx_idx=359   0x97afa333a000660bd27120a1a9cee0aa8be5c7809f7485732b2b7df5eb596505
    tx_idx=360   0xafe54d933059a8f4a2969464058ac8862df3f91f8d9474ac3e53dff7960215a0
    tx_idx=361   0x94492023eab205d8e760aef15302e1ae09b52013f300b499de7c05578c006689
    tx_idx=362   0x340e32116be345837b944586acbfa6084f8cf4e1e75247352681339070a96232
    tx_idx=363   0x3454704dd6906e9287831e575df1a824b5273c53c38239b2f104d460a6cba9ef
    tx_idx=364   0xb7f3c5cc5e353729348b048e4f4cb065074adaf610d194c004daeb77c81418ae
    tx_idx=365   0x71dd4b59629565aa6006ed11a9d4d3f37b66e13ce3fb6cd0b16e6b1d48fc0c0c
    tx_idx=366   0x245ed578a8bdfd615b3668c4bcba6a86d2d4ceb14a5eeba4a56bda787e0a19f4
    tx_idx=367   0xcb66909eaf4edac740780c31666dc2a278bf9ca5feae9eebfcbd31aafa78e9ac
    tx_idx=368   0x44059ad6ffa163d0d6ecf4bc5683eac8d0bf14e2fc46f7ad78e47a99fe6593d0
    tx_idx=369   0x948b4b3bfa4f5cd2e88c7e52b1fe37a4d7138c022d04f9e74292050093c0552a
    tx_idx=370   0x0a71585ed91d24d73ed5a263e4ffc5589b02c0f41c701a97b3baacc6ce6dc9f8
    tx_idx=371   0xd00216fe8977c4ed70988dc7f5af2f76bdbf39932809a3af318dccc449096ec0
    tx_idx=372   0xc33aeef9800593969eaf1820523e057723e73a9900a24824fbf8e8b0105db338
    tx_idx=373   0x277bff94ddb57efc9579b765177b1f779325b188c229d61030d9d8164ddd7cfa
    tx_idx=374   0x7366cfc8c3270c6b0d68f09a6aca7016c8dde681c916d165d008f16a4c0b071d
    tx_idx=375   0x203815a6b43a2bca122454b13ca0ef26019d754f27634369a96259472aa4830b
    tx_idx=376   0xff7f11ba35d9e3217ea38d23d8f379b392421e49bb72379202ef969672bdee23
    tx_idx=377   0x00ada8458932f38a578417747619217a31482195dc49c3f15f5046f07c268b0d
    tx_idx=378   0x141d1563bebe0cc895ca87b65d118674672b0dec6846ad625b78af5d8cbb411d
    tx_idx=379   0x7e2c8a1de4f292a5456e9a3d0d7b21e142b275623d6cd38cba17c33a2dc526c2
    tx_idx=380   0x2d82e19a36661775a26469c3ce23759b420feab63f945e8b1e35a550371f03d5
    tx_idx=381   0xdfd65d6047b721ea712bda8c3dbd912d3438d57a21969c36e5bbfc0a53c7cdef
    tx_idx=382   0xd08a847fdc6f711cc3a9d3462624870959ce8a0d0e820c77c4db91cefd36784e
    tx_idx=383   0x6b2f1a94c5e7570565a04c933883ae8041d013305d2c3a0edd736f35b336cc88
    tx_idx=384   0x07003b7b89f6f788ce14515c9b256a51d589a1252189be458fa720c3d93ceb25
    tx_idx=385   0x05e68a6eb7f3880971cf16c5d57fd0b3b1cf40d2546d7d940ff4bde2be01ab64
    tx_idx=386   0xb056d840d9753de06fc9efde3b39f586a6a8518fe67c396cc503121920c1cfd1
    tx_idx=387   0xbd3a5d8774ab0e160c7dc97dc8812d9d0307bbbc5442c59e986d7c07dfc5f183
    tx_idx=388   0xac692d1330be9b0839f1cfd4593439de38e7745dc7e600b3b9f4c8f5101a96e7
    tx_idx=389   0x50385329160dd5cb5c96fdc326ad91f43a70765cc2a46d3c48b97246ed35250f
    tx_idx=390   0xee5804e75bfa94f6668dd374fb4cfe7cfba61af8e107ef552fcea4aad1d5deef
    tx_idx=391   0xe5d2d6250c648f3ed49f51822d53d6421079e85eeea550dd5b5371cfc8b6e414
    tx_idx=392   0x309b566009ad47306bdd823c8e11486433a1af1654d4bae50a87b24e0a63013c
    tx_idx=393   0x4ed7d7f6312f3f9562d8837d44016ebac9155f45b189f1e0e99f44e72928ee00
    tx_idx=394   0xaa577ad26c4d9b8f69a88d685e5e9c6c5658dc3a7b7e0e4007f8c1048e1492af
    tx_idx=395   0x2e13978e6340867981a264280b970bb0c941993f27ff80c2b0433bdcb06c70c2
    tx_idx=396   0x6e516b4a0b90d2a0c43095e2acb6c653fa994d5161f4dbbac10cb6e7c6d91f73
    tx_idx=397   0xe486a375656d04cfe6112a4523d586f59e8445ec8f1dd53d0788b934b0967d70
    tx_idx=398   0x4e4f8675afce4f291370f7d527c78a5bb0533e19dd79c40c0c57d8ff38eee617
    tx_idx=399   0x079130d7c74e404cacf8fb7f8c83c4ec5a07e3e9aa4e2299323edc1c0bd3f297
    tx_idx=400   0x19c2b8e940b6721ad9de0115ffd28eb4ddd57e1d2b2a7cf87bf027e7067b83b3
    tx_idx=401   0x1a502e3f1a62f4f155533e0a8cb7736f4d2ceb52c2d0496bcac8cd0d72175f7e
    tx_idx=402   0xf08abd73c0a9f96e9950080eac61a6826a746dd29c2b984a6cc7546d50bbb7cd
    tx_idx=403   0x9100be7fe920724111b8fa8d9e4c9ec8bd6efa4f09660fa00bf526b21c477ab7
    tx_idx=404   0xc1a07240e78782657c00398d09112a4d7be8dd80236a971281ea75762115ac11
    tx_idx=405   0x83975f9f57848a513aeb0d3504628aed583e7b58497110a05bd2514132f9e56c
    tx_idx=406   0x007ca7065ffeede4db1944b257ea7772efed57e454e63749bdc94529df1539ed
    tx_idx=407   0xf85bd70d9a1c087cda3ba7378feede47fe8ca1b4ca17901a00c67e708bc6d185
    tx_idx=408   0xf11320e100a472beba2e771843c5275c1526e67f14950139dbd9caff9af204d8
    tx_idx=409   0xbdcfa6ca69c26c4cfec5b4b5e1300006a5e3913d3bd1ae64e19421c74c410bce
    tx_idx=410   0xcc6db70c132ee790de77746a5b923e7a790a02e069990c45b15d6dae3fab6d87
    tx_idx=411   0x832f1f4a3cad5cd887a9fc15bd46d8958148ab2e5a5cb8f4040bb1e12c90fab8
    tx_idx=412   0x164430ea095e39fa14acfbd383b3c865409633d70f2d987036c991cd0ab338da
    tx_idx=413   0x29baffcdbe983849885d9305ba92e76a7518adac9b79ae09e1d908dacdfed444
    tx_idx=414   0x44409c7635176a774894557c27455c303636cb8f63c4bf632d753205827b8a77
    tx_idx=415   0x91f1ae491073064ddaae9c85712172330ac0cd537ddc6a44d724d003986bacd7
    tx_idx=416   0x0f3c779e8a9f1e8055227e3c062295bf6b0bfb0d3311ccce8f2d9ff8a9921b07
    tx_idx=417   0x2498b4305d8743a789140b73b8db86200f515fe68e79d8f816c490a6fd45875e
    tx_idx=418   0xdf896db84c6a81f7d18d5d18a64a5cef32973626585f6f9b48baa78a2b441486
    tx_idx=419   0xb452f76dea09b6380ab58ce11a308aef56226d3ab2523291ac0e76bb7b7b292d
    tx_idx=420   0x42b9bdf1bda5dbbe996215b8f8186e029eba1f9fb0f0c3d7858b3ef3e390d742
    tx_idx=421   0x8d74608b6c3b3598b29b143a465f3ea980fd565315bfc00769d342c71fbdc716
    tx_idx=422   0x716af59dfa51b3efca7bbddd1ee7e014b7d292e95c0fa93b255fd8203b9a8346
    tx_idx=423   0xce4ef641fd98cd945ff4b38243c6e15d32aca359e8ca031b1775e08c10e3f030
    tx_idx=424   0x9765369a2ed4e2ac94c1c4a2b4fc20e6ca1c85e65ec5343220240c4becb399cf
    tx_idx=425   0xbf399c0ae0fa071cffdf3e2045bd9ca0be8dfc4279da050a0721626409ec0bb1
    tx_idx=426   0x83b73bb71cf9bb530b9f7e5f594a5e3a59e4d8e321671786d8b9819387414eef
    tx_idx=427   0x402c65cb7025cf89acc08d7c4004d166a2b32a5cdbbf6e403a843403e323d820
    tx_idx=428   0xc82e17a4282dd349133bd214d320fc80e31d7b8d41e8e59746f13bee6a294853
    tx_idx=429   0xfd0aa30353259a9397f956b0286feac4bfc08832a59469515315121d5a912a93
    tx_idx=430   0x17c31636d5a43121f828b59c321fdd00bbe861e5fbad383c496b09d0966a78c1
    tx_idx=431   0xcdac336b7b56c4a1dc522a2d8a17e6f4198806589e23421ab35ac7728d4777ee
    tx_idx=432   0x99ba7e8790b642108fa5f0c9898f2c6821bada339589e76bfa07332d3052397b
    tx_idx=433   0x4ccfd18d2bf7e1af1c4ad1d975d0429d57ee4c8e2039cfb7fb5338e4c7340fdc
    tx_idx=434   0xd235d2554378ea5e7ce3d5f684fd380fd91b90d8b3e8674aff4cb56fbca5d527
    tx_idx=435   0x3c21d8be7a3a361fc8a21ca8953acfa082ac741dd1fd6f2982c4ed4264fdc1e5
    tx_idx=436   0x45ef522b92361a732bec26cd8646ca6bfe0b977d117947b5e9b483f48ae4cce4
    tx_idx=437   0x07c7d026ca49a622669c1c8ffca6b5ec83ea0cdd12af8fcad54fce49d967ec80
    tx_idx=438   0xea22afdc24d25ebabf5da684c16294e08cf25197b1eae6bd333a31aab8b735da
    tx_idx=439   0x80c41ca491c742bc395e65d807f2e958313c0b390197cb2898a61b285d99bd3f
    tx_idx=440   0x6d4d1a33c5a3c272d9d5a1143737cd6a3b07787c595619dccc00c5e8fc14656d
    tx_idx=441   0xb2a0ee49b6fb1fa8ec4295c19756c6fcf02c00209d61e24b56ed17cacb331623
    tx_idx=442   0x2f193322ca93e9147e45ed41236a7dba55d6f4fc2e54d8ce08143416650929ad
    tx_idx=443   0x5251b27bcf920ea2d98bd19094e2ef149fdbd65ad5dd1193f3d2292a70fe1da2
    tx_idx=444   0xdc3dd5ebf4d4283151e4a62aece34f3dab66dca17d116782d6dc33b98ba966f9
    tx_idx=445   0xcdb35bc7ed4c2e1a02d598a758b96cc350aa4281b9dc35f2eb916d8be6a56228
    tx_idx=446   0x47e222cd59c0e368ed687e9a117adb72c030bbe5ac9b386cce61cbf271caf451
    tx_idx=447   0x67d9e6c0a8aedfb6871b7679d218a7f348160c1ad0f7da5062409c8da65b7775
    tx_idx=448   0xf2c6be749bb639663044935fdd6dcf9ecaabdd077829609be220dafd296be64a
    tx_idx=449   0x2913035410962a49647ec722f629f8771aa3153c06c872106e8a1a442fc23685
    tx_idx=450   0x7870c5f7b62473956f66ba223e44d7499ee836ad485f9cf86b8bae963501f2d3
    tx_idx=451   0x2354e3ae48e2aee86827a100e31e44ca58f3685d1082c9e0f6d5267da7cb7763
    tx_idx=452   0x650a74831886be1921ae9044799eeebe628cbec5cb0ca13cc623e6f4a7e1a121
    tx_idx=453   0x6c2d67a6243195771582ec85bd09c361004d8d78a45632b210d0f71a2f617458
    tx_idx=454   0xaf9f48035f8edf512390ced48672f8379e8c953340f76e436e9bf158795d0ca3
    tx_idx=455   0xf3ba4ffcdfe093b3c0e02bdc210a766d318cfe2f936b49aea76540f7cd6c4a20
    tx_idx=456   0x36baf835dd5a22375a59fed52460bc8ac681c76d575c502a97e346087ab04025
    tx_idx=457   0x3b9a691338f19e4c2ef33ed20b4a404e0f9507f9918de71ec69766194dba3b6d
    tx_idx=458   0x9873765fca26324b01acce466da43cb8aa3f49875599251e73790d8289fb76d4
    tx_idx=459   0x85c9be236caf541fe21db13d26e9ae264f722fdc52212a32add163b2ed48006b
    tx_idx=460   0x87bf197d33425458a44dfc1b9e1ad41cf22943e644ff1d1c506a78d4a51821ab
    tx_idx=461   0xd4c53801ea3939286b2301f58d6f32388a27bfad5eeb2cabf39e910a86381aae
    tx_idx=462   0x16a354ddef29093dfd885a6764fe703fb1d7ed9293293a9fe0987c2e451dfd49
    tx_idx=463   0x818e589d9a7b486772f033dba8eddc08d3e222543042f494d0cc02492a32a255
    tx_idx=464   0x635b98a26c18d50294c5cfbeb8f6360875064fb43214ae0f1a6754d3c1e6a6cc
    tx_idx=465   0xec2b4300684c7a78511ff64338b49452f9067207912b76485457df983d2bc1f3
    tx_idx=466   0x36900f4a7a1c95e3d03e2acdc45237eeed43dddb32cf2aae9e3639e184ad7ea9
    tx_idx=467   0xb460a7d304b3e07f63082347ab003ac46b4dc299135e9ae55740dcfb74045f14
    tx_idx=468   0xd7762ed0826d9962052b5503c8d90d080046ca97a1419ef507d1fd0718545212
    tx_idx=469   0xf44a3ef48a56fe28c8e77fa4efc7ae577df801c7732aaa72a86ffdd23330eebe
    tx_idx=470   0x0e8cd23186f7f5f3cf5ddc373884327a55cb50d803af157407fc07c26decdec1
    tx_idx=471   0xfaeef3ae9c13b5436fac57bd14f4db3be338f35d6d6a05efc227b9f0190ec0a1
    tx_idx=472   0x50af347c3e5e4385a97c01f14701e71cab760f365a1b03bb0562018140fbdd34
    tx_idx=473   0xfd99b1118a9027eb5dcafdfdd96ecf0eba7082077797bec0c14c2aa3a567929f
    tx_idx=474   0xe0516f1fc6be30ff984cad99dd67375fa4abefea7438eadad071b905a86fd052
    tx_idx=475   0x56a9aeb40f68bee68371ff06eb2ccdcb3194edf086685f6bdcdc859022db1425
    tx_idx=476   0x420937f249de1f2601a55c26961e3cd1daf062494011084f5990bd16f802ea20
    tx_idx=477   0x39f7f3f3d097decd125a437851a7c019afd6ca6144b8ddcd7a689ed05fe8650a
    tx_idx=478   0x3c20b59ea06102257e7425a9cc84ec786a6281311223ca768bbc518fc95c9e03
    tx_idx=479   0x603242173a5d2c570d9e87d7e51dce087f42db416fddbeb30fb67c3de3545d11
    tx_idx=480   0x97aed4bdecdf91e68684db1e4840ae29fd1b03aca4e0c9bf13fe6bd576a252de
    tx_idx=481   0x5f3acbc8091a38c2f050be307ab5d680bb6771b6aba614c01740672f134b6572
    tx_idx=482   0x7c56280c88453b8f20cec5476ca4a7cfa455494cc0a734bbcc7bb1a6491788b5
    tx_idx=483   0x986da3bb1117e7ffc264eb65bd87da17905552cbffcb3dcaadbca3942fc7056a
    tx_idx=484   0x2988203a2b365c143849b965ba2911ca5a9f5db1976e3c4a7981b83e547f5f8b
    tx_idx=485   0x3ef5bb683e6f004e259f6d28969411e8a720ba1cb7f10c360fb08081df424192
    tx_idx=486   0xb80272b3e82240a5a5c46e81f32ccea1eb1b2841319ceec2eac2da265d41c0eb
    tx_idx=487   0x66f254620edb01569d8e29d61313b9e2e5176e2cf2cd39b37a93e41336060b16
    tx_idx=488   0xc9f362e67c94e1ca81cb29d6442b4753df5dfc48930d592bd7998af6c36f936f
    tx_idx=489   0x16f768446de4fd3abd1405360fe98eeabbaff9e8bdfc26dc4fa495ab014504db
    tx_idx=490   0x110cc6683cf6ff9c9482e5d588c41833e70a2a35eb1b3012238c4586363631ec
    tx_idx=491   0x47944e99c8eafd9a65e3af0246ac67466b0c9985c7b18fe978bbef96cc915c3b
    tx_idx=492   0xbf5fd0aa864ac0cbc595893a697b6bf5050dabcd2bad94d450e558d5ea4d5135
    tx_idx=493   0x73d69ffb232658af047866bf473e21ea6e90f91c78291304a175fbfa3c4da159
    tx_idx=494   0xcaa4039381e5250a10ab2d8c25a067099b288157132f4d37ededa67287105432
    tx_idx=495   0x15bbd09acfcaa9b1fc530d367b75241df81745affda5fc94642ae980af0b6aa3
    tx_idx=496   0xacb8f72a29b13d4231d7ddd8e95a93c1528b4c441d8cdbfe07150b6683ddf42d
    tx_idx=497   0x6f27c3dba66440342653fec6ca30bc7f02baf800970a6364db9d56a408d4906f
    tx_idx=498   0x628025480f71d1876c58be667e9cb905154477d757c34e415cf918e8646304a6
    tx_idx=499   0xa1879c5a8080607dd1b47b97787c433781f8e49178b71e599ac370095b4e4941
    tx_idx=500   0xd3da11edf7265995378c8d7ea7d87b3ae709a04c6c0afe6fc96217af3c891202
    tx_idx=501   0xd6fd4da85bfde00c292f92b1de5e894bdb9edf58a026d9acc93f53f0bec475b7
    tx_idx=502   0x980e65aac33c00855cf4f85b9752457b6c18c83851ccbee2b22b3859fa12f35a
    tx_idx=503   0xa717791a4726b5345a2730af0c677527514f8abd8b3a640e8e1093215bb4d966
    tx_idx=504   0xad58afeeff42964f5e5b4525649921122283826caaaa7efe38eadedcf4acdeab
    tx_idx=505   0x92a6abebcaa733d22675c7badff38e96e9e3ceb6b182a115a79c094546772225
    tx_idx=506   0xc4dac559498e6dfc5957b1e49bb79411ada0dc03632b1c718c5fca5dd870ca6a
    tx_idx=507   0xa81623217fd5ce3298451b14ca00844b1d8358070aa5ab3b295b399e411c5e08
    tx_idx=508   0xc8e7d953956eb72defd1c9cb9595e0c38ae4f69d839df02b2fef2202f27c3e01
    tx_idx=509   0x122713203de1ff6762a473bba6dc4dc3c99e37e39939b4359e9d2e6fc153cb4c
    tx_idx=510   0xc45c73a711e93b81383ce440c1c3264e16b716abfb3b71f918dc6831757c1c06
    tx_idx=511   0xb518738717da3b85986db9f06942de88c9e55a0a3ebd6e4a94eeb8759cab401b
    tx_idx=512   0x952a4be9ae8de6d7b1a0a187154815b4c964fcfa30c692fb077cd64527dc2761
    tx_idx=513   0xbd79ecd1e85020fbcf5fbe558e03fb8ad522e904aeffdb11d3df9d455824f420
    tx_idx=514   0xd200896cdec418bb0c85bed97c2cbb4d076079f23185367078ff357c1c7b5b71
    tx_idx=515   0x7104e81da11e47d86e1654d3a864e7d317c020630bcacab8bbab413c5bd945ca
    tx_idx=516   0x5357c8d84c70d5800a35f087a46e1cfea0a6ed0c9040229cde90faf354f89564
    tx_idx=517   0x7723643187c20ca0d13e49763afbff24f85422f50416d45ca14ccb4f74ea115a
    tx_idx=518   0xeaabe00e5348da93b8d96a2fc67c26b92b87b16ca32e14def230f4aaf19ef776
    tx_idx=519   0xdea9aabecf7737c2302039a160d81eaf660044f187249ed54f307a9e7c37587c
    tx_idx=520   0xb57d155ad843c11d74e11aa5df39178b23d966f9288e0e93de216e3db4cec044
    tx_idx=521   0xa4f3fbcce429b207306d88657c6bcf7642abd1fff7d9ad462ff906a11e16738e
    tx_idx=522   0xb18049c7080c114e8a094caab5811ac3b6689427d496fa601a6dec7767ac2ad5
    tx_idx=523   0xd656807dd0503620468a09b4f34ce810a502b372710f55580f968b6ff8739d77
    tx_idx=524   0x6f0ff84857ca4ebdbd3eafdf7002698e82f8f5ed9670fbc9321a109fe8aa0ee6
    tx_idx=525   0xbdde69f68dff7acb97e4a24a5a6d6d96d8bc63aa12a3b26841cadda0812bc600
    tx_idx=526   0x6c6d3a03a269bf570a20efcbacc3f4e899dc58fdc987f7320b9836da9b95fe0d
    tx_idx=527   0x3e57ab4b998618ac77c47a2618203946cbb0b15c99fc9d8f2afa71cb4a7037ae
    tx_idx=528   0x9d7015658707af949586b4726ab9478f0a54ca72caa72d2276392f2bda0d8527
    tx_idx=529   0x297cb8485a7ada1920703f63d0a61b4f1036daac0ce79a3f25b06bfb90a7816e
    tx_idx=530   0xb3e24a941862818c0b9d170d9d6b240a7ea982edf063c1579ebf594567748c18
    tx_idx=531   0x695b59a7ff18883e9823e99503c56e0e084d8332fd1bb704bf8bdabb5dd27264
    tx_idx=532   0x673117b25924dcde45fc39532b5feea0c01b74ab3cb3a321b67af75375ea769c
    tx_idx=533   0xa87a2564dc938029b6248feeeec88e58b46599900963a9027a80e995f2b8a1cd
    tx_idx=534   0xd17be441623b001ad43e435377b4f5b9fed2a7faab02720156022a165c51a9c6
    tx_idx=535   0x0e53111bcb3dde7ac9b4c018bf5100cb3d737351d72ed3a5c10de83b1293f9d3
    tx_idx=536   0xdbf5fffdb2d3233d588b2a2a192a7ae6f0492b5929a19e8ba6ce9c1e5898c941
    tx_idx=537   0x8f7a3fb9a59904118148d0004c7d7463640760703299460942fdb75e3cd11446
    tx_idx=538   0x441f2d510e8cdd670239f95dc6f8c06fe80132869d5accffef24003693b52652
    tx_idx=539   0x23595f3c55d62baf442c1789f8bcfa7de2f010b5147c1ec37ccd2fccf64f0c10
    tx_idx=540   0x200b243a2676f317e90e3c3735f9962690c6e749de050c92c3d293d06b16c476
    tx_idx=541   0x5f619ff226ecbb9ac8db7369f39df4cb570688c417872ea0324e7e3e27f14722
    tx_idx=542   0x33efda05ba26455becae07c957fbc78b5621de8f181bad25785d64685d7c86a9
    tx_idx=543   0x17003fd22a105b0ca350d8a59a83f5889f465b1322ceeb2236103443b1fdb6e7
    tx_idx=544   0x495636322fa4a4ce21df3d2d92a38aa2c883b948e9d8d971bb2de2252f53a48e
    tx_idx=545   0x03d56752461f74eb0b43e5ce10ccb596cf9600dd6c3fbdf5df741c86ca891a7a
    tx_idx=546   0x376e63a297125de48dd5d2a55f52a2e16566ad1898737758caeb348b89160dd0
    tx_idx=547   0xf7e7ef1dc5fbcc817e7f5bdb8826c630bbca9fb8cfbe5c0af573c414d4fdb693
    tx_idx=548   0xe00949ecb30c60902278b55706cacd000bdcac333402cd1cfbe2258101ca083b
    tx_idx=549   0xefd1eea54cb7f53c75b6986b305927d90558e3562aac0977956ee78594c721c6
    tx_idx=550   0xd4112bf560ec676f0dd2600d4d0b57ab592046727f9209133c7118bf97770331
    tx_idx=551   0xcd5085f1e0951bff1f1f5dc0426654afb8473281e753864dad5f13bac710fc9c
    tx_idx=552   0x48256a36a78d364f5f38090f0ca4409d6fe239b6cbc30583936e5267628cafe5
    tx_idx=553   0x95d81eb5a299bb79e1cab35c2dbd0284ea1cff2619e691a81dc8b746d467cbc4
    tx_idx=554   0x04172c90d60c65cab11aa38cc14a8c91c6ec523d0c272a28e41336b63cf09742
    tx_idx=555   0xc5f7f9669823bcd3db2a09e852e40e6bfde207626e050db39dc2bff6dfda43bd
    tx_idx=556   0xcd9b12e88e259152663c6235c1179bc8ec863af95f561171a513974a7fd3aa83
    tx_idx=557   0xdee6194bcc80cf703d304d00b0e23f8fd406155ad53941076aed9da6e7d4ff7b
    tx_idx=558   0x979a376158caf5e6007ecdab844362fea558888a56662f96c06e56e10da966d2
    tx_idx=559   0x1c8765f0304884eeb207f5e826eee5b1529bb11597769a679e7906b2f7153aa9
    tx_idx=560   0xadd0489c8d7a674a279c2d9f5d9ecf8e9eefe2263c907998b0b6e61784cc5451
    tx_idx=561   0xbed2fd8003e6e42fba46dd3401e7834ac67ee39ed5a2c9b29abe14fe76125735
    tx_idx=562   0x19448c89259e40bf1cf6a53db889a2c991163dcd199daa239c491edd87f8fb06
    tx_idx=563   0xb61a5764618eaa7eefa90eba70c8b7ce2a5a2b4d71f1953790cd7801ea20fd3f
    tx_idx=564   0x0fe521e15939bef6217808388c9432019139dc754b5b1f83026f43e247b174b3
    tx_idx=565   0xbb827c2865bbfc0a980f97b2c0c77597457a1f6a065a797109ed60c1784cbfe2
    tx_idx=566   0x92edfc868941c9f21470800016276dde29923dde6fe3844469bb01652d5c533f
    tx_idx=567   0xaa5e7a8e7673efd93f05d344dd969f7622e62731a86bd65df9b8e973c1af5c7c
    tx_idx=568   0x0968d7a9d067e799336fd051b7a32d1cd96be47fa261d104cf1de149453a0e09
    tx_idx=569   0x4084083bf08a21cc8d3b17cf17eac3559ea2184fb92f8bf9fe7d44595375f9f1
    tx_idx=570   0x05dffc6744798886a0241656c2aec947184b1f5c61e9b8fbf3c4eb757427b90a
    tx_idx=571   0xfed6667a88f8ff124c76a44e509ef3c0675ddbb5448e91ae3826fb36e813a564
    tx_idx=572   0x551012286f2ae7d5178d42bb46ac86d09aeea1433447df21e5e31f1983be7f91
    tx_idx=573   0x9bc843842b63b3f8f1ffc42fd05a1065f308624b1c39273b3ab9ec668401e2af
    tx_idx=574   0x69e7d6b962085307f1272945d0af9d020bb0aaafaa82915c6b6d5a453550c96b
    tx_idx=575   0x4ac19c66f60f1bd6a969d1e72e5e63075f9e4d8d88411aac655fd7cd0e92ca31
    tx_idx=576   0x04afb3d4099e09a7f14ce563a08ee4b49b443d7be049800f9fd67b9185c6e452
    tx_idx=577   0x697ab0bd7c5452a735d94865ee4a812769999dff85931a907ea0be30ae5a5cdc
    tx_idx=578   0x6b1e49d2e4930f1c73e9ee9664ac5e81d0e001518e65114f223fddfcda73913a
    tx_idx=579   0x8b3d32170f7a64daaef2b2f7d135fe2a596fbdfb9e7172913c82ee45a902e004
    tx_idx=580   0x85bbac16f41eade875e5f9d4ac80e20f67da4e9e8e0069c48daa896ad0915ebe
    tx_idx=581   0xbab776b97237202d236cff0edcab8811be663f1f60c2ece70b9d501448fc6758
    tx_idx=582   0x850fa00f3c81bc52a2bbcf02677606ab2a25ef61b7a9b88318bdef521f308030
    tx_idx=583   0xf1da32fb5cff68ca968e2744b299bb362c558cf90fefc1dcc7aeb378b1a66efc
    tx_idx=584   0xcb29a9fb019cdad002c0654e49c9c8993a62aedf74681e1b631863e1b30ccf06
    tx_idx=585   0x2e92f887806139ba34c223f803ab3f486cfe7c348db1f03830ba7ed5ed278426
    tx_idx=586   0x4046d06b94167b2374ee055a180364af29f7e5c19c3ac7465fe12864ea420c28
    tx_idx=587   0xf3658563b261f365c9a356acb5a31467c69d2eb8e46d2972a89d758755e80d02
    tx_idx=588   0x8d3f939e2e9b1902c1e15eba2ea9ecbf3316650c9142bd2780dd1cd43f0bdb33
    tx_idx=589   0x6dd6d49552d855b0d5d27b51368bb08982b44e8aa86cc3a9f01af5e4e84bd5a7
    tx_idx=590   0x406219b029c5594143c768819086c9976b165aaf95f01f41485cad954ab4582c
    tx_idx=591   0x07002a4051aca259dd49f0cbf449f931e7d0a91cbb371f289a064d2337ef16dc
    tx_idx=592   0x6ff2620cc02e87c0f69dfa445695e60715036c9e5e4b72ebb86684c4f4a5a153
    tx_idx=593   0x2845ff26f2d7dcd35a8039aa0715e072a21277bfd8d3ad8dd6107806f9fe700f
    tx_idx=594   0x47929f849517aeff0888e0b5b428be6d6aa9e308e659e869d0d5a5c089060b96
    tx_idx=595   0x83f9f2d164902346ab972793880b898d1f69d7da97f837544587b256e86f90bb
    tx_idx=596   0x52b23a1a55822c99de80bb941afd6ad3cb1243efcb80e71d7e598e1e8325abc9
    tx_idx=597   0x6c46932a273fdc7cd147740ad7edbc6f288df440cfa09ef6c16dbb3d03df2c1b
    tx_idx=598   0xef838549c8ff8d15f63dba831a0d9d0910438e63cfcfcb47bcdbcd1000199a8b
    tx_idx=599   0xc37f3f7714c35feb48f3ff73927177abb99fca68fde407a4d2279c5912c5bc86
    tx_idx=600   0x84df13cbecb669b9f7a2569c55e41636b4e453d228b406dacc2b05839abfaeaa
    tx_idx=601   0x9e9f4543e83d2fc4797e4c03366279343d826d24e48bb8bff24d94b9e9c682f5
    tx_idx=602   0x39f089a2f11fdc664c84d426ae18d85df2e0372c093653411564f317b2be0b27
    tx_idx=603   0xf25c15f4030d2b9aafbd9612a50c02457f68d89c5c539e0eac12a33960b11f0a
    tx_idx=604   0xd453fd56ca35dedd2b85ae1b81bec3346d05c99da284cb3f7bf0bc89bbdfbddc
    tx_idx=605   0x2a377473a56d78ed93b0a569aa4b99dd18b3c47d64f81e548b94d66c66ac5b95
    tx_idx=606   0x9187b09b0c9ba5ef8567db1df513e899194e8a2186ff4ed5dcfa9e424eb0dd11
    tx_idx=607   0x21a149e993546c7c97620eefcbe4d82bc280eaee24146bbd59ac64d14ec869a7
    tx_idx=608   0x2b196ef586402f6dc2fd267fc982f33425f3b55a7fc299ffceae1372c671cc5f
    tx_idx=609   0x9e16420a3a2a8127d8b49a88a68df56193e077ef8d1fcd95dd823deb72178080
    tx_idx=610   0x3ea0e02ca05ed6fabb9c777d75bf2ffb3035ebe81b77ed6714023fd418996b55
    tx_idx=611   0x19c0fd2e7c81ee70fa6c3296258d2b8410562b3bdb6491b885a01954e76062bc
    tx_idx=612   0x5c464826e062d03d54c8aebcc2fbeac887be4e60473836307966d6b6068b0701
    tx_idx=613   0xcbfab2dc59e493e4b95fbf6cda1bab382a7de68a859834a6268cd7ff8d1fc546
    tx_idx=614   0x65f6fa9c38e21ad87f6a0ce1f0a3b1be26bbf0ced44cd11882a575f1d34d608a
    tx_idx=615   0xef0f9c72b752dfec4cbb0c61dbeb96b8223b0f38aeded1cd35ba513b7dc564b8
    tx_idx=616   0xd873a4a313b22ce6b52630e4b7e8133c49d198bacd336252168bc7acf2486d52
    tx_idx=617   0xd684b66ed8892d05779fb17244fe9eafb8db20aba64dc1506b4c59f59a629c7e
    tx_idx=618   0xe748afa1f41188447988039a0f04b7ca4d7e166546c973f2768fc174b93e70e9
    tx_idx=619   0xfe0859cc65494ea67bc8326e797cbb0019c13aedcc888b4c6cab202c018e4414
    tx_idx=620   0x6498ae14592be28928d4b8bf24cbf626897aeba5b4be89a44b3a3283ccf5b5a5
    tx_idx=621   0xf52bcb18628e98866aecdd6fd14697f055252af2dff69a6fba85ce2a251a44c7
    tx_idx=622   0xbdc5e174f9260d38a669f58c0a004e378570de3cac07bd9c593b0a33aa2e7cc0
    tx_idx=623   0x5a88883e60552335b0b93d73615b24a97506b7e6838ea75354ba7fded0c7a070
    tx_idx=624   0x8591b3ec72dc5aba028cbe441ec246ff76812c616a8d3048eb121cc3083dbe79
    tx_idx=625   0x9a29f896ca52d6668e743dbd004c9e719e3fdfcc01ee7ee6d8d4180364377dc9
    tx_idx=626   0x47c29a6be27a138f66b29eeeea46139d0f5404bbb159526f7246851c630c7167
    tx_idx=627   0xca3739c3aaa2b5522b3b930b62758a6476199d96b9775242f4c77473892b69bc
    tx_idx=628   0xe2ce553258515ff98a807dcbe47bf3641bef1b1f04d95024a706849bcca1f399
    tx_idx=629   0x595bfb11ca3da628cafda68cbce8a2dc516c0d3a94b821692c58db42e705c764
    tx_idx=630   0x042fa56f848bf42a367143ab794fac2d62d8ba1c22e828c74758ddc31a4d1233
    tx_idx=631   0x8ac46fb6cec5122ced1ebdb530b2ad532385b2d3482795d656b58a5ca41276f3
    tx_idx=632   0x73cfa734244c246f378615fc76c0f4657dc06e76df110ddbee5d4c87e20a31f0
    tx_idx=633   0x11021bd8051a83b2a947adcf83d86ce83a2b0b7eebb65ab70192a22df5bee5fa
    tx_idx=634   0x15cc8a26fbb8146b9b07c275c1f252b85366bd7b7502a6826bc94c60042a9529
    tx_idx=635   0xce9580ee4b45a7c957fcd77ceaf76a294c6b3a95d583b7205a3b3f4f70e527b9
    tx_idx=636   0x92858f56d44735ba1aef19497605464516f8b967d51264d653d734a691b62379
    tx_idx=637   0xf724f5f99f23cb4de00fdbdf46227ea749984d00f10e13760c7f429a09d0de4e
    tx_idx=638   0xaf83e37924a76f0a5ed689debec3a89c839744ae747de007404268072f157eda
    tx_idx=639   0xdf4b51ac811e8f131011b653a38482ab760c00b495b5e59ab8cca8982cf7b7de
    tx_idx=640   0x20e543eae7d8028f045646e0064795fb1bfe38f772126e38da0a04dce6f19ba7
    tx_idx=641   0x74e63f7e6d124d9c0fa80d8a2f109b37fab87285ff208dc6e87a6d3745601efb
    tx_idx=642   0xc5f4118c0568fc0a88615c4484ef2c82f6b55b3a11f86495f549966e0ad144fc
    tx_idx=643   0xee47f1c5c3a1956624cd49f9bceae9a2fd29e93326cb76197ba1a44edddd0ea9
    tx_idx=644   0xfe4c4ab88036179fee85657f4b876362cb2bbd69694fa86ecb48d71f47a6a4ad
    tx_idx=645   0xae1b1938836d8a357faf459a36cd8e6456533d294e49ffaa00eba6e4902418f9
    tx_idx=646   0x7a94c3039650cb7b7bac3140eadcbfe8174fed3b657b4082692853cfb9d1b474
    tx_idx=647   0x6ab252ae57854f2345bab25b8b006820919bac210de4567622a3b1d7362a325b
    tx_idx=648   0x47f7f2b53d5d323e89467972de35c68932e845db12e3a1de3241817ac3ea2f61
    tx_idx=649   0xe88575613d0cd89680325b2b9155068a3ab22fb61576e143486a608171f0391e
    tx_idx=650   0x21b7bc06392abcab722d8aad40c4dfae05297bb3fb8ffc800f88d2bb8a58e244
    tx_idx=651   0xbf65e783a3cac12fb50b6b3198fb797a5f26d96114d7448673f03738a412f2bf
    tx_idx=652   0x6244415e00232cd3a169d378cd4efe2cfbb1648190d2a6f17bc858e239f49fbf
    tx_idx=653   0x9b7164e50fd872447363dee94c44f7362b273e3c30934bc85def41b254a29564
    tx_idx=654   0xcf221e6213493d01705846ab36d36ffc44ebaf9cca8020a9c996701d8cf29e56
    tx_idx=655   0x3a4fd1ac9f21150682d0ed6c4cfaf8728f1f2fb4d2da624b3bc87cbba77c4a58
    tx_idx=656   0x7b2187246f00f8b608a2322702489075386dc1317b2a76da4d0fd39354d1ced2
    tx_idx=657   0xd79cfbb5cbbe1fb08bd06943ba5238dcb80f5e384860c0a7d2437c177bac6175
    tx_idx=658   0x5edfd276bf9dd5f996e3cd351cd22de843a8203cffdc8c9b283e9d25e5deff84
    tx_idx=659   0x9e5c317c76b086c9c6717450f420ce479782764b00c4881f28e6e46132653440
    tx_idx=660   0xac3c5c742edc0ee9daf0590943a9c84e41c07ced45b45f2d5802a3eb2b4b187e
    tx_idx=661   0x0d0f438e7ccf995c4751e34168851ea1a2852fe5c3b63aeadcbc432f0e5c2b44
    tx_idx=662   0x32166b8b2baf303bb5680680347e0f78a771ed33e9bbf94cef8da70446d53ac8
    tx_idx=663   0x424f8d2f33a0c7e873d49885a9ac9bf1755e98e7fa607b72cc8aa9e599e2765b
    tx_idx=664   0xabea3cd6cd1fc8c05b77f9ffd6b7b635acf83cdfb9abd09fc0c22b3057a5e117
    tx_idx=665   0xb219b27e9781bee25533816535dc244c92de3d661bbbe1007057928f2258536e
    tx_idx=666   0xf8795cb16e6e406f88e6115e835b4d182ab8deeef8e5cf6cfda20146b68d6d91
    tx_idx=667   0x30b74ea6ed4f5bbef99135870a862b81abfdb96747eb539cdc257474b33a0fca
    tx_idx=668   0xf21a7c191f5cb7dab1b3bd6f0c13c95d5d753c8b99899a0c080332bcc8024ebc
    tx_idx=669   0xc6c084b67440aa2a78c990b1aa1c158740db573b59d0362349894f82887dc4ba
    tx_idx=670   0xa52a77ae4e065fc4429995413043f435be2edc9c165d2b4f248376f3e42cead7
    tx_idx=671   0xbd188ded3b27e06540cd35ecb868b47507fb72ccb357ad36be786b472ff1a3bf
    tx_idx=672   0xa888b6cc77df17ce09edb5daa7667fedc509bc0185bc865a65484149f434c1be
    tx_idx=673   0xd7c59bebdd102155209dbeec995ebc84c3c109b2ecb608eeb981fa1c481a20e6
    tx_idx=674   0x239a1f575ea1fb771a5a7621dae4a91fa6133f0dd456fcd700bccfa187c61956
    tx_idx=675   0x1ea12ce1ccb32b1bc031eb58c3888ea714afe5c17fe3a58c63e329dc8867a23f
    tx_idx=676   0xb543ae0c1ca18a2fd537b2e2f0eb7f3be00271b0f801a2ebc7e291db1eb6f47f
    tx_idx=677   0x3154eb6093663a798749ddaf1213e883c2b51af782f041d4c2406e48254bf76c
    tx_idx=678   0xf817aca716d3f4a040de4a5c274b39dbe65fe4a5f05da981f44a5b956b8abdc3
    tx_idx=679   0x8a8ee59abb494cb6994f7a609642f49c8bc84be4193e08b7a5e908d203738717
    tx_idx=680   0x047c2187e5f1b70703fb0def2fcf781cbfa75da4fcefa6e94a7b7299d71c978c
    tx_idx=681   0x3a206663afa76dbeec8db20c34c13b21f6d4816c586407bf8fd766c0969edd3c
    tx_idx=682   0xbe362f3e64e8105200b65c1525a014aa2c5b3184b93da93b84df1ca8aebf4721
    tx_idx=683   0x846c1f93ce888afa0a98aa99de23e221fa1a2db00b98d3fa1daf70b5ecd9a0be
    tx_idx=684   0x7ef8cec621303d251629471a63413cfcfd69526d6f6f224654a916ae68a9c2bf
    tx_idx=685   0x4f3e0fb0d95fe6f80de8474f7c2e3fd8197d380e76c8ff6d873bb8a651957458
    tx_idx=686   0x4a409044c436d77d3d898dc94a88f1756afa3a396d2ae57daf33908947e3cc9a
    tx_idx=687   0x98ec11b21b6147bc76dab51b288a0d2c4ad86fd0e38f2813bfc3b5e3d5d6433f
    tx_idx=688   0xcc568eda26f17a3a54ece49c591e0a87d120ed2320abd53043e5bb3da4a1c549
    tx_idx=689   0x7a751534d3e472d1e40770259047011b2cbd5e8694b31ee9ee569287ee6e2257
    tx_idx=690   0xa34b880e55cfe0b6532f32ced2d157bf6d1b551a582ae340ae7ed95943a71944
    tx_idx=691   0x69f1f9feaa1a5f86ca08d944b424212b5ca3fcdf279f9796f132c81c72de4b63
    tx_idx=692   0x698ba36ab30a9c09765f54bcabad159afe744ff34cc6b4c9be52017af4bbcf78
    tx_idx=693   0x632e346775c7709fc1e198450950352ce1c0aad8ec1e76bc06f4d87dba3934ba
    tx_idx=694   0x7c959e5052655e9266cc191cede75413a5dc5fc19be0ccdb235de878d304b873
    tx_idx=695   0xbe54c99626ac6d39f1d45a548924147e0807281aa473d2b57c75b9ca1eee8c74
    tx_idx=696   0x59e0bad51fd330394ec28fa8ee0968c5318de327a6f3a707c79dfc957064e535
    tx_idx=697   0x51c513b52961f010a00c904a5fd71a207872c2ec100c3d42dc0305b48b61974f
    tx_idx=698   0x54fc1ee4add61bd889ed4fc86fafa38be2f5a94f8d3f97c369a733521e8d98ad
    tx_idx=699   0x05a438033a5bb157126d931be81523b767def19f9eea20fd89cf53069fb4f313
    tx_idx=700   0xec2a64acd82213139ddac7b4edd301c110dcff301f21c70f772bac5ee321c219
    tx_idx=701   0xad4d3f973b813717355c8acfee5e4be9b2a363bde0d86efc515bd29046d73cee
    tx_idx=702   0xb67940cfa228e8199a640b8142615c39fd14a224aaf97534db28bd286c916cf1
    tx_idx=703   0x79d8ddf95bf6d36a55594a400323f0d2e1890ad329d50a4d7749bdd1d25e9b54
    tx_idx=704   0x276a11d3dc98019273b270bc273bdece8da142ea38ec3df364309453b99b15ca
    tx_idx=705   0xc4b2251a482579fc8950d513db03501dab7121b49c640786f5027b88fede4011
    tx_idx=706   0x9801868e1be1d22059ef4b6db9112865ba238c1b1856de33aca00df053980a8f
    tx_idx=707   0xc7688a11e75c771f6dd3e1504c5eba79ed3b66edb12b57d0f479b2c2b373bff5
    tx_idx=708   0xcfc159ba756b9d08af98fe1d941b5f09c3867886588881d9a556d617b293f9bd
    tx_idx=709   0xb0f4f29b50ea94e99141b1005fde189035508d992b7b92a7205cddd6ab3c811d
    tx_idx=710   0x36d6cafb1f076e0fa11efb2eead2dfe7e65579a47c613aef22b03809b395a529
    tx_idx=711   0x74e63b096aa6c789faa65b49de4975d2890508c86779bc4d1534aeeb70689c2b
    tx_idx=712   0x78944fe7a0b653f25f94ccde70abf51f5e95cc585d98b2e4aca30d6aabd39cb7
    tx_idx=713   0xd09c7e18a7591e56ed94aa05e3268639545ea7af00327283c832493b91adc4ec
    tx_idx=714   0xb06c24c70c28dfde98cfbf4ef547da0682bd3f5d7f46459a9b51cefc5fa8420a
    tx_idx=715   0x24e3366c4cc74609a73f4ad6b75c96434158847cc152aa71a0bc0dd724987f19
    tx_idx=716   0x01989eb0943c6ad273c3ec01bf2a7e97969628678ecaa70e711b90dcac5129ab
    tx_idx=717   0x0a7b3f4d68f3745bfd922cee0bb845f7b677e397842bc28e51fbab75bb2f7cc9
    tx_idx=718   0xcfc1df291b5fa956f4b74da33ff9f4abddbfd2c3e9b8f1a51256d043941cf259
    tx_idx=719   0xa36dad73ff40c1dd59c59e0f05f408ec02d7a630a6b09accd058af4a9e37e148
    tx_idx=720   0x69a4e58467868563a7971676fa6a9119c798f6fc3ea3bb717d6e98e5d0815b23
    tx_idx=721   0x5d17b8e17f74798c088c3847924bb4fb2dd95c20615fa2d635b87054fa020be7
    tx_idx=722   0x19174c5701ad2220688d737f5ac82dbaacc8d26c471dbb9a1efd8e706068d40c
    tx_idx=723   0x5eaa693f9a0791a6a206ae029655da4bce6e1c6eda23fc506b9704be14efe434
    tx_idx=724   0x90a8a53f1739b8993576eb3ef83e8bf6c3101601e6206a1654b0ba1aed906b83
    tx_idx=725   0xc07490aa5aa79d60599ac4592f34659bb7c759168a2e97c041a5c809a5168104
    tx_idx=726   0xf7b0b6415ac2bdf53a8987c0001366af8208fa8798318e44a0fc488df590c779
    tx_idx=727   0x3cbb9b8e7273da69f9f425ccefcbb1c9e06ace09b31541bdd1e996d55ee86525
    tx_idx=728   0x27b14f1f270bd0362a1f3c16a6d15e7fcb65dc8d3d4f9bf2a454f9303cdedeb8
    tx_idx=729   0xc5abf6a40a98734598a8608bcb345fcd265855c28209c97e03d0d703c09c4c61
    tx_idx=730   0x63cb68674f3589436fa24e3b73524de3ac3af443d0f79bb821834170a58d8116
    tx_idx=731   0xf45aaf29920fe98a1b5427ee0d296cba4f4b2eef8cc8377268da820bd07961a3
    tx_idx=732   0x2fb2805b1fbe9284d3a735fa0b5a859cc6e4885365c2c1ccdda359a3b9f6e20e
    tx_idx=733   0xdc69b8c72a8000d16235c6921b3f3d4b8e242c7852d2e4864b2eafb57731c673
    tx_idx=734   0xf40cf01c504814cccf4302b324c9602cf82ee9cb9d278e10a00c674a914d5904
    tx_idx=735   0x5d2f3601eb94f1a82b0053f5999247af347f512bae0ab109a353c18b8917e6c9
    tx_idx=736   0x89c45ad82e1238a6087e9b7353110d61df7f310e13aa5258c7225160d883999d
    tx_idx=737   0xba43807c5b59d6cdcd3a6b5818438d5ce1e9a2d6565b39e9820cfe9be170f65f
    tx_idx=738   0x60c1ed2466b658309000c5db6b62c3884691fe2c733cc16fc7ec7d35c4cccea2
    tx_idx=739   0x114c30557cde7ca626504d46b362c327085eac95957008567d6dc081627f66f1
    tx_idx=740   0xd638238e20e4d035ccfb1fda0ba2ee63fec315f67611f00c5f2ebbe7ccde7780
    tx_idx=741   0x14c64c689cd165493c3bfdebf90f291dbdcc27ff9cf0c4a67f2b66d4286d3122
    tx_idx=742   0x1277d92ec8ec920467ec5c8b530e2e4dbfd60141d1d0968ccde8eafc73342a25
    tx_idx=743   0x732ff275621f18aa0c5c05ed5f2d7338e928aa6978e63d895f5ffa66c31377b6
    tx_idx=744   0x0d0409892c9eac567ec3edbd0f917f48a21d597e013ac54331270c7ac2d052be
    tx_idx=745   0x6072a96e76b970310f6529a8a7c01fe2c4be2e67baacaf896f7bde9789d1e6e3
    tx_idx=746   0x294a6e21d506f8c1afe34e8de18480519be6f1741fd48ddaf518edb83bae75ef
    tx_idx=747   0x3d7629b188c321ede3527d6e408c043932344e7b34d7820c99070ac700406aea
    tx_idx=748   0x35ff5b7b095cbb29c0af2a8cb376dd3aac0e08cba0b47eefb76a6d8fad24da83
    tx_idx=749   0x415ee77c71c85bd2b6ce605faf8fee6180045239bd63808aeb7231ca901b3800
    tx_idx=750   0x433ac72d4707d87b937302d51d14f1ff2855caafa2346f5c4463f60c022632cf
    tx_idx=751   0x947820a36e84b086239e75201192ca4a959abeec1196909026ddeaaede6ba424
    tx_idx=752   0x0ecf54474f0c6029b8fb5d23b24652b1219117d1be6da8f7fd9c560567e3b7b2
    tx_idx=753   0x9635b913bce77d574e2636cb75ddbff8a3b92abf0db9b9127e81af5602d7eb6a
    tx_idx=754   0x7d5481ca22cbcd075546899beb539bf21131e4afadea6df70b0137e29d924d19
    tx_idx=755   0x04dd9d8f96067f693d99534c59fbd897a4e215795ed5a0ce37af1133d24c7986
    tx_idx=756   0x1e134aa973c2b74c480a5b4c45363ea7de6db089bce9828397905f183df36164
    tx_idx=757   0x2025d4fa8eca750ed7bf8b8a3a6ac81a0fe3c5b3fc8ce82ef30109a3d03cc7fe
    tx_idx=758   0x8569d0a489f4a778d70318f41a52c6c8e5454851a52da964f1658c7acaf4bafb
    tx_idx=759   0x39549c3d27f2dbb0d0ecab0b907d05a807ce092796811a30268e4d1912f2984b
    tx_idx=760   0x0688fede9f6784baf10ae96e5a49858568f8208ce44eecb91a6caa7db85dc731
    tx_idx=761   0x591c58d64753317f46ffddafbcb650b00c28313b835a01d2439f9aebd7b45bac
    tx_idx=762   0x375ba8e1fe4b0f4dc7f3111debd51c7418f8c0b23aee6e5f3ca5497e740450a5
    tx_idx=763   0xb408094ef276c6e26e39ec60a26f4bbdba4288d123e8c501f012bfc26364cb75
    tx_idx=764   0xedcb50dc444b532bf5f4b54af275779e45955e1c364d8c81301c2513b2321819
    tx_idx=765   0x83365247a13efcee692480c7bed91ca5a23b41ffe1570a26c28053c4f9175cb6
    tx_idx=766   0xfb7537066d8bd662af0dcb979e96f96dcbb40ded2688de7b7c75394244983019
BLOCK 25501415  status=ORPHANED_SUPERSET  canonical=53  stored=492  bc_tx_count=53  orphan_only=439  lost=0
  canonical_hash=0x665448047a3753b3790ea4d9c0c83921ab064651d21843737e13d58bfbb6c826
  ORPHAN_ONLY_HASHES (439):
    tx_idx=53    0xb8c9fd354b0ec6ead354ef2ffc8a70917d2fe8b0420d4b64c5ff65ae33aaaa39
    tx_idx=54    0x8d4800c5042f18eda75e155004ebb735254ead1b35cc69876f4874f73e581a55
    tx_idx=55    0x0c5b86fd5b631d53443557d69b44a2ae824e4ae2d6888f87416f8ecadb91876c
    tx_idx=56    0x05fc53b74a7e959f34ede7a277446109bb71f0214531f6a130c0d752226f1e87
    tx_idx=57    0x923c281d4c968fe2871dff613b76a8b53e4b928f19aeac6d80b86b692f36442d
    tx_idx=58    0x40f61cb9a4cff6239581160b332a5b7120f234251e6513bb66256d77f32ebfd9
    tx_idx=59    0x9b8817c8e1dfe1ade2077259fd5cae0608fa4fee33956e3816b6c865db3aaea2
    tx_idx=60    0x00cb748190470cc9cd81c3b2c92f443c060bf8ad129b36084360fe255d1265f2
    tx_idx=61    0x3f07379b0720566d7aa5958ebeaf6c145f7735be4f1cbb01e8d5822b405344de
    tx_idx=62    0x0c71d4df6d7291449315515585e3978f8b706849a0ab0490f48e5babc04a7968
    tx_idx=63    0x6f136eccfee23ff57fb65f28c3c3f0fa312411dbd40a2d82cdf39c915790c3b1
    tx_idx=64    0x7fa1a944448d7955228a92cefe69f372d18f0d5d53a760753c52e91b0f781e87
    tx_idx=65    0xaeeac8d1f559420042664a4bf93eb0e0f438575cd81329edd296f3d4c2184546
    tx_idx=66    0xcf6d4210e00e9420986792b2ccf61e1fc55554848aa8f8172e735da215b1d968
    tx_idx=67    0x585d814389fb34668f886cbfb6fae7517d83c821bf505fa3a9b3a60b4c3e126b
    tx_idx=68    0xa37414b7707f0e5956f3212992941e0f6d0fae6599bd7abffc49f84a66ba5ac5
    tx_idx=69    0xd8e6d52e42f4607ad118819a4c5ab690d7576d4fa2cf49466d6bbbbb55d7893a
    tx_idx=70    0xbcd6196e078e455411f76fc4d9e6cd470536993da0f15c25bb3025807e063c78
    tx_idx=71    0x8ab19bb7edc092fbf7b9f090f35908bcfc976c0c2e6fd9a8330ef7822f2b7c98
    tx_idx=72    0x443cb21b0e7a7b461847a6e64d198b9b825cb282bfc7e6cb9efe74ebd9d67f24
    tx_idx=73    0x578637404c7ae4750b37b648252b7fe86ada8bdccfa1f1f41a57f1aca63e6e8e
    tx_idx=74    0xb6dfd3a2d150f159f555c3621a62b8f4fa4e1f817ac37a9c16b3614ae03f91b1
    tx_idx=75    0x3c4fa5d66abb62336340495829e76abe98808a52fb60f238fc93b76b6d637c8c
    tx_idx=76    0x98ab7c2eb2cd24065e5e58c4fb411dd1e19e93a602539840c4a0b54460426209
    tx_idx=77    0x95cbb710995c74d1539c19d982d1b3bea372577916ec277bc2ce05b3a5936163
    tx_idx=78    0x90be5e2352623b846c563e7697837ada46e3fc1f84b792807b2c7f707e49ed94
    tx_idx=79    0x99f5f0e715f8f9a36c3381254e77bfe4a9258ff15e375137cb2c24bf4a47ee51
    tx_idx=80    0x592bb1877fdf63656efc92c61463b5d9ef2fb10ac298e5c3100ffe441554c45e
    tx_idx=81    0x961e040f8b4d3116245a65ac8ae68db199e58733e1fc9f1249f8e832015e7a65
    tx_idx=82    0xcbca431cbec59cc80db7b9b9630b4bb593fce24da6ce82ebcfce8138cc394fbf
    tx_idx=83    0x908a46149ed2cc4ec34df0d79ec1a96326244f598e30193af65ab19cdad61912
    tx_idx=84    0x395b647d7acf4775782db1fae8ac2cd721b3e921999f7434fba97e022c8e6a88
    tx_idx=85    0x7b34fa57806658dcb048e07820a1dbc11db6d5c26684d0ea8fa5ab3b7b114914
    tx_idx=86    0xf0b41fc9acb4bde493d541ab4134b1fe98fa540bfd4092401ae4eb7c945fc22c
    tx_idx=87    0x9c25d1f58887aa82ede7dc2c38df6c48a0149f44a3346813580ecd27b6f56027
    tx_idx=88    0x0d847f71d183275cd5f08d41f47ef25ce4a5c488d0be3d731a22be8e84e61847
    tx_idx=89    0xebbd91a992ec2487850e436bfeb18de3abf93352661acbe203bc342be12ac40b
    tx_idx=90    0xbf95d95d540872164d3509a4cbca0777e9aa9812497c5418de2fc0933880724c
    tx_idx=91    0x99c9ce8e30bdd388b3d87993107862b905dec7bd9cdd0be14a0551455c609ef3
    tx_idx=92    0xda4ae7f20d2315f7a3147f1548b06a230a8aeff72101e9a51bb35ce5876714da
    tx_idx=93    0x3b4f5446bf839b13ada714b4c1aa02ccbb78581bfbf82d12b713f0a4df1578a9
    tx_idx=94    0xee317c5c6ae85c1d31619ed3157c1f305f144c771e0ff501fd0cc80f27f12c3d
    tx_idx=95    0x6d75ff47490d2a5b9defd1d070a44fd5f7ee10fab31e16388932a7b6c0e2db5c
    tx_idx=96    0xdac0225e8ac2b2ccd93a8da83dfcb3424f186452138305ea1315daec4fa4d889
    tx_idx=97    0xfb0d13b398a731deadf899a47dc8ddbe6b4cb9f8c20f36bf9a01dd63b10442be
    tx_idx=98    0xe8cc46532b558ff9d42886d57f8f9d5a419654ff0a5f576a88272143fbc071b3
    tx_idx=99    0x92ca035c18408c2962a77061eb0a3d95218a51b41f40b15fdb270f009608485c
    tx_idx=100   0x3a27a7cb961a23dff7fa622a21b0257f56bdba40edb8b047a0566bc3c51887d8
    tx_idx=101   0x6463aa15a03c2f0c4012968e95d2693616ecd978c07cdbf78d41664f07621cce
    tx_idx=102   0xf862bd5f27b3970193422656fc43d3b95b381d8aaf12fdea3b9c8534dc261e4a
    tx_idx=103   0x2ff54f71ace990090eef3a441871318e980ca3bfe21bd4af4505be861fbbc4bc
    tx_idx=104   0x2a7f7f3902671fb44391bdfe1d791e5c2b48e55b277445cd2ce05f6e013295c0
    tx_idx=105   0x8afb545eca2c4c470e5ab67dc7161468f63dcfbbaba21126908f42dcbe995950
    tx_idx=106   0xa351aac10bebb33764c5bf72768ede93f644d2da6229389dee8cbad0f68e3980
    tx_idx=107   0x1e135a8500f2ecfcdb760ffcee0a4269d99e8dfb8e565b8ab0ac3e21b6f688c7
    tx_idx=108   0x82a3a18c10adbd2815f6746d16006675791f561289d81887321ca72cd7f61d04
    tx_idx=109   0xd9467e7d38739ad7c0e21f3a5178f91619e85557f940ba5c349c1b3e4952b88f
    tx_idx=110   0xe876ef8e115ab4d6e4b86ccfd9cf69a7fa199517fe9b89fc5ad9e1d0e561826e
    tx_idx=111   0x5546b0003a4c6ac92e0e84b6ac842a909a4edb2aa582ebaabf4e591388f9d431
    tx_idx=112   0x0b1546f86c019c9452b93472cae0f5b551d00550f401acc1a062b4f65246ced1
    tx_idx=113   0x62317c4c2278493ea68510d2803306e34b550286db3703da73d5c3c9a98a51ae
    tx_idx=114   0x61222a87cf691d7b7888a58851779e7621c14f6100fee59515083694ec1016ad
    tx_idx=115   0xb556e7103825022cd020fe3647e1baf2acbac13201d5f5e486b9e8c2703144f0
    tx_idx=116   0x3f4fdf04389dc490d571abcd7d14788b64fd8f7e29da4e63658374dc68c10eba
    tx_idx=117   0xf7f2fa4cf3ccb67b7929a091854ad6da554f810b904ab7e8f65864ed0fe5fc7d
    tx_idx=118   0xf1e87f77ca6c62632203309dbb199245004834ba1925e1df289df0287f64fc76
    tx_idx=119   0x183092d240695b4ba3084012ac3f46cb3917936b1b92cfbae0ee9e69b103be1f
    tx_idx=120   0x46f9ae2caf365bd991fca31316c4ff261d85acd541f26f5a66b1b41baf22f73b
    tx_idx=121   0x7eb7d34bc6e976eaa2a40d5c5ff0e2e3db896c511902b08108566e377555d874
    tx_idx=122   0x557311370b00448486b001f433cc447d86ec44e7118f96914bec5661905a359f
    tx_idx=123   0x4312800adac0efbe5b53b5fe8fd5ba0b9529c41685b244e970302fa17e734c25
    tx_idx=124   0x9821f5a89472b9f42d335148f0d5661ceb7e60cc8bbeaf060dd6f965fcad57aa
    tx_idx=125   0xadbc51e4e09723def065cde7b1cfe5f22c6010baf53735a952037d3c1c004353
    tx_idx=126   0x76f8d2d6017729a68f50ff3e8ea3ea67460b56dd2caf71bc89dfeea9e6e3f06c
    tx_idx=127   0xe9ec351f3fc28ea9b38e92f47751e5fb9d013f9c1260ea357549c330f861b140
    tx_idx=128   0x6e58567afb8436c9b813d9c397dd42fb5dca7ec8440015a89cc1e2fab8230592
    tx_idx=129   0xd98f1ff8269f637c3bec11b86e087c8186b4608835e7922f31ea7df84e200afe
    tx_idx=130   0xba7f0b364678c93f2e572e12fc8db0a1d1798ba3be1f24712bd910c5398cd2ea
    tx_idx=131   0x6cd4b2f68367d9a9a24e28f5ed52465b3dcdd6d91dbe09320310bc0362644f58
    tx_idx=132   0x9c11ae4b68397ec42c4765628b68233f122f4a5a828ba81e3a3e9c27ee986c9f
    tx_idx=133   0x45d1306d0bd5fd6c79964945c3cb44e069544e0d9b824a2c14602e146e0e874b
    tx_idx=134   0x8ac52bdfb694eca8af6c356e6b5e09486d86f86f9d1c2845001d86b73eaabc51
    tx_idx=135   0xe94cafa6542a26fff62cb9e31c71cf31625fe71b571fbe9c8da6352757529561
    tx_idx=136   0xcd200dd379e5f5beafff3c13e2038c5983a94cdd20468024694f83a02a6c1704
    tx_idx=137   0x871720a00b2b194c79f1bbb3234ec9eb5abf0a3d82d897523ad7bd2e14e8a27f
    tx_idx=138   0x1db50cb6a9c474c509782d0e4ca2e5d41352ebb1ee3799c00ad0c1be16d8037f
    tx_idx=139   0x08c3b7c8b3593480806050f45a40ae20d249963ed36feb7d90829d679c2c8c7c
    tx_idx=140   0xd696f8e0b2fdf861a9edec5421b1ea6ab15415e273271be451d0327d826467bc
    tx_idx=141   0x51e19f9e567b3a62385504e19d308149e9522a9c2aa114afc3e6001525169d01
    tx_idx=142   0x83cd6406fb9826fdd9f0ec36d6ec5bf0212e0fc70a27125cb752ac8bd7f8f46a
    tx_idx=143   0x498b2275f9a5c7f7bf3f2742b15da79a0de0c2888b8391d43b942bb86b8399d0
    tx_idx=144   0xf41e9aec04ec10919fbef54995f8856afd7edd0839ee0c417070b4839174a80a
    tx_idx=145   0xf9f6d34d9216823b8ee0682c56d1af185dad093cc5177bf7770f454c92111332
    tx_idx=146   0xe5fd2f3a18e4ae67a56a6c9a61a38e449a15d292b6cda476439ca54f17fd4b6e
    tx_idx=147   0x41ca9a91b8bd26a687dc0de9d2f288ba2b8c6cecb6335ec866c30fad98998399
    tx_idx=148   0x591d9f05997a79f19bdc74cf0a7afb9f4fdec294db7577ccf7c47f58bacdf159
    tx_idx=149   0x51e8cad0296ddad4180c37a5a58fc19f1252a6286ec790f8dbb1cf93001605cb
    tx_idx=150   0x13853a803a8688081330fe7884f6f6ac866be7930fbed6ea1e7796b7a6ee2b32
    tx_idx=151   0xb0be35c53cab1051e8b784f066507bc7c3a0267c57eeb51ebc4970ea297bb013
    tx_idx=152   0x941d43835153f69c64977a42561e8f1a80229cf98ce7cc5423bf6cebcad9109f
    tx_idx=153   0xebd896f69c7db26990bce6d62018c15430e61dcb83f9bb852dce9513f58e6265
    tx_idx=154   0x4fcc7987e87d39b069a09a1a6657f7bb34e3e84e7fbe6925f22420932fb46ff8
    tx_idx=155   0x8768f29998a08b20b9d514a78bff90e12b2f85dea55651d8ec9731395a94c2ea
    tx_idx=156   0x48dc2faaf65309a129a545679dbcb9e147ac8cc524e38d0053ebb1cddfdc9f05
    tx_idx=157   0x781b193f1dab24dd4535d7aa60a00c22557042514ac11e9920ecfb54838bea3e
    tx_idx=158   0x2d5072224196f3d24bf04a1f5f8fad5d981144f90b03fd78717a5ec2d6b7d76e
    tx_idx=159   0xc37492930b6756ceb827e8900f254375b57710c16dcb4c71ac7c57d4a8d3e7bf
    tx_idx=160   0xc4ee1412ca7a60f7f476d0ea6351a54df40d53e5b8a0bba0a991616d1d5c5371
    tx_idx=161   0x747c80df3ff4a371f49db7b96fa2c0959b71f5c275a4feacca117a74d84ced5e
    tx_idx=162   0x4b21c111f81fddac95e2a6eefc1beb55a2d877c4cb117c0a77c0a29e65d8a526
    tx_idx=163   0x0d1b6f89d5ead9f62e1656c8e2336d6645f3305eacfadcc9f73329690900641b
    tx_idx=164   0x0c10b4763bddd19eccd1399b9b162f4d4849ae64e7483393a058d138da4a5ba3
    tx_idx=165   0xa5ba2f5bbb3a0b27ffd68102e50f614bf2863ea8a6773fd413fe2ff1c651a10b
    tx_idx=166   0x30621d38ae1e050ab4cabff9dfaa8baf2be38205d3e8db95773bd97ee7b2799c
    tx_idx=167   0x3356073465b23b28ca61c7e487c6ca1404c7b1c2afbca16722806669586a6f46
    tx_idx=168   0x62b8cb23802521b7e8f74ec904f5502bd5e0f572612fb2e06f4009728f207752
    tx_idx=169   0x19c20c1ce0e7d8208c22b3f211c6302717bcc78bff44b77c686a97d4a2239084
    tx_idx=170   0x26e8e44bc41f45182869979e3812126d3685f6e6f56b80135dbc2f505c731fcc
    tx_idx=171   0xc32d0797e686ff29187bbc0b27dbb7168e6971804a358ddb17862b5bd4ea44f9
    tx_idx=172   0xc5c6a2c0064f04cd55381b489bc50b22912a6af907e5b19442765907bac78e2b
    tx_idx=173   0x9fa78823ca0864aa679a7629aa6e71e8c28c0e04be625c9d990ccdd3581ef43f
    tx_idx=174   0xc5814b27853dea8114aeb9b235ac5742592e07c1f56dc231f23cde0c51968ebe
    tx_idx=175   0x8c94492118b2040c739246132cb7db67f16e60eaea50b7a847a8d15e1723c3f0
    tx_idx=176   0x5b18ef11bf701b6b4d8561f79948ac08ece07b84df528c61aefe91cb60588192
    tx_idx=177   0x40e871cc53bf30daecdf4d26a61f0fa6b56710a3598f75a39b4a97e966a91058
    tx_idx=178   0x941ce094ee47c7c1ff00c93a662b30fe1ac0877c5c9eab5ec406203db3e1ef7b
    tx_idx=179   0x1e6f0840b966a22c4dd5f74e901c719cb698a8225e53ebb86f0208b4cd97f028
    tx_idx=180   0xa69b99e9b561bc96109df793b7445a09772b951cecb81a2bb3d0c9e95b41604f
    tx_idx=181   0x977b3c1a4953cedeab35c88f744009a46a45b5f913bd9f0cf9027735681649cd
    tx_idx=182   0xaf9949cfe7727e30d6884e8938cd2015745969bcd7d09906cc6fef8e81f0375a
    tx_idx=183   0x4e6ff4786ad241584d1f964ed80172a58b4372b8ec3ca586639ae4b0d03c9aa3
    tx_idx=184   0xe4f5f617d62baef1e625e3d4bfccd347a93f92b62317a1eb616175090f23b828
    tx_idx=185   0xc0564258607537b5267be3b84521d4dc96ee20c11638d70405d7a0c33b69d801
    tx_idx=186   0xeee49b9cb9e4dea630531a9028b631583f308673536f18fee39e43e533a8437a
    tx_idx=187   0xfe9c8ca350bf54411b6387e23a88ced29e2f40868fd25780cc16d65da21d0065
    tx_idx=188   0x8f28f3dad8357e5730a9348e8b572466223128f6e4a5009b15ccae53dffff62e
    tx_idx=189   0xf6bf025c66b3cecaf1f27dd3ca7da9b3cf8b10e44177208a605af2130532db50
    tx_idx=190   0xc076070b06945bc1c23c4079d7466c18999bbf054a93451b02968b19e963895b
    tx_idx=191   0xe0abcf32dad3d6c2702bdfc38d9b80a6121303039f8ce3f8f0f60c616054b5ac
    tx_idx=192   0x1a602a8ccded85ccf074751d97e923ac2f88657722a05eb6a2d1c57e2bf67747
    tx_idx=193   0xae3db9b26d02e10cafff9358103e1ef9bf344e68959fbba4f7abb294a4d0ca9b
    tx_idx=194   0x371a9bda2d899e0818d74a63c79556c2079091014100c33de29a2d0b229c346e
    tx_idx=195   0x0395d6a314d4c04f896577f10ce5b33a764742b4bc61c0fe32b46e2ca61c1dec
    tx_idx=196   0x73679a59021842c7b8830eb2ece37ad64535f4b772d0f275e131c378d4791bfc
    tx_idx=197   0xc1a1a1136485704610224e6a7847ccd46d02a972b6bda056ae6509ea8a2500b5
    tx_idx=198   0x0454901d48a0eb2da972c3023e6e74d83f13b2ba0782511b1863370e5ad4e633
    tx_idx=199   0xb49c8eed95680e192b3cb63f942ba71d02b976a8377ddd617b911ebd64985449
    tx_idx=200   0x31043772f84e55df59038fb7fb5f396ebe9fdde58a55d275115238d213a54a37
    tx_idx=201   0x7c7b25a3cfee4cc33d842f4aec3995f190131bf789e81e9be0fe751a128f10a2
    tx_idx=202   0x644fd3a3d62aa3e9b59b9b434c2c59c2dd7403d31fc69ea55b4d3b5c6669502c
    tx_idx=203   0x3c780d42967e0fa1592a13ada9f8e5f4709aa35e945fce61b0f01d11ee9f628b
    tx_idx=204   0xaa017984b9069e1e92765b67e380f9eda74ceded5bd0040a2417ba8fe023bd19
    tx_idx=205   0x543adda47709d2e3658e7c6021b4bb412fa1922c903ebfc31086216922ef1be5
    tx_idx=206   0x38bea7b48404047be08c9b49a9420898510fb1f80ddc3ad8802f4e2272e6eb8c
    tx_idx=207   0x540f2fa726375e7e5b98242116b0ceb2b8e34a4b46823068f2e51c5d51f798cc
    tx_idx=208   0x47619996ad81a244e467ef99e4a8927ba4224513d3c4ff32236fbaa60937274b
    tx_idx=209   0xf171467f848d81b51667bfd817e181397f8122e0e56de6638dfffdaa7070deec
    tx_idx=210   0xf856e36ca8dc25b6694327fe72f9c499c41190b8dbd9af8fd1e5a70301fcbbe6
    tx_idx=211   0x9ffddc1e5a0280b68e49b59de34f223921994f1b187f4cf3d31e8541c83888bf
    tx_idx=212   0x9fce9a4d9c89c85a05865559785979653fd3b0f7fc6c9144c63dfbda88d1843c
    tx_idx=213   0xf4308c9973ae2fa36c007452aa9791138f7c880ea1bfb4e9f6a5afbb682edb85
    tx_idx=214   0xba370166e9ade97ed17b85e448157d8356688452a72a0bb83b462e660b133961
    tx_idx=215   0x49b8b4fc401791d125ebe2525f4dfd4da370a800022af098390fa20f932297a6
    tx_idx=216   0x035d0209a213741405e0a562bb6541d97851ed5199a61bc7d421a287b66108b1
    tx_idx=217   0xaa058dd49ae2a1d795d9df5eb7f2245309b7571b49eb3830f9014f2caf4f3da9
    tx_idx=218   0xb40f228f6baac23e092dc90e0627bcd52ed313e574ba149802066b3d814b0842
    tx_idx=219   0x89c0071dae63a55ad3fd2a8bd38925143de9c98e4598510126be4d90b43aa015
    tx_idx=220   0xaf00ca5645585202d3dc83b1d013387767e5e8ccc4660b1bdfe71c6ff43fb25d
    tx_idx=221   0x4b7cdb6397e5c5bea419d498032679556a80358e432e5ad53b0ba1c40397658c
    tx_idx=222   0xe3306c0d7fd18c6006ac6baba02ffaa5764abb2d5076bd15291a54150544df6b
    tx_idx=223   0xadf55bb3453a351f52f77c53fd9b0fd969bb43fc95b8c0c53506a637725345e9
    tx_idx=224   0xda1fa07b4b2572ecb41cc21f63eeea89e8d189efcb849d6e7c5615a11b7ca527
    tx_idx=225   0xbe8d1290dda67a5f69585dd0ca8c3387fa2e72f6557bd75123efd68d248fe721
    tx_idx=226   0xd76f1ff2b339e07bac279c0003f16d50748c70dcff637d43e1f857d8a4d88e1a
    tx_idx=227   0x1931eb48085686c0d08b5816ec0d0b9109d9a4546111834dd72fd74b511f3d2b
    tx_idx=228   0xe019bf1ee8916f0ac3e01de17f98cdb9d65f73b45564d2443e4ff3de02e888c3
    tx_idx=229   0x20a5e618ab98f16eddb1680fa0a5480f118b8c3d852a84725f2cbb755e2bc5b3
    tx_idx=230   0x087e916255ddf7b4c7b9c3d7993d647e08e9295199f14acb0cdb21767a722f9b
    tx_idx=231   0xc57ff959f396d95ea2050a1b28017b98b40c3ddd2f6887a15ac84cba6aba336a
    tx_idx=232   0xfb88ddc13e5f2123e66e220e1e1d1387119f79260e932079b79b8a59fd9c70dc
    tx_idx=233   0xbd0723120087f0eb254e8e63c218fbc68337201566d74299f418c942fec34b37
    tx_idx=234   0xf97fdd07643980d91377f4b9204a48f0c6b6e11e80cefaa57c0c8f21cfcd60e9
    tx_idx=235   0x0050235a727ceeb19e3235b4545b222689a7035ad5d30e868ce9e6a214e02133
    tx_idx=236   0x155295239f2c27e9bb318249c8c107ae933137549fca2406a2315e734830aef7
    tx_idx=237   0x72a47e8ac81ec0c7e3ef2185448765d4b8409976a922a7e867606e6930da954d
    tx_idx=238   0x963d7e8d62ccd8f3d8e5febb691139435a2f239da822cad5c224e514193397bf
    tx_idx=239   0xec7f4b821fa08b9ae014752b838d257a4eb643e09309603e8820aafab852b5ae
    tx_idx=240   0xb5f51b099815f89eba8c1a4553f3f5473544373b2c051db97ba111580e9bf51c
    tx_idx=241   0x43af2a129ef04607b6582d3172cece889090f6eaa768d477690c00c555f89c63
    tx_idx=242   0x400e871390459f13879f1358360f245cd193e5910466d003c84e4ffb7a09c71c
    tx_idx=243   0x320d4d022f659cc87f9d6fd65ede9b53b8789128d44b451090d2acfd4c5e52aa
    tx_idx=244   0xd8dadb48e1b33c3fb2f67098306f4e1e3652eeea6f3509f29980ad01e4a685d0
    tx_idx=245   0xbdfc5999fc5b5a728c1fbdc47876a0c24221a7aff90cedca0eabfa1e7f625c46
    tx_idx=246   0x728b8b49609f2f9fc9c164087ca4e04d7ebc16c2d118f2891acf1aada0b13d6a
    tx_idx=247   0x1881198f90707642c8d0081b4b39adaece4216126e9eb5b21ff2ff9bb9f7882d
    tx_idx=248   0xd5fc2bde3051176de6685e81719360d0ff2f58a0d132bc30654ca03e6cfee63b
    tx_idx=249   0x9d166252027c173a9d652fd8f228fee676a35fb248c12b65458a0b79c308861f
    tx_idx=250   0x9ef90095dad804a9e1fa35322396bf770d728affbee9b644bb2a96b7e3911637
    tx_idx=251   0x6ed3d3fda872abcc3d1bca8d3e536055140b84fee43e34b481eca9893a71ec2b
    tx_idx=252   0x8c89b83b837568424ca780e367b93fecb33899e25d51bc28fd15dbeaad461641
    tx_idx=253   0x40dc003cc5972a83f58d6b7721fb9ad78af22f6d86c955003b0425501f42dcaa
    tx_idx=254   0xe65a416d4675d9382cad618c94b3d0de8b47a67e2f0afc0b54ad1e983bf2c3f1
    tx_idx=255   0x0897105a114495436229da4f231b61a860c8e7f109ae135975bef474bc309976
    tx_idx=256   0x64d0a03f33a569b6f3b373351fdbd76d1831393ed1f561eb9ca78e1579b99d04
    tx_idx=257   0xdc9271837280c4dbfef478320222c51d9a5f9836654736d6e15fc0e81048d1ce
    tx_idx=258   0x09d22270ea81633dde4546a78977ad8f925570ae260c0da73d78cf8eb15e96da
    tx_idx=259   0xde1aad8e6b24c399268fc80ca131cbb2baab478065c2637a70771df7700b90ee
    tx_idx=260   0x900767e8dd9286cbc494d7f36c5de42e55b2b8f842581be629e4fc9315b323de
    tx_idx=261   0x905d75b9fd82e81ea13b25cd2458676fa95ca41f4e39367b533cb972acd06c0e
    tx_idx=262   0x25a749d5084785d9cbc0f706896ff0b7a840e8493e105a09f2dedffbe7b91df6
    tx_idx=263   0xa6134309059e04fc0c9cdf23439641a42db300272a7788c3d2ec4539839e6b71
    tx_idx=264   0x76539e9647f0702db0598875bdc81620bf49d7463d4691318dd0636edc2e2b49
    tx_idx=265   0x1793fa74c7099c245c54c2b173b9a3657ac177b86bb7d230d844300fbff56313
    tx_idx=266   0x547a02851024b22d8f6d03f6f76d5f1d0f6874f42bbcd6f4c3d6682bd1f6672e
    tx_idx=267   0x4c4d3e4201812d56136be9f6c9490ef889d3d54b901f1ab395796eb9ba2eac01
    tx_idx=268   0xfb3dbaa17ade9faff6f9f58f233c06a4db0432dfefde777549bd7f8cfd689880
    tx_idx=269   0xaa64cff8d4bc35a1e8fee68522ed6c06d8abb6a776bdfd18de75126e185c981a
    tx_idx=270   0xa7eb7822e075ae53bcaa234a584b0ca6fe77a8b4feee7d201056dacfb6c1e946
    tx_idx=271   0x5aafcc1920ec3477b195895d462f1b9d342c78df609563c4bb242bdb916eedaf
    tx_idx=272   0x3e5a68d5c3df66e9cf559a0b746dff3dc63202e6fc707ddc4d0ea363c6cd9a0e
    tx_idx=273   0x9ef7ee607331c3f19dbbd67a1fd10483d242880ce21352c0d5c10f4d897c0811
    tx_idx=274   0x2e8e7f92296d054c22357cb94e754062f98a10d6a664004ef665c6231b54abef
    tx_idx=275   0xb44f7d325bb86d21db774fca392c2ca78b016a24027f5d711f4198e6354a3613
    tx_idx=276   0x72357fccdf3d1c3b1f50fb8d179c9d517188e8ecff814e53595f3970ac79584b
    tx_idx=277   0x84e020a10b1689d77cb1ef1f3bb58f50fa6593129f1c931d77d13372629a9832
    tx_idx=278   0x6056512859885434634c58fdf36be1f978ce8a3d4810789dc9c440e89a6773c3
    tx_idx=279   0x9c960a4c70995bcdd8db8a29911d0c16aeaac679ff90d45cf56d5bce2ca1297b
    tx_idx=280   0x9778d22a7189fedbd4a22315b7db73c13d4297522595981c855bc48e2f8be2c3
    tx_idx=281   0x341ef019fbf19662f6ab22687778c0f58f1cbbfc760c8262bdaebce011daa02e
    tx_idx=282   0x1a37daaad898b2e41eaf5c8e77188da9c977b4028248195c720b8b8691570cd5
    tx_idx=283   0xdf4657c37008b4040a9b004f35675c0626439d68ad2c84234a8b79ee12f0f167
    tx_idx=284   0x46be91e21d7d2d843015b2a7b0d9f8ca8a583870cd5829ae31dfc6cb5bf2550d
    tx_idx=285   0xe7d6f84b160d938c8900ec979904b024dbccf79eb7a1915ab2ea76ab21869f69
    tx_idx=286   0x8de9fc461ff227da8e6404a342d7eb871fa697316a3d07bc326c3090c386fc16
    tx_idx=287   0xc91fb40adab355ceb1d6b1f8912eee30d315106977d52ef310a70313b156f597
    tx_idx=288   0xf0e448e27533daa793aab8b54f2db2300d31acfbe98c7fe2d4db7bb97e48c325
    tx_idx=289   0xff8a7c9b9f0022b767eaa6c8bd4ff3db0c3d0549d65a9f6e1f8b00431d0439c6
    tx_idx=290   0xdcec76daa5e0e7d60c73ee2fe5db48ebaabe8c07b05e265140844084eba0317e
    tx_idx=291   0xe12fd6904188f0b1702940bf06ac04ff845961372ec2165388e03026320e12a0
    tx_idx=292   0xa2d6eafa0ab38f48b0b30ff3b6e4083f917ad10ed6f4cee7b8b506a16d6be633
    tx_idx=293   0x6a7a33938eac76437f00a2c849934bdfe74aa215dcf865f547cf74dcffec2a4d
    tx_idx=294   0xa74b0d4cbd55327276a53611e95c1e9a41403fa6a52a19e6c0300875bb7b60b5
    tx_idx=295   0x2d1d6436f5f61a83c2f146b56f040e031712809b62d43fe364e7fad13550b79a
    tx_idx=296   0xa6d770ace04c9f37dd37efc4b100ac13e5b5dda2dbc478a02c620afa8b953c06
    tx_idx=297   0x64da650b777800ba0d9574d6a85145fce6bba6968ac816685792e9660df7f83c
    tx_idx=298   0xa16cedf8dd6902f58629b123f4ad0b2cd4df2ab947a4a1fd38d16615ec0db8dd
    tx_idx=299   0x2c300d28182d2b7277b6f885e95bc0025853f69a9b2c4ca4e2c1026de7962f00
    tx_idx=300   0xf60d14aecc6613a55dddd3a4ca5ffd03fcf661e011b13ae35f21887e77ad389c
    tx_idx=301   0xa692b5acf8bc798b464dd6cfdc3ca59c2c1d0bdb86d18f041c55fc0aeaea2604
    tx_idx=302   0x47a591a2dec030ebd42befbf064ddfa23eae277b739db4e6590d2b6060e4a381
    tx_idx=303   0x5e18e3662456c95fa06cd65e404e71016b922ca6152d71b3313ff70281817c4f
    tx_idx=304   0xd4e1f84b7a1b838f46b0faddd1e59211103d1dde5f136f28c3a77e7f0a7e8121
    tx_idx=305   0xaf51e276bb6541a2ed24d5f997824470f3949309a022d228d3e112ed1428f9fc
    tx_idx=306   0xccc29db75ae4d3ba0c67fae7b478db87614131bac6fdc3b6cf6a0ea0e1188ed5
    tx_idx=307   0x47f5ac6fa803cdf87c2daca5cd0153a1e762172db95900ff32956c202b3f874f
    tx_idx=308   0xc84c3ea949a88d21f013f621f8d5e90b6d64ad4ccacf9b10bec73331429cf246
    tx_idx=309   0x1362f7390b25380c7e5bf80184ab61522f4acf4007c25b83c484b7d7b385335b
    tx_idx=310   0x4a01304d794693ea0856a8e332d980f0042aac7b138b9a6ead0630082b781733
    tx_idx=311   0x198fab079b64c422caf56b6e3dcccc9133cc4dc20f1b8b4c67ac233de3dc9f40
    tx_idx=312   0x206a687d8be6e5a718e041bf1ee51661dc47db93d21a25dfeefb2ede59d8a2b7
    tx_idx=313   0x8c6136cdbeea1d28fa1aaa69cda1adbb7720b0bf2f8de2076e03983452b382a7
    tx_idx=314   0xfc0c75218679dd274f5b95fcfeff1b41bdd3081d2549d51d3da88b77373a1158
    tx_idx=315   0xd90abaf75dc171775e9d1043f3caa53c4f8c4e3d3a71a9fb9e5085b2d112d68b
    tx_idx=316   0x5a42b57f4ebeb7801801a5a073b057481f59e481b27016acd4708cb0548e546f
    tx_idx=317   0x485233c674e1ebe88b918dd208c89bf2b746ed08cf6471909fe19c8f9a03070d
    tx_idx=318   0x52570bb9b0f536aed4769d600041a45d0d6f2d446969465a7d2bdc24604cf6da
    tx_idx=319   0x3b4ea9c112d0cbe183e6238f8e2d0b62eca268ad5286fd7432cec17c18325f64
    tx_idx=320   0xa7b6c22df311fd771e8bc0a9b3eaa3452cea25c521f488d35d65bc0d704d0375
    tx_idx=321   0xbed04a61e86f36bb207361731b19f7fef2cc11f14161c2b56a24bc830cef2985
    tx_idx=322   0x40d7e5faafdf02e5b62172244b5a047785b6f89045b7b1d5e653bef12e251e21
    tx_idx=323   0xb42f50b43af2c4f4c8c2acb07bbfe5c5ef4b97da458c76392efa53aa8f6c452f
    tx_idx=324   0x8a5008aa41861aac20622d44601884809538e6e91258e5a1d607514e4456ed3c
    tx_idx=325   0x47838ba8fa7ed331542f3eaab3b4487b72c1bcdd72bbc7ec947b5112bdf05614
    tx_idx=326   0x18a0d034273609463b19d0427fb7e1ba24bed5483adaff4f6f053c96ffeab4e7
    tx_idx=327   0xae556e99608cd312001ef219234bae01e5ec5eedc45a4bbab7a15c5506b9e578
    tx_idx=328   0xffc52f56b73a7e3f772dc4774eefd7b2f931fd34ebd8acde20bad49625165ec9
    tx_idx=329   0x05be0b37b0e5ee73f14b3755b63b3a7b3d0cd698ee1c5523882d2646b7d8ba6b
    tx_idx=330   0x022654bfaaaff059f5756b29666f5638eb5d9716e24125ba8a7fbb536c2ea37c
    tx_idx=331   0x428e239df15b0cd83a4efaa4b2521bc76eadfe033db898a2422d8fb3af805a1f
    tx_idx=332   0x4d9219d4a0f99b93700dcc6451df2589484d0e585f7eb6d877f1fd050c47575e
    tx_idx=333   0x657438762fb53adbc6d25fcd70dc77c3a63720d1b101ec3657cbd6dcb928b7c9
    tx_idx=334   0xe0a7266408f95603966ea9f2189b03916f58f28a6ff843a37d34a0bc1db5549d
    tx_idx=335   0x44226a2466850c9ecef1f48695ee3655ea47d7279d60edd6395f081d1a4b5818
    tx_idx=336   0x9ce30669707c9f584adadd89a1a8ffcd53c0d731e03fd5163688b51986ea18a5
    tx_idx=337   0x2bb31a197faa340c51416e7ca3c872c4876191a553fe1a6693c367cbb3da7c71
    tx_idx=338   0xb815cb43d0b57e0cb46eacc91a5ccd8ba3f610f64e68fd9e25ded69a0537d477
    tx_idx=339   0x22469df56f439eb2e9c5316e0aeb7e6033a462e8deb6a71c79a5ac05dce88b69
    tx_idx=340   0xafa2d266ed47d94980d215ba361b3438e6de0b0a1e6f3921f5be4beb68ef539d
    tx_idx=341   0x9eede7131e044c6b80aa55d91db3a4a57557b9b707e2adc12702f615e0d90998
    tx_idx=342   0x890c02678449881382ec41a6c8fdc9e290aab58d914072ae8e1c18be7e5d7eb7
    tx_idx=343   0x0e217d9b4acb6409c3cee0c0be64099648c4294eb05c6ef884f771b7ace3ccce
    tx_idx=344   0x2a2fe0d7d9fd44cb6535ff4242761276a081132bc8440c9352ef7ba30b7e41c0
    tx_idx=345   0x97a0a084b55839dd6b15aab65dea11f8c4c34f82eff2ea51dbbeca1c75832541
    tx_idx=346   0x21aeed26691e7d8852a7f131a4c1726a0ffc7da1d94998dc2347e785a3e05d73
    tx_idx=347   0x0a78dcea923c63930ba435d4ac4a9f0b643430fd485cdd91144d5f5752cc27a5
    tx_idx=348   0x3b3d50dc1ac994192bb86dd69bdcf44b7ab4b74660f6f8e9a247ea61abdecc41
    tx_idx=349   0x4a0eff7a456437e5d7f654bc5847d9be4543062d4edafcea88f63644cec335f9
    tx_idx=350   0x42b17e1cfc7ba2a725d82109f2470df30b9a29050b70b007f7ecad37f29b5e48
    tx_idx=351   0xca11e5b1e69888c1cd20f3d6de2ed36c907182f9cb30e9d2923e7349942f60d8
    tx_idx=352   0x95ac9db462c065c056107d5651da87a31569b84179d0108a7ee9d6bb41bae5f9
    tx_idx=353   0x13ecf5d16359a3f80b256ae9a069096382d29d61e0729ae7c493238b7a40f9b0
    tx_idx=354   0x7d43771e08ae4cd69f494402851c351d60ccc9d56715590a97b2ec9c39e405de
    tx_idx=355   0xebd5e5cdc6d78307a81fdea13e1c316a0ea6a81afe3239ee2b2d7bd8f65d09fc
    tx_idx=356   0x65e5bea90ab1bac6fa5e7c46568a83bbcca8f04aaae66630c6e5934d413de2e7
    tx_idx=357   0xeafd920538227ec727a0f49715503d46bf692c305b0c8bd133e9cfb9c80f3071
    tx_idx=358   0xf3b03ce9a08c475d84e61ccc0569470e06ff58b4c4394897f0981b70b68c6769
    tx_idx=359   0xeb00e8c9cf4b2a726a396cd4ff5d87beb0bf21a13f093d112f95f12a56f6478c
    tx_idx=360   0x4e61c4830465578d7b1bc639d60e05a626426e48f2823d8ab989ec7417ef5158
    tx_idx=361   0x1f72a29364a45ffacf93c9046424a64272ced8327511ddfbf4964e978b5984ba
    tx_idx=362   0x42177d132ac8dc048fdefa3fca17b81201582b3db731b5fe3800eabf62496ace
    tx_idx=363   0xcb3c91dcd2578495c821ae2fe7b552200fac18e4e41b37522657b94a966bdcce
    tx_idx=364   0xc725b193eb282f4302166ecc8f0ff42d1e572092c781098b3c6d32577e85014e
    tx_idx=365   0x440beb69834632959e20c72bad57e68bde53dd438c94067a7005cb5c67b8bbc5
    tx_idx=366   0xad1c3b5fe64386a894675ae660d4020c9f8987fad22f8cde1227b3424d910873
    tx_idx=367   0x576a91d2f967d0470240d0c6c0a7c6173b389dc6a176d5554f6311bd497ff275
    tx_idx=368   0x594fac7e2b46a584ccf59640cf3996f0a993153aa65da36ab4207bd9c8c4b58f
    tx_idx=369   0x1482c82fc49de107767b7521c0c36b0f38172f271fafd6d23b394c32f6b35c83
    tx_idx=370   0xb5c56635b4e81adac224c22383c868615a9ba24a63b967f414dd5842e83a86ca
    tx_idx=371   0x762d3e2b6850264d5a2ecca00ab64323c6b48a68470a1249157de13853e56b43
    tx_idx=372   0x97c65dea9afb6be760286c436e303387925135a52ec42ccfa3fee38ac7626a06
    tx_idx=373   0xa50203b84f248e84ae81656064fe330b19a6493259d80f3fdd1a012656cb8ea0
    tx_idx=374   0x74d1449c80b0c0fe21f3528db162fca5e0f37326f89e331a220fb4b4b680e901
    tx_idx=375   0x1931d0cd030c715e3f148fd97e7b3e61d0b91356a9858ca0ea1e3a7b81821100
    tx_idx=376   0x83c43b3a4099dfea287e8c6ed90c2140109d2beaab026e02be4f058f33d143ca
    tx_idx=377   0x1a15218942d617488cc0173e42f3bd37ec645dad0217f2f8a2395921df1b1dda
    tx_idx=378   0x7e53f07b798267985be8e4e3196cf800640fd031bdc3e199f5fef8a2a5e90c60
    tx_idx=379   0x5636cb87747881f51109ec031b3434715ec643eb4d44cb3211e6f6ee4e821b72
    tx_idx=380   0xcebb4f90376e7eb4b7374a4101664b09a519fc724d487f1dbc819229e14131c9
    tx_idx=381   0x7b9d32223cfa96f64a4d4c8c5a428722a69d74c94c24297accdc4ecccba58bce
    tx_idx=382   0x7f3dbfa4d74431f1599a22b41da502ccaa6c5cf5a737037d5322683293b7b1a7
    tx_idx=383   0x2ffd2caba99e7a42bbed7e79b66ea6aafe933ddbd2da6decc3fd5f618abd2d88
    tx_idx=384   0x8a284ddb0649e3eb376dbfc75ee85e23237575df0c691e22440f3e281c658e3e
    tx_idx=385   0x549ee832cedd11360b0f6377ef783b0c92f10e418d6f86b63536b436af96db56
    tx_idx=386   0xb0343f92f86b755e89d3b2143fed29c1a99bfa5e38770b492d4ad8633987cff7
    tx_idx=387   0xc443a76d3099d14ab6f53d7f5fd98f81c7a8275870bde8355c2ab77fb7bd04f2
    tx_idx=388   0x8812d56a89b6764ba23e68945b73890c32c75ccadcb34b3baa78e0851607da0e
    tx_idx=389   0x5edf7ee3d27bb8ed31ce6d91d475a4ff4e4ebc3839812e77bbd5801f136d7e45
    tx_idx=390   0x1907e6b97f172baf3d2868ba3fdd590079264a7cdc44a1f0dd05a4d7d62afb63
    tx_idx=391   0x0b4bc436253682d1a7268eb7c67f8401ff1f2d471951be91475bbdc80ae86daa
    tx_idx=392   0x42fb61ce3845a147b9e6e98d7ab0ec50d4fcfeb52fcf9213ba74b9946524b162
    tx_idx=393   0x4732e9f75f1650ce32f286659e1a8585409fddca4d14013b81a47e729357bfc7
    tx_idx=394   0xc699813489c7e802bc0b546a88259447a5ab9617dd18d506fce4331d8289e0e4
    tx_idx=395   0x5728e8bc1471ede78ceef4edc40cbf8f67a491b265b8e32d3b1aec6a7d057d13
    tx_idx=396   0x4167521af8e11d38b58125a0a0669ccec0f4cd34b3d954da904d326fc83f50f9
    tx_idx=397   0xc67889295bb86b52da88a0345db8fc1ae85a5137697ed7c8c26c08880233601b
    tx_idx=398   0x630352d2dcc05a239e3d7420fc45aa01cda087f6cb298f3be9a1d166e3e9f3c5
    tx_idx=399   0xa1764c0e9c6029c3bbce24e0de92c690a2c4cfc2bdccc64243e1f87baed042ac
    tx_idx=400   0x75519628329fd6ffd2f403b476bbcc1627be7da8327b111f7dcff1397c136c5c
    tx_idx=401   0x01dcd98781e277ffd32256c5ba4ee00984b0834466c4e4489a300f5548d1803b
    tx_idx=402   0x41f57a288f025b3eb503adb5d0340f4d3415d4e8a91c3749cf01722b8f561df3
    tx_idx=403   0x2354d61f76df9cd4e271542e08a9bc2891254505c50512b0d77cb09f52f9b056
    tx_idx=404   0xab02c518ca09e1f149392fff4ba5279f1aa8af80100f41bac8024935a243215b
    tx_idx=405   0xb296fd4827bf536b56a830f6fa229cb90f4e9131facdf0a48667dbbac12378df
    tx_idx=406   0x6657d7304ea67e3bab0f23d91b214d6098ac1ca512521502256fd7f1a12ad2a5
    tx_idx=407   0x42ae74a64c0f283ac838d4c5ebc4799cf68b8ecceee5c6617c0369a9edbd0152
    tx_idx=408   0x0751d2e78237f3ec346f392d0f4b296d3b8a717fd55a89e6b826e9a625a1e45f
    tx_idx=409   0xdf0e7dafe9d599fd1b2598766c0586bc1f149464b01864d37a0498e81f2d858f
    tx_idx=410   0x22ce6c349f940c3775c386c683dfad325c03b3397be9fc2da483584df271a582
    tx_idx=411   0x1921fd0ca6e4de8287a65ec18a49d83555e85db15958ba523896b1cfd5df4d22
    tx_idx=412   0x5d5884edd65763c3a028903ce13b3bfd7833afcf38c0d2c1c327495f1efa4f58
    tx_idx=413   0x4541c1bf303d23a5953060c6fd65fe2dcb8d77695c5aba9a7b5416a621ad0f61
    tx_idx=414   0xee1a166ff64e08f0d54076533db124a9d9c753b37046cd6d7247fb6ea9f87429
    tx_idx=415   0xf3375bc7880557fa29c0b0f48cd4b4643c535ab688dc0f38bbd550174351a6b1
    tx_idx=416   0x09b7c5aa5dc428fe85a183fb097e3d1b39b96b0bfefd7e0e101a2819665da8c5
    tx_idx=417   0x6a630996ab15bf8288cb9a76550953db4d5560774dd90a8d57812dbfb64e4614
    tx_idx=418   0xfd72f3e90474551204a7a097fabab1d89607bcc938a61ea7c944c3a47870dad6
    tx_idx=419   0x815553d0e4e3ab793602d3e129c53bbc0d6895d380e3270513bede5256ea805c
    tx_idx=420   0x6d202a1337f361c2e4df96a990baa46b063f099557ebebc6abd6179172b78693
    tx_idx=421   0x8bd2e52622a55325f95b9f176a5f16ee78a3bd5415f6ceb4cc416c67e318997e
    tx_idx=422   0x715fbaf8f091fe0c40d5bdaf3dc94bfba1f72ccb30fcef31e03785dbe13d451a
    tx_idx=423   0x19a9e7ffa91a85f0347e54719092fde3a1d86c91929521f102d1fe9a222d5ceb
    tx_idx=424   0xb70149f818a5b5fc6c105d58ff177007db1d8647497b17a62c88625a280ae873
    tx_idx=425   0x00a39dd8c39077589bc5b9e7a4eea872599acf099d3c5a1fe11c0fa6967cdf18
    tx_idx=426   0xca24b18095681387263dfc00ab7995ce8df873ae8961c75d6a0a9f3f09a1f1ff
    tx_idx=427   0x39495bc5bd43be99a7b170e3ddf1e09f8e1d7ffdb3bf8fa85ca875480de2fd03
    tx_idx=428   0x40f5ab72df629eb46f59ec577d6ff9e38737c96b5d67f029fed7d4efc38bf022
    tx_idx=429   0x5a2d9467b3450f3eb725ae22ced1e5f10eac32ad783dcb479cd49c303bf08618
    tx_idx=430   0x1d3326b1c4be88b8d8fc49001a584b57090f6c69415904129631089daadc50cc
    tx_idx=431   0xa42b1857f5b11798ff903bb3e888fc69401a86c576910b8406a5f53660287f81
    tx_idx=432   0xc5098a0a2e6dc88fc5839f37573db88bf015fb433fde998a72326e33d3905b5f
    tx_idx=433   0x27ea1a50cf0e222493fdc6aa93f2a4b81b94f4631d77b43c344f9bb51715b75a
    tx_idx=434   0x368c89ecbd0030d2c05e5dea51f607186d9da56c1cd746e4890794f7bd54cd8c
    tx_idx=435   0x9b4fe3351b745d3a6dcb005d304156f28c7199557baf2984c26e14df009e05a7
    tx_idx=436   0x0267291ad232375f605e24227dd178e5af9029c95628e1f0585422fb75e56aa5
    tx_idx=437   0x1743e7ebcd3582d209f1d637d40457c1f66581c15c748cb278dd97d4aef6c977
    tx_idx=438   0xa95af994af55bd958d5535daa62d893cdaa384afef218a92b4e0ae6113be58b3
    tx_idx=439   0x0d84a343de9dc37cfdfac50df093bdd820e784ec617b051c2a6c6f8e6c438f35
    tx_idx=440   0x9f2391f9cbeb758235327943aff2067f2a95e1cd759110c596dba6e6cb2f4413
    tx_idx=441   0xa8e06640b6bd9904ff9b4531e2e4f055274fbeac287f2356e1e43aab13d61419
    tx_idx=442   0xc14a7e581bb45be92c476df7f6cb7b5b8e340f280bcbb808ef88b437fb6ed7a8
    tx_idx=443   0x6b28dd782fe6cd2eb30f84c7239bbdad53ec1dac284858d058a0620f5298e8e1
    tx_idx=444   0xb07c071b1e2477ed6cdcb899b9d29f5168744d7eed5f72ce554f1c0abcf12d6c
    tx_idx=445   0x187ab51b94d80f93cdeba1dcb49b3ff9c546a3f9f91ddb50faf94fba7beda688
    tx_idx=446   0xe0884cbf90702338a5627f0ba572b783c44733ee1e8615ccc512fb67e3e512d7
    tx_idx=447   0xca5c5d9c2670901b4c423c6b35ee8e7001056bc9fc5d200c1974943c5246b31e
    tx_idx=448   0xa51aa314b2e8a6884b21679c4390cee1301c5a9ab3a69b322a13969a385f7f77
    tx_idx=449   0xf36e442999960e6c43a37438ef31f01634c269b89939a60f5e6d0df9d220a281
    tx_idx=450   0x4c5385432f5008207892f2f3731680dbdf6580ebb91c7052edfc3c94e695be78
    tx_idx=451   0xd3058d5a449dbf2fd29c80c4da37732cb096c5340f9afbbb522b4aa0f546b35f
    tx_idx=452   0x6b08ed43af5af5060e1b0b4574605efd5bac79279a71f744a78dbd26e13d8004
    tx_idx=453   0x046912cf8040f11ce494723b0a3bd3d902a21f74c83448fee8b3545a22781bcd
    tx_idx=454   0x9cba66c07f39faece0db987a39c91edf27576f008efbd772b6fd03ae0ab748af
    tx_idx=455   0xae8148e3a0b9fd9e1f1ae4ac75cb81a71dafbaab3410ba98fce216f47c4cf6a5
    tx_idx=456   0x1b78f76eefdbf65da801e6bff71b45d93d2bc25544aeeb68b8ca69079407a081
    tx_idx=457   0xc6537ff106d81206d279fcfd37b09283bf80fe145193cd1ff98f7428509b6783
    tx_idx=458   0x48bb56bfb5fee9886851ad4fb57680cc5c905f54b81c85cb705853a91e6fc37e
    tx_idx=459   0xe8d6722e21da35704b2583c4abbde2a1af6a6a81fb03e2394a1c2689164bac8a
    tx_idx=460   0x4296f8d09345f6a431cbb621a63db373511a37c03bdc5e1b35bd0458b30e28c1
    tx_idx=461   0xe23381eaa0fb600bfe72432c6ab1957e7e973d34fde5495bf7e2d7b030c7ebe3
    tx_idx=462   0xb1e10ec13167a80c7562dc468d853afd6d8a1af95b67b42d3f8d15fc246a3cae
    tx_idx=463   0x06a06adc678708c77590656f0b1ec9d2d0df8b0addf9f64aab99062625bf9914
    tx_idx=464   0xf7386a8655e289454469fde1140210d96782d2f3efe74e716c8d527ff64cfce2
    tx_idx=465   0x14de0ad0f2b0b51e3087812bd51ea0c3e4f5030df527aaadf87207a90cd1bd67
    tx_idx=466   0x57fe3d5516a58a72c25af6a892079c43401f4782361f53e85bdc75c3f91f6202
    tx_idx=467   0x79fbea4c6759ad8e3b8f4ad0a0b78ea1435a78c34f224cbef4aaaec04ee499bf
    tx_idx=468   0xbf9f871f7cd78d1e737203d6a015e69be17a2a7d5b8206c7f0873b17e3653250
    tx_idx=469   0x06adcc87222fcafb1101a4075366a61fa2faa083d3ef9391879e61b8f989dcb3
    tx_idx=470   0xd0af192736c29d58506e0d6baefaae9f4c8e0a9d5cf33afbd5f8ec228469514d
    tx_idx=471   0xe4808f435f5e78215af75139eaaf249c8b3eec6ef8c012b10d776e9168740d6b
    tx_idx=472   0x4b065849e62f0b1fad35f8e8f5ebbd1ec96e870b3a28156bcde1d6058fb06ef4
    tx_idx=473   0x866940b12c0bd6f0d3a4f06d33962b924d6f6990b99d12e57c91fc1f0ce39433
    tx_idx=474   0xfd7bed2cb4cc380a34efe871bd0ff86f12bf3f991c96895cdc72b59f19776cc6
    tx_idx=475   0xbaa4d38b82338652136fc3efb2d14b10348924710101412bd3a3afd74e027e5c
    tx_idx=476   0xb88903a9b4a508dbe78522927a364e9cab3b99951ee1227190ed073e834b73f3
    tx_idx=477   0x0b9143d983855f9e5487dbd837251ef1fda767e393927ed251e09e9dbc054025
    tx_idx=478   0x3b91a259e79e8cee62cfa04ef0853501d6390c0cda5f2e5adb9b1ff11947b06d
    tx_idx=479   0xc77e7342522b3b591176b839e0bbf02a62442b518c48d7ca54b627c94fbe2a69
    tx_idx=480   0xf6b20606cd185d9977aa4cc5e9553ddef63be9bc07ed7c19e7edc34f3f69a0ef
    tx_idx=481   0x2ed3c72877626ee6fc27ea6c5deb2ae07d54d031c7492a0dcb66a3ccb8b0b7b7
    tx_idx=482   0xbb23dfc91fd0ad6ab3fa6273e775476ec9fe1eaa9a822576c9881d4973c6ceda
    tx_idx=483   0x4f2f0551871b59926886817ec80b602d74a6186d578e9eb58380dc880126ab01
    tx_idx=484   0x61d2664e41bfcdc997dbdaf90182eed7d8130f5de7d881c359b6245a22e80723
    tx_idx=485   0x36efc7aec55c16d2d8735703cabab1bea054a98edf07ebc59aff357614f946e5
    tx_idx=486   0xa02cf74771b19c3fcc0a07c197c16b3caf4ff63e355bf5d310062d132e1cf01a
    tx_idx=487   0x7e67718a2778144fd139f95b42cfcf9813a029bdc009d2c4781b6d1d40ca05b6
    tx_idx=488   0x965e1832547413dca14d06167d0af6f7a6a3b5396911163be656bf03b22603b0
    tx_idx=489   0xf8c04e580a6af9d210352a8fe25a3ef0ca60c5c2f2444afeeb8f8bd0bdc024d9
    tx_idx=490   0x4bc9826d90ec92a6676b4a13e33a7b2c93464bbcde9abf24964ac3229db959ee
    tx_idx=491   0x1d9edf22c42fef94b37bd0dc57609f964d84fa0882014c3ac3ed98428241c1ac
BLOCK 25501573  status=OK  canonical=333  stored=333  bc_tx_count=333  canonical_hash=0xcb514d949dc22c652e72616c3b9bf872dc3f417d8744806410f7970cc9d2e958
BLOCK 25503205  status=OK  canonical=385  stored=385  bc_tx_count=385  canonical_hash=0xfba1fd73d2f7a5ef5f3fb60c3d3c2e3d2f8935f53f6a91b43a7d7edb11761276
BLOCK 25503902  status=OK  canonical=232  stored=232  bc_tx_count=232  canonical_hash=0xb775ac9bb7384e639be22888fff2541f6df775a5da203115f9532bf108bfaa57
BLOCK 25504860  status=ORPHANED_SUPERSET  canonical=63  stored=207  bc_tx_count=63  orphan_only=144  lost=0
  canonical_hash=0x282cc37dc9f49fd2182f96f5cd3813e231870a7de84d85ceaa8c90e01aed6d67
  ORPHAN_ONLY_HASHES (144):
    tx_idx=63    0x52e584048b907b712f25dbbd0037d9dc955931dccb13019f4f5c2fca087ec8c2
    tx_idx=64    0x37dc1fc5b0a40ab2cdeb67c7bdc6afb913688ca243aae492223cf369154409e7
    tx_idx=65    0xadd2d1bec5495794fac79a1d3410f957c13f92bb39fdad53b685e86367e05787
    tx_idx=66    0x8a69beb0cb41673c52e7a62a015bf27abb0abe8cd93272fcf4120733807e021c
    tx_idx=67    0x39557c745143063e2cd0db37959993d1eb3c8b8dece26cfbde1d7cf52c7591d5
    tx_idx=68    0x86944c17bfab6fbfadc0d31a777633aef406c19a8cbe50b0b4508eeba2a3949d
    tx_idx=69    0xf3aecf65f380ff33e561d5218bcd1f0bff9d92cb4c5ad23a074828db22157643
    tx_idx=70    0x9a1ce660d508c7df748b7a75488943113360bc8346b79919223ac1699deecaae
    tx_idx=71    0xa04d888cdeecd5089d8faa828c50cb91394f6bfd08a565472d8291a34634a397
    tx_idx=72    0x5618bbe85d68e8484b176b3ba4109b873e7e49dfd1ada42c9e61e5e11b061167
    tx_idx=73    0x2d26e8e71fa46a1eee3108eeb40c81688b06e238633e63da4b33623368b6fecf
    tx_idx=74    0xfea65bb512fd57bf04805c9dc7acd9f4b7d69c7caa0efd4f66b5dc453eb9322a
    tx_idx=75    0x0bc90c90b70356e74cd79d37467273c29e244d196a6e803e63a459d1d7b9536d
    tx_idx=76    0x7ddd3d545cc99478b2acb2ca48bf83986e45c08611696c98092b06c597a498ea
    tx_idx=77    0x917d2f2853ad12e51a6cf95929904cd998b1ff62ed8cad92479773d4209d5049
    tx_idx=78    0x25cdeaaf50ffeb06ecc924d257d7cba655a988cd8ac78940a2f8037286a0ad6c
    tx_idx=79    0xbff47912ebe54b9305bb4e8206000f803817ed308f7e81f3dec7fe12ac917cf3
    tx_idx=80    0xcf30dbac2c4dcfa3a7e67a330679d513ebe03788a3b14068873b3d0b22cc9cdc
    tx_idx=81    0x8578e61d1606d2560f05970f008bb5066ba3c0a6f166ec338ba6cd3a3e3aa68b
    tx_idx=82    0xbf4e31b27eaec8c5449c41ee4f818d5e259f5b037bb738da8eec54a7dd28223c
    tx_idx=83    0x779280537fa3202f875c9bb492bbbd36eb878447337ad239786ca3a0a7e33615
    tx_idx=84    0x60b4101975f7f0e5a01425f616aeac19932bef3747ae7463a978f27b1e22bf62
    tx_idx=85    0x44d0fc6e869c13f2b86d840f4d6e94bdfcc3b5f059d875e95778db279a3011b2
    tx_idx=86    0xb38ed1c30242236e68aa4376d87ef5e19e57604ceea2b832050a1465aa4b0ffc
    tx_idx=87    0xc182bb49628a4de4d626892d4978f6f9c9385ce1b76dfb38abadfe25a0d9571c
    tx_idx=88    0x607270cca8a4c4b158f82b5a1b87cfd392316df783d9d9699ae4c910b0dab5e0
    tx_idx=89    0x4f73663bbe77f128bdcf496c4ccccfcb18f0f687555a16c362e30b68c9321846
    tx_idx=90    0x3e904da6d9ef086f63eecbb1c320c272f9c226976acb649553da7c6baadf11ea
    tx_idx=91    0xb0f9677ec43ad97e803ae980d25f432849b3405107221c31bdef8eb776f44bc2
    tx_idx=92    0xf23b3a53c37ee87f5898f74d45b3101c2362215f3db4579476fabcd95180017a
    tx_idx=93    0x37879e96a029bfd49a17b609aef9f904551b837df3a330ab1cb9b3ff3fdf389d
    tx_idx=94    0xc906c4b8297809d67b9bf8ac14ddcf9ccc710503d312107fdb30ce9b1fe8010c
    tx_idx=95    0x230fda68788d16d428d2b1ad3d54e8b5a5010de8a3dfe96cb4e5f38b1b0b087f
    tx_idx=96    0x5f696b7ea20aa4091c9de9692cef6f8496305ced87b42434a03a8376ae75b112
    tx_idx=97    0xf0ee49f8a3acef4f0443344db3c41992014c436c8a0d8bf96962e70c76db7b1e
    tx_idx=98    0x0c28c6aa94dd86023ea28aabb32fcdd8195fa65d8e122d7a067438bf24ef39bd
    tx_idx=99    0x9f2e081283b400cbed0c85e4d5662d472581547a43f62a6039c42edd958f6f15
    tx_idx=100   0x5dd27917c0c73c284341474ce217f61a08da4f6a62cab20b289cb87a29450d76
    tx_idx=101   0x5d7bba47dccb1ce7c0aa260b679ddd0fc4b78c015be77fe152f01ad39aad3e88
    tx_idx=102   0x46a63b3aeaf5b6b6b5d3e1273f29d9789424cf70e21a8175f6d8812a808c2a6d
    tx_idx=103   0xd4ef9d1e93212eaa04ca00670f59a87ad0a7b3b963fd5f44a53e09db7d949c17
    tx_idx=104   0xc1035c8e6c5d997af71116695c7be395c90d16de59607c2b6566fc44d7312bd8
    tx_idx=105   0x6d24a247830e2ccd6403706b5d36bdd2e6d69f2022ea9f471ee7ae9fd3fedf87
    tx_idx=106   0x92dbd9977b462398a8f2e7f0b79cb28a90825c592332a8867420d28b381a6db9
    tx_idx=107   0x88736f08ab34c95876b537cdb4748e53cb6fbc9c34376d08e19a7f702064e80f
    tx_idx=108   0xabfb8abdea8aa6238c5764e7d78545c16d5d4eaa4cc8863d59d97406a4f15a9d
    tx_idx=109   0x8093f94f80dde227c676992851fc23b4c44a0412836784ba82124a957285fb97
    tx_idx=110   0xe518a3884309640f0247492489120fa37bd2aa0f522086e3c39d43955e57de37
    tx_idx=111   0xff94862c29ca38a4531670e8f09ef79ee696b78309ee028dedde787a06405f2f
    tx_idx=112   0xc806fc1a3df9dbf8dedbbe29eb3c86d79e557198cadb871f12f6685335ec1193
    tx_idx=113   0x7bbdffb542b589c16e9a1eb5b6616392ed4b1895f3827c8027f0d1accc3fca2a
    tx_idx=114   0x2945c992d6bd862cf9a030a84ab8515aeec611ca961e226e5bdc8b86e250b2d3
    tx_idx=115   0x42858f2c6d3fecee7d9a4c0417b4310f5bbeade7754e357bdbca03d163e3bc17
    tx_idx=116   0x88afd89880557ab4f5dc068fa2d73359972a525337e39791d3a0a18b19f8bab6
    tx_idx=117   0xbc4c08ec67e9b169b4b7b6cfeee4dde1179b111acf1c6f5da1ddfe7059dcbede
    tx_idx=118   0xbc1e9783c70a8c5edd7fe7551f663aa8001f8b9df0765968e2e07f0b82be462d
    tx_idx=119   0x7be1177133625c795d52bc111cc60b61bf0420358f7bde76fafb1c9a2b118403
    tx_idx=120   0x2a61a9c72ede559573443329938c6a8136dd9036fad0614ac6e85252d712d1d1
    tx_idx=121   0x9d45524b2fffac5cd9e5f52ab6669e1981dd5ba70d99ef3be2ba203d6ca1bb00
    tx_idx=122   0xe4e11d68292ac6a739f14a9f73305093528156e8a6456d3758a38b020071aef6
    tx_idx=123   0xf7c800c0a57d388117f67dde393d38e75bdf9e5d2c2ff1bcd09bb03fc2131576
    tx_idx=124   0x736673e6655960c61ccbc9accc460c244c4e009594ddfc84698cc4c659a7c9bb
    tx_idx=125   0x3258d08f24e1c72a479fade30574884f865452eb10b61261e104a4b9b28b8015
    tx_idx=126   0xcd9fdac020b8ff21b4192d7850086d0e61b86254453d5f2db400f34fdec5e050
    tx_idx=127   0xe29ba4cfda0b7cbcf8266920f96ce250a86fca07c83a33286eb678dadce054de
    tx_idx=128   0x5d756d3122bd489a140b32df6c60e4c8e8c49eb29fd5ff3e3ee3bca67e27d773
    tx_idx=129   0xbf3ca90ef43b1eb6991828377fb0ba15435dd9bf39ddbccf5de744efcfff4e3a
    tx_idx=130   0x8af9a0c0f7376a2c7e381b7d3a7f50c045d59bfba69f876fd38f6ed28746fb58
    tx_idx=131   0x9d4c85ab1b8d653f53b4646d2e597fa231fcd821584c4b06cf7719bf0ecba0dd
    tx_idx=132   0xf1ea668dfc60d1a48eeb33ee8bf0dc5c8fa1e3835c07d39ab82c5d25a129f7e8
    tx_idx=133   0x67ddd973b6287d3aed4eef80802bf3df4a8f8bbc7d98a11050aa04b2aaf14e73
    tx_idx=134   0xdbc5aa71b3fcac0e5eca5c0cb21e780e1a7d5cecb90b16f297e541f834ed79f4
    tx_idx=135   0x0fa1cb727f98487e227e032e4877502b178c951181ef591fbc0e14959e1205e7
    tx_idx=136   0x88a5d1964c90b4a20d8151f127d84badfc351e36a4c40933f79b3a44a6814b05
    tx_idx=137   0x17d209214dbfa9161085d05f4db7da7fe7e5b7b7932d0d01935291406f1e8508
    tx_idx=138   0x6a9625be6e69ce5597c332ed0916a7e265f0ad10ad11f83c9ab77f423e2ebed9
    tx_idx=139   0x54befe1ca522601a28ab60dd8209b0b58726e5bba3336ae0901228320aeab5b4
    tx_idx=140   0xf23384980e43c8474d1e4b711810d75561a8e85708bc62d59869e859589edd37
    tx_idx=141   0x6d9a4b4c6d490dc42152d8b0503a010e039ace688bdbd306944d0fdb4a93f401
    tx_idx=142   0x0073129f60796b49fe6e56bd6848b32237b3fe3c1e6d7aebbebb102e3fde34c8
    tx_idx=143   0xd18f0b2b0dc6c05961c69d504de65acba65b33bcb5d7820d55438fb2c40c471b
    tx_idx=144   0xe855fa9f39381b833bb48b12def8ca5d179d4c5e3bc5c65a38315cad14a05801
    tx_idx=145   0xa62383474b61abbc505b94f0fedad0d979c7ff82a397602a409607e896b0513c
    tx_idx=146   0x061a52a2688545d0aa407afccf791e7fa79b97ffeaa4aaf579a55f5d3e349c23
    tx_idx=147   0xd9d776909ab6d03ff1144462fe62d85d9077fb1bb98b7f4235b4331a6dee12e4
    tx_idx=148   0x472f459676d8418de762455be9bea531ae516c4fefd3c8899b61462de3668dcf
    tx_idx=149   0xe573905f2539d79faf887f9a328d0100292007e6cc79767ded1bd8876d739886
    tx_idx=150   0xd20a803adf5a4f2d9150bd7d50484b9d40d2b4c08da2027d804e0c5d61179bbb
    tx_idx=151   0x4a67d7a523f715e3ddd2c505229bb8d307c348ea888d4245246349f8e826bb47
    tx_idx=152   0xb5cea42f9d62562a30c47f6a4c966a1c9b3afe5ed40e79d627b3bd22bdd271e0
    tx_idx=153   0xab130121d842a3671c55446760cc7e01665325bd7d4969d9dd3244f8f4d844a8
    tx_idx=154   0x1238e86d0834678ad43e4e259e41acb4c9789c43691b145673324c83cb484a94
    tx_idx=155   0xb6c1a823f05b509f8fa4e0dc88ce2310bd52bf5716085477267a8b3b6a48e5c9
    tx_idx=156   0xb30dae0e487fa86c15e7bc588633f8ecf25ef4f129d75d37b3a9c08f830c5f4f
    tx_idx=157   0xfd4aaf758a9d977f5a881c4b327bf36c9ae829e060de3efbcc854230064abf8b
    tx_idx=158   0xc7f1f0f4e4bee718f1855e41d5621c7ec12ef7f0387b673f567b37019a07fcd6
    tx_idx=159   0x93233fb7e09616b4369781568a705135b432938a629c26e237c8f0a04e184163
    tx_idx=160   0x87e95841219a07ebf272a910f463c9d252129e54e6ae15cc1205816b0a23c5ae
    tx_idx=161   0xf01852fc666cb43849688752dd1adeec6fdc1674519843f13934c29c2b451ce5
    tx_idx=162   0x0c886485cae410ffecc03e47b288aea258769876e9074af0ae35ec43705c33b2
    tx_idx=163   0x580abcbad85550819c85c15787e07b366295cf71c2409395a4f296540f4a0306
    tx_idx=164   0xb6c963c75e50b1b48fa19088f1c1096f159e12179757e118a46e5ed13ddc994d
    tx_idx=165   0x3aa82cd4249807978ae7d5c7cb0df68a1ed34ba2fcbfc6c241ffd64e83bab4a2
    tx_idx=166   0xce1c74a6fe6ef71b8e665d8d1eaf62db59e681061c1af6fef611e29382cee6d7
    tx_idx=167   0x30625996c113f68f6671b1a75c677858039574b03451cae08c832e0c53f0e917
    tx_idx=168   0x96c5c2e346aa31486513dce66e9df552e681ee6297c57df085391a5f49643a38
    tx_idx=169   0x7d79b9821a75770976b39bf849cfa54c8bf66c50cafc5dd095c57a2462760e1d
    tx_idx=170   0x690081eae4d212930a3182d0e1040ff83646d3fdc12e60f9fdfb4734d276d357
    tx_idx=171   0xf4fab02a7614a4b8189d89c643ed9b501bfa35b399b7d3b44ee532bdc2d44c69
    tx_idx=172   0x21d75b290e0559c39674c861ef87f17064c5f7e548fe57571ea39a7006ca7174
    tx_idx=173   0x1325d1cdc20d37456ebf51dd4eca1ad673885c86c507224953825edcac9549ca
    tx_idx=174   0x002e1885c70f621fa119d61c1812053acbe3cfc819f78b522ff8be5a49c9c4d5
    tx_idx=175   0xbd9f2c72086b46429d45ebc2455c839ae050d55041dd2c9faf68fdebe2cf73d0
    tx_idx=176   0xbe30bf6c8e0430d3e85b79ded14736593f650c260b2ec05052948eef12cabfac
    tx_idx=177   0xde8fcc48196ecda8f4c42d7c6497ba34c639309e45056e286580f7451375ff22
    tx_idx=178   0x1b6f5f7e6fe3f59d989bcdbd5c537bf76a345d5476b3a7f24165cb8c97ac0bfd
    tx_idx=179   0x91180296919b95eb3a0b14eb7358d1ca0834b66e45491d2a02c3c0fad2c0d0b1
    tx_idx=180   0xff1d5dd37a2537947be159e5b311b52a93b338fac5b26e8a96b1d76ba5d1537c
    tx_idx=181   0xa6e09c2b74b914f2c8b224c8bc85150032554b40302329bb656f7f05d7ef28b0
    tx_idx=182   0x1eff2557b5f2fd28a355f3abd1b366b483c4977a47a44405985ab349d9493f47
    tx_idx=183   0x75e045134bac64846a795a08640c11fa7166273e1c576c33d85e7b0fb3677886
    tx_idx=184   0x5f6dc9bf6c53a80a7370d2980b5d64f258bc25bd5f8ab36480ee1583d9d21142
    tx_idx=185   0xab4a907795edbd2fdd923aa2870b8f6e31adce37463f583fab6439142cdc7594
    tx_idx=186   0x666d1de13f006ad10540ddaca5285a45285b47bc64a162535dfa4a6a2e5a5b82
    tx_idx=187   0x96b9232ef9028181e2cd5558dd03a27cf755d2e1d8d2a3f80da15b5c3bb1c1ab
    tx_idx=188   0x785db330029dfc38efd312923a843435b962e4e5729338bf235a0374d3d45382
    tx_idx=189   0x13dbd0bbafd5d8888229322e470f4708acbe707759d505255ba83b1f4d40bc31
    tx_idx=190   0xa04f134510eddfbf06f95a5e41e970b7d2b2d6996ef8cf295332a48fbf64c441
    tx_idx=191   0x66c3b1653b71488ecc322b9647fce66c3cfec96dfdde1a23e1e14acce49e4fd1
    tx_idx=192   0x168adecc2fb82fd8079076f060f5c2810eb7bb0493dab7517d2cdc7bb04618d8
    tx_idx=193   0xa3828c5a172f03088281c377c3b59ed2c257d197a0a78a50f8a24c1581d8963a
    tx_idx=194   0x7f0139ad636f57e143ef95f7fd4ab631b719238e5367b9f1a305b39cf0ce20e9
    tx_idx=195   0x332eb84065c615c392cb12b39b9932a12a983f2b4d33b44172e0e1e57cea29ec
    tx_idx=196   0x96887896a756ead8833cb3eb5100ed5afa6e1f254f361915a5393bea1c95c5a5
    tx_idx=197   0xe245e78c1fafb53eb9ce22d6044f9550ff6966c1d4a48398bd6103a0871ab4f9
    tx_idx=198   0x51e3ed85aba1b1854127a6a4c830c4c228026f4d7f83c3a4954ff1df9a1194bd
    tx_idx=199   0x46df99dd72fbe6d5ac5aad37ba0f73c0db2865ad143aac16b07f2d5d26091816
    tx_idx=200   0x1a06b0ed7635b9d1c421179ef6976fc4c01259ab176cf3e39bbc690864fb691a
    tx_idx=201   0x4ee4e425c800e4fc0a396a48e82ffad2c859493c88d062b05759550451fe915a
    tx_idx=202   0xd3874dd2f62a91d7cee65daa7d6a9dbaa7e0cc0a9e6068d2f16222f5ec9fc729
    tx_idx=203   0xbc3186752c7a35751084a74375a34f395b6d83347215aab0317fdfc1e7cf1cec
    tx_idx=204   0x1cd85a13a3c840be570840707cdfc515aa9b8d4b5cc0c09119717f82fa79968f
    tx_idx=205   0xe13beec7e50f641cf78c5caeb4e2f36c04677169a3d945cb431cc4307391f3fe
    tx_idx=206   0x98feb245ae1b51faadcb8356edd304f8f09e8213e3c48b74b4286792f006e51e
BLOCK 25505679  status=OK  canonical=797  stored=797  bc_tx_count=797  canonical_hash=0x08f88195656cd212e01d3c4db4cb7c3edb471de6cbbf27017da14588711214b4
BLOCK 25508819  status=OK  canonical=644  stored=644  bc_tx_count=644  canonical_hash=0xc64bb4f16acaae31cebfd9fe7ff31ed5253cee0c35aa94848079192556a0e006
BLOCK 25509091  status=OK  canonical=173  stored=173  bc_tx_count=173  canonical_hash=0xf333523ea2967a02b7fd87a02efb6a3875fb4f0ac0f2a591b97b4102cc8d9e0f
BLOCK 25509318  status=ORPHANED_SUPERSET  canonical=538  stored=539  bc_tx_count=538  orphan_only=1  lost=0
  canonical_hash=0x4d42d4507e347da91b54123952ea9ead65515cf96a5feeba9ac90b74346c9d88
  ORPHAN_ONLY_HASHES (1):
    tx_idx=555   0x0658317b3b4fc3afc5291f502f383bb1cee918e195e6a54b73ea5af70cc1b284
BLOCK 25510508  status=OK  canonical=188  stored=188  bc_tx_count=188  canonical_hash=0xc96eba73cff2171133a02cd2c5da5fe600374a1de1abd1232eeed59ad6558d1e
BLOCK 25510539  status=OK  canonical=567  stored=567  bc_tx_count=567  canonical_hash=0xa20c69273c430d033845070ff0f88012327e4119a528b1cf4e1d73a5dc24c1ff
BLOCK 25511912  status=OK  canonical=204  stored=204  bc_tx_count=204  canonical_hash=0x3a179c4b83955eb0b90f5d3326fd79059bd27ddccf7799f530ac09d9578ad514
BLOCK 25512230  status=OK  canonical=317  stored=317  bc_tx_count=317  canonical_hash=0x66591ce05fbc745306e1e2e690c1a8d4c4a739c7f2599c929397182655184f92
BLOCK 25512812  status=OK  canonical=201  stored=201  bc_tx_count=201  canonical_hash=0xfaea8b941c5033fe0c7555fc571c711e8a816fa92f00354c0ef41340248f1d26
BLOCK 25512928  status=ORPHANED_SUPERSET  canonical=327  stored=336  bc_tx_count=327  orphan_only=9  lost=0
  canonical_hash=0x77962ba1439ca2dc9d04f3bbcbd82b2b160802faf2fdc6dcc69f6e43d74e6485
  ORPHAN_ONLY_HASHES (9):
    tx_idx=327   0xc0d828fbaad3ffe31e2ca0fd9ff25abb3262ffb6a65b381551737e25cb151960
    tx_idx=328   0xb99aa10f03b08e74ea797a8330c1092841884a49924f19610efa0860184254c8
    tx_idx=329   0xfb1d2ebaeb21f8545dae8735a20bc6c811a3cbd87a3460be0d711c95d10c8198
    tx_idx=330   0x2ad761bd930804892e59b3c38073e3d9823d29fc5e310d5ecabf789dca7d078e
    tx_idx=331   0x6aba1ac38b1691c435813a448e7ab41f65b7ae46af18dba749907677477baaf0
    tx_idx=333   0xd225de1b798ed93d8968e29c3a22ca577a2cecf220528de1c1343c118b6066c3
    tx_idx=334   0x7e1cb793cd72371dded0911e1e4a91b559e4fb8dfcc511388ed8e405918e8bf2
    tx_idx=335   0x85d9ca211262ec5626fe02a93dcc73ca80e145e52ffa03608763f5c2c1981501
    tx_idx=336   0xaba1124fe198780f79c5a255da9498468c07a619c5bf05514c7240b5850feea8
BLOCK 25513501  status=OK  canonical=230  stored=230  bc_tx_count=230  canonical_hash=0xcaa6785c371e1e60d6ad37abe1e7db5105eaf4ed8c5b04189d0a7920a267dcde
BLOCK 25514522  status=OK  canonical=323  stored=323  bc_tx_count=323  canonical_hash=0xdd23eef19b8b0025ccacee9c4ed7a6cbc8f5982e7e239be7bb98b127ee76eca1
BLOCK 25514616  status=OK  canonical=187  stored=187  bc_tx_count=187  canonical_hash=0xef51c6abf8c5bf520bdc4e78bf9f30601922c7bcb9850909930204a6f951c2f5
BLOCK 25515478  status=OK  canonical=147  stored=147  bc_tx_count=147  canonical_hash=0xa07093e076cb8e3927a33de7bbd661373e3836fc99c128aa208b23efa9cc4c62
BLOCK 25515509  status=OK  canonical=182  stored=182  bc_tx_count=182  canonical_hash=0x38976ae22c73755d65322069a60c89e5ae0bf743dc4be0bbf63abd2fe7c18291
BLOCK 25515835  status=ORPHANED_SUPERSET  canonical=398  stored=622  bc_tx_count=398  orphan_only=224  lost=0
  canonical_hash=0xb954ad83c970ec3db4a237dd3e2f61576f1416bc1b920d10cb0aa75f33c44a97
  ORPHAN_ONLY_HASHES (224):
    tx_idx=398   0x78f39fdefb9f3c5a8f61953fab8bedd8b113fe723355e25bf42ac672a5544c92
    tx_idx=399   0xdf0bc70b4bc393e7ecae00e34c41022cda3dad01cd36cfc5377e632759a73018
    tx_idx=400   0x3f1690839590bedbf6bfb63bab7a302eb5311d2fbb13527fa471b4a711c70b31
    tx_idx=401   0x61befae5a36bbf4e27d376329aa67501d179d163ceda75e55420d1c2e779bbf3
    tx_idx=402   0x416388f77bfdaa4edf6b103cd49551a3a8d9122a8603c0d4818a330bc1a7e39a
    tx_idx=403   0xd4e9b7739ed4fce9d7a7f5978e5633966b1351bc2bf1a569db88a251724fac41
    tx_idx=404   0xa5edcca7e07227dc29a17b84632c8feb7a0eb088c68423c38215130531430afc
    tx_idx=405   0xa7c1fb33c3e8ba74fae92117690caa797715df1a8a4f0dd9fae620cd1338a5c0
    tx_idx=406   0x3a490675f8da693dd761bd789bf8950b0e4a3ba97ad07a9113c03daf08d1ecb6
    tx_idx=407   0xb2198210760e755112880c20f7749ef3d0e55516e1bcb1330deb02389ddc982c
    tx_idx=408   0xa5455a13500daa9b6f9a59a8304fa03b293b170f7f54e5fa1bc9ebca20df796c
    tx_idx=409   0x616a5c4ed6ff7f1c94107f723e5b9c9d4ed7794ab6658a064c55ee5aa4a57c78
    tx_idx=410   0xd264de44e932ff6a2019e2b793dc659aec4246263c624c1ecd858bbb3e9c1f8c
    tx_idx=411   0xd9e901af7884723e65037558416da59fe2a0b75acde1d4df7968f0bac1d392cd
    tx_idx=412   0x839a0f6e9ac8e8e12669e759465731067d4cd6e82adf9bb448ab2faab4010695
    tx_idx=413   0xa37145e7232ce8028c7894a31c1ecf4f080877a65be63ab07913aff96f04a9e4
    tx_idx=414   0x6798aa63c463e8325f1ac7b0ff8ed250749a3b088408d1022d58e1f9a5bb9629
    tx_idx=415   0xd3f76c23716da3b6f00d185eba022074639a39bd30788d022463f86f7abddf76
    tx_idx=416   0x6ac43123f6db4c8298842a1635a8f6fee823f1c8b7a588ea67e52cdf620a062d
    tx_idx=417   0x016667bcf93a14dde85b299dae96d2cf303b39910988f3079ae505c270abe865
    tx_idx=418   0x006b521f4727a2173fdf5bcdfabe75c205fd410aa4bb9151c6c2b755df86675c
    tx_idx=419   0x14d875c2b155c938453bff6f8af7d115ea8389879dba298c816bc3838be7bd42
    tx_idx=420   0x8658d3dbaa64726645e798c7941fd9e362e12db25317cfb7004a1483700a4c41
    tx_idx=421   0x95693d25622d2ded67397cc4afd5710dd469de668b56ff96ebf7e18b8fe2b19b
    tx_idx=422   0x7017cdd2b1b0acb3efacf6f36d35040b658666932186a319237af86a27e2d95c
    tx_idx=423   0xe6570c0fc1a166113e055aa855b5dadec7f4ed796b1dec063e7d559cb10d9739
    tx_idx=424   0xc53aa1ccc53a6f1e0cb6a6887a7b3af5aa375e97b42bac038145f00992408028
    tx_idx=425   0x7bf95b92bab74ce45ca0a6b4c209ca5eed6fa525f1be93fe2cdd5e134bdb687a
    tx_idx=426   0xfc480a11b8b93ea479e4bd7bafe1e8cd213a687e455d52702e261e50503b5df7
    tx_idx=427   0xca533972719373e0ecf92b6ef99b62b3198078015eb9c01ccba3de8652b870ef
    tx_idx=428   0xc5c946cf9bb0a2413584a571e07af9896fe0bacb754d2d99f75979881cba997d
    tx_idx=429   0x05fc164bcf6e5ffa7a00faf6a111869189ca55604e3c9121a46bf7a1b8cac0c4
    tx_idx=430   0xab83b5224633b93bd11fde75ebacf1cc21d6fa80729ac2683e27bc45d0346758
    tx_idx=431   0x1e0bcc630c1415cf26e1b84c7610234b7094a811d65e8ef379538ad3d040bdd0
    tx_idx=432   0x0bc75d1a4cb73e7c5ff6271ba602f358afc4011e486aa3ac2a00804ac65e5d2c
    tx_idx=433   0x5a952df5f670d5f9f29a3fc3a60a60bada911724a7a4a345aa193e47f07f888a
    tx_idx=434   0x07486be13bd4ebd09bc1d1b16d3a30636510fd0b4ec3e1bf89c13d4a0eb17b6d
    tx_idx=435   0xa17a5017be0ba7120018896be4290c14033c2877c062278507f72473a5774078
    tx_idx=436   0x0cc8e4f6ee5beec6fdea4489475896064cc725b38aa864411e9ac1ec6687e9bc
    tx_idx=437   0x98f8c826488cab8861e05c4607b2850b5c337fd6ac4cce49fb9d8f468c01d83c
    tx_idx=438   0x2b1bf8c25dadadbb2ed7bd58014fb139c0ac246c15471295f610cf02250a08b9
    tx_idx=439   0x8ee4be4872420089fa9646d5592528156790c34b4ed9cf12c2b15a42dc8cfead
    tx_idx=440   0xc1db55a5ca46641d36c37369098938d7f2ea9de6a4c42b45523e2c21ded3876e
    tx_idx=441   0xd1e707f37d1ad985475e7ccfebcbf493e1cda7e6d2bdabd485142e9fc0bb6b97
    tx_idx=442   0xb8237888990c6decbafcc99ae6b8c47c4c32b8ae543d74b8485d4112de971996
    tx_idx=443   0x409169ea385cdf3c0b3cea8180d3a9319e4df67f0dbf8ee1afe5f65b15ebe8f6
    tx_idx=444   0x5f84ab3db058648fa69b4e492c5a295e17ce40cfd3be25c625075a16d8c28b68
    tx_idx=445   0x4e07a7d0b35bab67f92ee9039f1ec39406bc2479eb06fbc0472e80c876f583a4
    tx_idx=446   0xd8523494939e17729b1dc957a59cd0e1909ab4e0bf7a8812547f62cb1d779072
    tx_idx=447   0x2d8b30f43eaf96b166569e2335247760fcfaa554b5ef79b65e43d31fec57b2e0
    tx_idx=448   0xb1aaa3bc928a04aea57730a0399b4e3dc9b0bac3d7ec24a0d6caca4c5761090c
    tx_idx=449   0x2b205f95ffcea151c2570a9336e56f54d64080090a71f521e5140c0e7a0363ed
    tx_idx=450   0x93ea4289f1e43dd89472ae70946a6edc16f694ff525d5789e4fcb431b8de2213
    tx_idx=451   0x21413059c52bcd4fc3b3693249f221e47a9bc1a3da0bee7100a0ab468e547928
    tx_idx=452   0xe520f12e9aa2a29f1a6cf4d8960e18a4ecc67e41a71c04135eecd2303aa300de
    tx_idx=453   0xfe09bcad19884856e3536f86e646527f4c5de701a009cff59a13102a4684463c
    tx_idx=454   0xf256c8dea89515d8212edb779fc8639a8cad31e83c8ecaef1ac8b743e6aee5c9
    tx_idx=455   0xbac45b32d0f54592699fbaec0a7271170939c737cbb7ee35898aaf94094cbd2f
    tx_idx=456   0x371151545660e108895170354fe5efaa9579a0296379cfa043956c0f99192b8d
    tx_idx=457   0x7418e1ac2d8fd8ddce3276cc7df354307a2cdcc121797507def3b8b5b9f94c11
    tx_idx=458   0x878966c37f40547c45434499b1527db38421366047ffa15f53d809ddb005ae34
    tx_idx=459   0x166f6955b552508e3c30ebd53938f40ef2ab24232c9df0d8619cdb8f0e7ce036
    tx_idx=460   0x1ae6faf645eee19bfc5541f9773a161f30fb6cd398f6aa52f7392cb15cccb97b
    tx_idx=461   0x1f46aa6da92b75311f205736349beaf1f2c3fbe6cda7a6a1b578fb84f6aee3a2
    tx_idx=462   0x8a41617fe96e80e45aaed6d3bada7c0a355bf512a0b479bc29633a6bed735bd3
    tx_idx=463   0xf745e164ab971cced05fcbc2e2ff2192f9555d43685e7adb6d97992d9d4db92d
    tx_idx=464   0x231617a002b447d0bb34cff789f2ee0f27e42f01c208d598ff9f1b214566c542
    tx_idx=465   0x4007c66d3da5775d3c69f347f0efd1097af0ca92385e6933c448bf23d419abe0
    tx_idx=466   0x9be514b0a36b9b3863128debdf02045645d61132747ed7fb13d799b1a8fb2327
    tx_idx=467   0x64bf825bceb22bcee317ba05d3d9199cbfa68d743f9f3e500bb1986bdadcf4f3
    tx_idx=468   0x8825ffbdc995e3190bfb01da700e11b9227643f58bc2cf9dfa97de3ac9fd0471
    tx_idx=469   0xfb02b343ff5e243afe2b728d31005f9b137826d8f08dd71af82f4649d49b89f1
    tx_idx=470   0x4901e777fe309078e6df33ec487822a58cd32cebf61c335b64f56d7460294dbd
    tx_idx=471   0x8a146c224b13bc03b5092f7108bfd4d937427d6de8079254f43f4db26a1b326a
    tx_idx=472   0x12147fafb96bda21b0a6f90e64ee8b0dc9d4e1818864406cf6cd8064d38251b8
    tx_idx=473   0x392e667ba8248f468069809e9e56efb33892fdf12ca03b0fd88e21ca21913053
    tx_idx=474   0x28b4336b68db860e41f930c578fcab030e524069b201a651069fb83f9bcb4b5a
    tx_idx=475   0x10e7418944b04e94a1f655bc556d79d4f73bfe2910f4f55e879cf049c85c13cc
    tx_idx=476   0xa0b8f2ccbc55c81ee6ec80c3434c6cde6d80fbb8c717ab4234b9cb27194c4e4a
    tx_idx=477   0xcf01143a959b6a3271c408de1179fbf1f83d8418296d02719143da86667df8c0
    tx_idx=478   0x4b2f52498b6c49c31805d0a1182a37112f53764511ef6f50dd4884a4ec095c16
    tx_idx=479   0x9974916b0bbcd8fe4df9ded4ad67e74bf2ffe3b1b174f572907f38ee34e1cc4b
    tx_idx=480   0xd8fd643d4d2fc7916e74bcac5c5fb494821fae8724ac8e625613be5dcf566897
    tx_idx=481   0x1ea8c6a02fc01e13b108293a225e4f0c8ccb4ffc1abb9345874a5cb0ad65f8c6
    tx_idx=482   0x923e6281561ec7b7a5e41e622c5bc3e2564e920c98789d1eb43822ada9102d3c
    tx_idx=483   0xb3dfaa8e15043ba2d6bdae61ff76a1a981f9e3208082efd069c1dbf4b6d274d5
    tx_idx=484   0x73c9f9eaf5fa61b2f57601334b77662c2779335c480cff141e6795aa53978b24
    tx_idx=485   0xb386daba809d83ded671379f0fdd648af84c6773008442fd95aee182913f7f17
    tx_idx=486   0x088932d9094a246830b5771ba344eca083ca8cc934e8e4e033fdbe1aae3072f0
    tx_idx=487   0x3e9796a186599cad67ea793b96c78ded66b80ed4a05871cb9999c4b033c0d15e
    tx_idx=488   0x4f454b5fecc23aa0e5e38a478b5533f08607c83a4103ce0a9badd1a84df3d61e
    tx_idx=489   0x064a12a919b4f93aefc20b7a9261f77a97e66051129d0b370244c90b38581ac6
    tx_idx=490   0x5d6207e7b178e495c35f101a197fd1c810550602fded9740b09fa10b773123f2
    tx_idx=491   0xf357e1d87f861689d3442234710161cc3fddb25074504581fb2af18c25407741
    tx_idx=492   0xd76be54c4418f2266ae267baf3064741fd72d7c887de6db4d18adcaa44316dbd
    tx_idx=493   0xf0d2c709d04548833aae189f6db54a9de744c5b96d712e239426c92a02623096
    tx_idx=494   0x2aeef013e75249764a3af7caa17836f34e006026cf046d20ead8c08096b2627c
    tx_idx=495   0xe6c38e23e40aa51706fe5f47e854f48d251f63aaa296eddb351f6bcbdc184187
    tx_idx=496   0xa1da7985cc036c1ee31fb54b0e66139e9e5f169a87281c2493046c94f4324e5a
    tx_idx=497   0xeb17fbf0d03d5c412d87001b93061b2d6c308b2f24eb39bfae8759b4969c27fa
    tx_idx=498   0x6936377e3e9a97bf25be17596eb2a3c5ba32c7f8883aa5d2bd9ff9bdcfb8fc52
    tx_idx=499   0xa9bf2c8c0342785726ee386de54f7a55357e82ff236128becffeaed840b198a2
    tx_idx=500   0xb323772deeb0537afb99df4cf12bc4ba60830fcb82b32b2af807182f0532ab7f
    tx_idx=501   0x848089501cc2fcd2803828c1fa0d53048280c5999399f19389d6993b7aecfae8
    tx_idx=502   0xe604afd43881b1ddb0f9053a8fbf6de7d772fc9097e3d9776ce1dc6c55863b9e
    tx_idx=503   0x982cdb217d9de8cd131fd860dbedbe6329099e325fac370dc3bccdfdddb203b3
    tx_idx=504   0x147909537a4614f85b4f9fa8901fd68a2ea0c7f62a8322caeef588020472a171
    tx_idx=505   0x214346a60cfbc35c10715c46f597e722dda63f12c39fe00fa7f55cfb34f9d789
    tx_idx=506   0x0c4055215ffe6980e7ac93017a69a81429d3faa40b86fcba9c0acb49a0aa8f5d
    tx_idx=507   0x1d5e843f4c3b7e2a3a235d29853ed519bab9d0c65b0d5c03b8b53ead974901df
    tx_idx=508   0x00d436163487c7eb07e39894f0727be5ecff700ade19231609da5cf9fd0dce08
    tx_idx=509   0x1e2352ea11cec0f7194957f7f562df3564b285f49baecc80cb3794d421614053
    tx_idx=510   0xcccc41ce7d9a2fe690d580f78c8181fe22c39aae62c37a94d5ee6769ccdc23a2
    tx_idx=511   0x969c12cd2f2ea007178ecbb41851f6f57e3111c207e29f3cd471728fd32f7ef4
    tx_idx=512   0x561f441f99bd6c76d5edd7f37725d43c039d5668247b3e4526d711e320244a1a
    tx_idx=513   0x06c543fb6d1e789f7a72ccc6423d313d3b27d0f7a7425a93aa382e6edcfa5c30
    tx_idx=514   0x3644c2404012e090cf8aa1e0584640223ee1ec7cc7cd2b62b85cd3a9299301da
    tx_idx=515   0x8a8a87bd7deec50d01692d1f630a6ec807ea3f0b71914f30a78a4ee2451117cd
    tx_idx=516   0x15ff42c6b27da6d29fcbca24a2b206436a2efc00dc57d1c0540e52e6330a96da
    tx_idx=517   0xc46748f3a29e054bc224c6729f39db501144621b279c51688f9e1db25d044326
    tx_idx=518   0xbd1ae27220eb49a7ba0ee32c8b7d938d86c739575a211b93c7462ab35f69f233
    tx_idx=519   0x463ee7339400eb3f92755d30f32bde83e3812aa0f9ac0a16b2dc84d62ec70144
    tx_idx=520   0x97ca249fad2b09f0166c26ff598c5fa34a8a57a3afaffb8298371b25795a355a
    tx_idx=521   0x8417e045c8148d6806b4b6533f02f8ae6f9c5088249cd926b23c198a378485a6
    tx_idx=522   0xde6dd0d611e809521e5138c39eb90cad583bae1f2b01a7c1e238777ec23c0bd6
    tx_idx=523   0x9a59bca365374617aa9882dbd3f7417bdeb26b07eeb90dd47b9c524593fa365a
    tx_idx=524   0x3bc7b8e26b3aaa278b282fe86462203578710ad2aa2c57324b1ceb5f776e088c
    tx_idx=525   0xdf133c44742d20cde61714f89fd756cdaf9d0be3408f5fe60febd1d6cefabfc5
    tx_idx=526   0x9c75f24394a665c6dbc5476571758b0b189c960e01843cb99c97bd4f70c04728
    tx_idx=527   0x130be48129b874b83dbfc21d6d17e870b30bb1b2e284e96245732b6397b719a7
    tx_idx=528   0x9c223c5291d7bc15f8bee25795201a28f1b3016eb802c9684cb06a6d61485d65
    tx_idx=529   0x66ef3a8a66ddca4faef55bff09f934053348ed19777358ac842a2aeb3981fa3f
    tx_idx=530   0x1a836be976c3f39bb26a39f1cec4de4630370d15cbe05919e43bb6dd12ab8c39
    tx_idx=531   0xa05a2c07e0e382629ff554b16a26090221e649dad0e5b7b7811767aa96454296
    tx_idx=532   0xf9382c2d03b881fece099991014d793296902b80eae0d005f66ca36624967c0c
    tx_idx=533   0x7a2955b01ab49344f6fde3615755127e846262a372c20db88e9b6796a14f3129
    tx_idx=534   0xeb3cf91a325ec2cf0f2f4ba87e729e570ce764144eb404d01cb1ec040814a5dc
    tx_idx=535   0xaeb7187a871207942f71974dfb85979c9810cb74d62883cdfc915e00ebbe1c48
    tx_idx=536   0x23c5e385e816c4258461a76ffc344bef32d349f47d866ace2de3c29cfa78bde8
    tx_idx=537   0x3077551ffead21259d7cf5dd5bdf164462e48157afc3e18734f28128ef17d6b5
    tx_idx=538   0x2160bd8e9b506c9ac319fa755172d620cc052ee1986660ede7cbdd6b5ac35810
    tx_idx=539   0x3ad404bb499c5feb711708083f5d8c0bdbfd7541b34674e091b40cc67f3c79f1
    tx_idx=540   0x6436e03c288218727b3e0633b449c4685c7510a258d596f7908be1427632bcf5
    tx_idx=541   0x200e9dc837223144a1674f351f569c771cf7e479bdd073f89b2e6a9f5f0dd207
    tx_idx=542   0x6a4564f53d219bba1aa2cf9491304a4598a7874a49429ca6aa1cbef8ab0b2765
    tx_idx=543   0x1141a7a7f57458296115a2ff14f6f01b4343c91739ce6199955f7f1b272267c7
    tx_idx=544   0xf7380ba7f0ef1b14c1641f26f07369f23099b2fabbeba95b93d8b26eb6600bd0
    tx_idx=545   0xd892a87543024d4e91c518ec62317d3edf4ff51c03b705578e8162891fff447b
    tx_idx=546   0xe14862c23134e75395f738a4cce2dd5dd0689bf1bb7ee4c656ec836d84fdb8af
    tx_idx=547   0x6b49a01bbb23f9225848826b3c4bfb063773f8d2d6f6a4921f188bd19f15592d
    tx_idx=548   0x7f41c824af46496daf819aec180439f74ea5d86fe06d96808e6a3db73ab87676
    tx_idx=549   0xcaa2566372ff86fc651ee5c05603c0b8909d395ffd1dbf566ca2654331d96abf
    tx_idx=550   0x1159e18b3cbdcadcc66c493193ecf70055dee1c0159a903cbc858e453f167570
    tx_idx=551   0xe131cbc264d0c211610bc30ad284021b9b2b9507ae72cc03d65d69744055f1ce
    tx_idx=552   0xaafae2c9ae150e7894f26cb49491d359656358b98afe7ce9e11e104a7d9b7d23
    tx_idx=553   0x83dcc151d9ebcd28dba8f9bd6226af509924d9460ca06c1f7b4eb396edbd7d61
    tx_idx=554   0x54d25871370ea413022aa36e5b1aefba7ce9103ac295b513eefac9780e300053
    tx_idx=555   0xdb33727891bf269034a5f2e1667e265d533041c10036b92e8e2c10b2a7306ed8
    tx_idx=556   0x0f5fcd8cc9f9aaa1ca512945e5fea6b1e0af8fe99d1d152670bd56cdde62eedf
    tx_idx=557   0x6a65b06179ea65f2e386241adac6c205e11c892a26f53892dc378147fa891e22
    tx_idx=558   0x109469410b03d9c8147a4519a7040a2136eb8baa042fe84051cd7f7e3f2ddb2b
    tx_idx=559   0x9535bb1bec5e1a96a50289561c041c454cb08a9e20bed210837a5698864829c0
    tx_idx=560   0x311a9fba89b2a6fe47f832df110f313290621f3781d082aa9a2dfb92b3a3310c
    tx_idx=561   0xfe27e624da004e773a1dabb861ee2d5007dc7bf9019d2df0195e96871270c485
    tx_idx=562   0x81d683a0b66f8ee9001cc4a70a63efd7a1941865517611d1665aef3343f515b5
    tx_idx=563   0xa23514cf944d632f5f185c401c67c5881b971f6f216e30adedaddb5861ba75b3
    tx_idx=564   0x1b86ec6fb0cb39a8d6ea8627e5173aa1e79324e0e5f498799bc2f4c110eeb4de
    tx_idx=565   0x8f1021f754b7ba433c4cd0b9e77d1a62a6a7628ae93391a6f3cba6a6a3928684
    tx_idx=566   0xdcbfb59e54dc16a0be05499ccb8c44de94b9804839afb709ab1d63a7e3277731
    tx_idx=567   0x23c6d2f0a44bd912744c96a843b1ded03e80c63af3ec26828c7a9ac3f84b4353
    tx_idx=568   0xd9e40d65b7e1317e19cec6e6b4bd35b16b86de3c79f4c61722042aeaf2f4e879
    tx_idx=569   0x27268497ab87f28cfe0b0374aef9430673cc897501840e1c505c2ef5ce346c24
    tx_idx=570   0xead7cda729455925a4980bb6c5bf4a931ee44a1740a581bf70bfc3ec8d0b52da
    tx_idx=808   0xec71aeda19819d8acea1a6d65874897e70b59d3428a47470e144769aa9ed4dbb
    tx_idx=809   0x92e921a2a3d964b938839d781cd9021171b3411ce20d9cac0f8df38bd41ce873
    tx_idx=811   0x2f13ad9d3d8c48ed85da8b4f0ecd836f30ea211c5acee22cda749c4117e44cf9
    tx_idx=816   0x68adb4cd2348ff0fab12145c4dda5bc3025e81ada8e5709d45278cc1321eebcb
    tx_idx=817   0x5dba598e1c91ff3838da2dbe38e1a59fe52cf526f4be1dc821afbb923d2468ee
    tx_idx=818   0x5b00035d036687e0b3d5383dbc8da01d81a32f194cde7459918e5124d308b291
    tx_idx=819   0x6e88607abd7b848a4d0a2acca80d3f5d1fd9629fb58bc5d6bdd2e3abd392b7cb
    tx_idx=820   0x608115c70cf616f41981a2c20e972c4fe8a7d07ddb19773f8d23c7c24bae1309
    tx_idx=821   0xbe007867d9f4ff0cff7946d2597758ff9f11f502597944555fce7753687852d4
    tx_idx=823   0x492cf522ee633eefd0b73756a90658d42b1beb6cc146c4521caa21bb1204eb21
    tx_idx=824   0xb1f421ea60804ff23ac343417c99b7d14dd6929047b5a801251e460a04c6d25e
    tx_idx=826   0x8ff8b56afbf749eafaaadf18b9f5dc3f9fd6f86a75ec45830c947da8e1b2197a
    tx_idx=827   0xf788a72242fb75677a696f0cc13743a6b44e3a7587c86f2b578800eb4bbb1ee5
    tx_idx=828   0xaa6395c23623d9b579ed63c4d48f6840340fd6b96e45456cd24960bf138bb9dc
    tx_idx=829   0xf28d27af1746c4b9262cf9328259b83f8455511d52a773ecb80833f105e72112
    tx_idx=830   0x636cedb2435b422e8d29865d7905de853842e3c607031d27c86d1548e1d892cf
    tx_idx=831   0x2682d11c7dff5823901352938f336ddc04ef239109ec410d8aa4f3b8b0ad0918
    tx_idx=832   0x2cc5d0b89f68bb9486d6c81aa65e6a2ab91e7c3c5a7925ee94557cf9ed2b42e9
    tx_idx=833   0x06a05b0b063d7eee58807452ce396cd81fd5f4692fe5d0e4e7b470a1ad574716
    tx_idx=834   0xcb091bb8a3ea9fe1fe2b83d1b91ec8f1da892b540d407ae02dd4b646829a7888
    tx_idx=835   0x86eac232b49b5013c5ebfab171c57fb50ad35ca0f698f6d6fee92bb5b3ec2275
    tx_idx=836   0x0b739e30e3d1e81e10597bf5ab2c0a19d7a4753284b77a532dfed45dd8402449
    tx_idx=837   0xad5166def9e9ed6cb51fd4286bfbe0507ec5450e3f4dcc4ee7ba422bf68dba60
    tx_idx=838   0xc8e2c0ac5d6ba0c7b6ced5d96de4a7bfd45346467d0d65c399d2cdc8e27257df
    tx_idx=839   0x686c019627307d50bfd91c137018f7e0133500644c4f4e51c2e16e1769fa4137
    tx_idx=840   0xca3c5eaa61fe7419a7bbd7399982954111daef4f655153cb8e7b5b5906d4cce0
    tx_idx=841   0x64c17784517315ce5e94fe13b445cdc01f59ed1648468c6cec053b2c6a2c4db3
    tx_idx=842   0xd5e3f418e98e5338706874513344c71c3d3d1c493df636f9078ea7a2e4a379e0
    tx_idx=843   0xeade06be904614eb092736623fb2a173f490e6d831b4355397412dd18c33a6d2
    tx_idx=844   0x40f13ef97b45181f997c176ff5584a970bc48669e2a7b6f5b74ce7e00852bfb2
    tx_idx=845   0xe2c2a437603e8be7f6cef4eae7be1946e9cd1aa642f9519c503db7c1aa533ee1
    tx_idx=846   0xd358bccef3e324774cf98f8557c0397a5d0f477d13dc1fe875256ab7c8de0c8f
    tx_idx=847   0x16f38979b8d02c53787666e0b3ea4af18e9783b8cf013841336c098b2eb3a954
    tx_idx=848   0x2530ab5286fbaa91de582128431f5be58725a16b43f4d80ce0a02dd73432e0ef
    tx_idx=849   0x4a4610aff6d41e7b055cb3c9af12c5c52d759f93aac9888fb148345b1780829d
    tx_idx=850   0xb1ad20fb91cd5de8692c457e45a93ad03f65659a3c381077b541f588ec8c821c
    tx_idx=851   0x9779ff3b9decd31738746dd5a13a15874cf30acb96cdb3353b9a70eade28f2f0
    tx_idx=852   0x8ff5894af6f79138b5e850f6766caba09d951bc38ddc89be5514897d6e6ae4d7
    tx_idx=853   0xb15def6ad67652b93511a1ac2dc13b6f33ef93d952bac47afb0db58c78bdbd7d
    tx_idx=854   0x55af5119419502ea852a6ea92ecb04d127c8c469114fe80158f6e5e40d4ca870
    tx_idx=855   0xdac0db6eaf931cb25f7a7f5e3caa09e14d88fec4f885dd1da6ab6196678c2cad
    tx_idx=856   0xb416b6466f048332ef106b890548ed887aae59fb0bb7d2495d43197c442ea100
    tx_idx=857   0x8a7630edf5c2949db0c5f411f87dd8ecc9f271bc3f13b762ed1286413cee2b1b
    tx_idx=858   0x36ac34b6985aa7a0c8d137e385aa919493c3a583aebd860f331c616986a8b661
    tx_idx=859   0xf7e79c76c69f0b67cfaa2d78fb5c706c93e8267053912ade0b8487f18e337198
    tx_idx=860   0xd95086ed586ee0b77ca9e8aca2d4d9f7ba6016d7a4848c07c1bbe13ef828197d
    tx_idx=861   0x104b3fb514148a5d07880a198bc0b8f2846b203ddb59136e7261b8f84f7cffea
    tx_idx=862   0x273d9a3b562f243e78c0e39cc02a8faa682fcc0f19a92bc5b70613daa8a195d4
    tx_idx=867   0xdf698d1a3d45bb05460798549b7a408cefc7ea56748e5113626ff93f59d6ce99
    tx_idx=868   0xfb0ccc6c350519bab44841ee9c8cab2f90ce80fc772e71db3d69bb8e80d083e4
    tx_idx=869   0x300d971c557dcbb3d56d90218b0feca91cf22a9bfe075b97aed2b62dcf296192
BLOCK 25516721  status=OK  canonical=1605  stored=1605  bc_tx_count=1605  canonical_hash=0x5fbbb1d0fd65211b606b0b259518311c1226875a959959b767c901ae68f29129
BLOCK 25516916  status=OK  canonical=198  stored=198  bc_tx_count=198  canonical_hash=0xd63f6ce77b0db3f533cb6699d1a6459e8a11a74beaee4a7c14d268b19ff2e977
BLOCK 25516975  status=OK  canonical=280  stored=280  bc_tx_count=280  canonical_hash=0x26d734880a84ebf3693ba0507ffb65bd40f43199888140b3fa00d3c667b9ca98
BLOCK 25519335  status=OK  canonical=340  stored=340  bc_tx_count=340  canonical_hash=0x15f613a9e9ed1d43510fbfa456e41df8b64377924def3f8c6443e51bde0e70c6
BLOCK 25522340  status=ORPHANED_SUPERSET  canonical=549  stored=576  bc_tx_count=549  orphan_only=27  lost=0
  canonical_hash=0x4a6b9f3801042762cc673d29cb82bee5d95a59d35832301d3cd0ae3793f268dd
  ORPHAN_ONLY_HASHES (27):
    tx_idx=735   0x7b7ee439226b62df50dec3dc4447b561a5225166da99fdbd7f116105830e3d19
    tx_idx=737   0x8263fdf8ee0fcb5197ec5a427f02089330e98326a5b6465dd978b90ce67ec08c
    tx_idx=740   0x72092bda1a8ab17ee06458e93b3675613d3b6473e868806cfc4265593d45d868
    tx_idx=743   0x3facba11e48751c0b929cf8732a77a52cd181381cd61e9476f6c2d1d1e5db039
    tx_idx=744   0x2d570d0e726b5f4ee7e75a67005e1e2ac2964d7e19e1239b4dd7b85a5b0b67bd
    tx_idx=745   0x0bf5ee3fe5dfd72b1449734a5ee6a6ece77f833b00923d41c47fb8a3f1c17b43
    tx_idx=746   0x08cb618dd5c21ae5e7fb4c488f473adb5e0fdb914c61f632f2de7df7de8f363a
    tx_idx=747   0x75fb47524fe8e94070382e1558b5e76d6ebc2721f436a1f63e9cce18d541c030
    tx_idx=751   0x32076ce67d768f2605dd9b3425c918e3def5e7c3f999698919b85d440e516dfe
    tx_idx=752   0xbfe09d59c21ef92c118a673221135128b9bb6492ebeac9f1f497bff05cd579ab
    tx_idx=753   0x3028dc18b5591e152c2bd90d313ba1eded651144d84b284add60fca1d0e905c8
    tx_idx=754   0xb2f7dbff6b4c47da84ec0c426544e0956d0f52fe781e3c90bbb9589e630e3e58
    tx_idx=755   0x906c9ef80d5aeb09aa9ab4fc21425f458accf9f00f7305b47a3d4798aac5c159
    tx_idx=761   0x724e01ebeaf9bc417bf4fd93c43d295dd730892ea0321a585f86a057d01c9812
    tx_idx=762   0x96e3aac1a97e2a6839847347d80579d483c9a4abb649b3a5c7c87846bea81158
    tx_idx=765   0x8c090bf7f88bcae79d52bb3dc3e8cfa30c1e13d0f480f7e012cb43a6c8e1c15e
    tx_idx=766   0xe873e5d518c2b5a79deb7e5c939e157b763479c4ecd71b5442b1e4df24dc8c34
    tx_idx=770   0x5131249f531633632d0b50aafd5e191761af23ef26fd286c5bee57b3a22434dd
    tx_idx=771   0x1376c9c06dca16246d037d3aee92011f573290b8f063e0af4c50849d7831fb48
    tx_idx=772   0x03c3e01a6f68963119104d2b515082bcfb2e0a2233121b43dd30f1381c3f6952
    tx_idx=773   0x08c2ee2959d68c9b25b943507505a8ecd16db324cc925b3fdbb4b221c26d8740
    tx_idx=774   0x3e82263b70d4a4348be6baf7d36e64321ecd9faa04025f93ad65e8b2a5d5e4cc
    tx_idx=775   0xc08952d9e510a00fd8e1a7a8b71f71bcc373cc0b29921ae0cd542cdf16af5b8c
    tx_idx=776   0x628aba84283a4f69d867937ec28b728de3ede468ccb22ee7de91fad7491fbb91
    tx_idx=777   0x961217c318397ff7f423a36dc127b69d475c1be0ba32a55bf16fb04530c5b4c2
    tx_idx=780   0x78a1014da07c9a7cc5b3673e97930695cced7e33cf6915e1b70f3f611e073706
    tx_idx=781   0x2ccb9c239c46a62a8d2c2a30d399606f10482bfe17e6d2e9efd0218316686dd1
BLOCK 25522613  status=ORPHANED_SUPERSET  canonical=222  stored=481  bc_tx_count=222  orphan_only=259  lost=0
  canonical_hash=0x0cb2bc0707c661120ce5a5239533463b10e16aed60b6b3d77f7a43e1a657c093
  ORPHAN_ONLY_HASHES (259):
    tx_idx=222   0xce02a7dfd66cb0953535cab890c1e3b0349e45eae28bece678e7718d8a1b0ecb
    tx_idx=223   0xe96f9ae73012dfe864efc474fe49580decb186a562b30676f557dc790d7437ab
    tx_idx=224   0xf6e32f07ac94242451d9acb623b27e4acddc947e42362541d62ef9775e8595f2
    tx_idx=225   0xa90ff22a353c3f1b9fb314c9e654e0cc54b70211a0eff9d9ea42bf21d44ca2c7
    tx_idx=226   0x3db1aebfaba674f0f78b57b4a8488bf983dba306357055c8a4fcc9634a48bbec
    tx_idx=227   0x14fbfb4d30d290621e8f80513744b3575d6dc0eac258b701bf583a0266a7cb59
    tx_idx=228   0x146a2e0761309259f1c0e341b57f9dac368fe89c0dcc5f8b20f36c0300987110
    tx_idx=229   0x1ef32e230eac03f4a3e84e7a9e47d064d83512588e97d0544f964f4174cf71e3
    tx_idx=230   0x27b600e752e55664c8ce2dba82569f4b36cfd5fcbe14f87afd948cb98ed21180
    tx_idx=231   0x134a0eaa198fb3989a5ed696cae36d93f8be8432c9604afdec14b7109302e0f1
    tx_idx=232   0xe68a874a5a2494f4fb5997da9659871e07b7543cc1f7873beaea693716e197bb
    tx_idx=233   0x177c8dd1ca60aa61db6ff2f60082dcda250c9b009102561a90b7d6173b162d72
    tx_idx=234   0xe6e3295a42874e3d8730fedddc5778f9618a10b9feb37d0e3bd06f8685c48a5c
    tx_idx=235   0x28ff3bcf63db57c4261939b19af02ef8b675c9194805dd6611d1cd6fbb83b1d1
    tx_idx=236   0xb8e41bdfcde996b0c6694f954607a7efcdcd71ebeb5f57490235dfe96a5a7ed5
    tx_idx=237   0x374e2517f1e0b8f240664d4ffc0d01217012b0f5a80fda9ef3d8cfd30670016f
    tx_idx=238   0xd16073149a4123232755e327310a55cfe834d1f7c0fa7dbb68145e7842746f69
    tx_idx=239   0x4ad609f3d33d3d8811846a5fe0c59b53c2ab221e6061ebad543c9b03da619a6b
    tx_idx=240   0xf66b6332fda3b6777ba4b6db8ea02bab9e27fdb022a9503948eac1657cc10632
    tx_idx=241   0xb18c68e9711b95140bc8c4b550a595fab9526dfdeb86a3dc52fda5ed0bd7ed7d
    tx_idx=242   0xa78870921cc0893c41bdf67201b928c885e0d87b426c699b696a4e6919c74b54
    tx_idx=243   0x214c224d5a5f3e89e728cad5cd019fedceba016a745e5be76e19c76dbdfccdcf
    tx_idx=244   0x302108ff18624b1ccf5759c6ec7e93dd66b0301084033e46537dbeff0fece2a5
    tx_idx=245   0x7514805ca7d88f7f17e0d9c41c02323ee648e0e8e310cde08ee269e83e4b0a56
    tx_idx=246   0x474e3c2dc10b508db48559f9f0d885f7e1eab14fa6a0a9624531978d24f2d176
    tx_idx=247   0x9f3f142e48d0962c5f9ddbd0f4599be5d1457c1462bd2486f4301a56212be3cd
    tx_idx=248   0xabfef6d28ddd6f9933891438959677ff069d66d3e682cb3808d4e695f214b72e
    tx_idx=249   0xe08f96f044f219a84358851e9b0ce87e69b523bf52e1dcca7c7184f0b54ebed6
    tx_idx=250   0x96d0b3c5112d0bc3016319313d0bb47fce21b97a6d90865ea8cc5f8c5255e4f7
    tx_idx=251   0x3a9fd0a17ccc53f1625614a775ab1e640a0feb17b4874c0e8e7e8f905fcbfa5e
    tx_idx=252   0xb3e767fe5b7ecf0a6692c61a492674bde8fb87a251f7b7a7fa85462696837cb8
    tx_idx=253   0x5b9ab2bd1d305939e6c5590039956be3b3ce02a658fa36273b18c4c988f261a9
    tx_idx=254   0x21dd4421d8362e7eb6403f690879605277e8fdea60df49271600d6f5fd361f66
    tx_idx=255   0xf39115175fead860218bba946fee3d1c80ce6b6a300a4910fac7fcdb99a03d42
    tx_idx=256   0x67d0015982d70cedf530569c2f4bf4e97914ed5397c08238636ba846f2a37ec0
    tx_idx=257   0xf0d048a35830d76393c4187075a0f51390e4ff586f0dc95ebcc01810e13f7336
    tx_idx=258   0xb00e7d7e36fabe41cfe5ae843049c0f992eb09a48469ac31a7ece1b918272c64
    tx_idx=259   0xac5aaac59bc0de247a379ae230e2ffd0d275c66d07915e5a5a8e7f89e3bbb98e
    tx_idx=260   0x9a9482c9de1d6cf732c32a4f781af3c6184d902b7599a323e61b12bdf6b662f2
    tx_idx=261   0x93cd1d9d9b74360e366bd5d764d90ddc03cc1f4f5c480a8a69860c2e6e8d208d
    tx_idx=262   0x3d56938422b2d73f85199e6549723dff673382ea97836c054a8b896f3a728ede
    tx_idx=263   0x15178f275f7ba952b79721beff5b17706430885a88b30075a229ace6771e024c
    tx_idx=264   0xad3b97d4403f159f38c9662b72d1792107a1db05cecfc532a02f9f8771d8a56a
    tx_idx=265   0x9f349785972c5dea1fd83ae256dae28900f9ff00faf365bc18943a0a48c6bef7
    tx_idx=266   0xf1ae8bc193525ea80293d40d7a6960000cb79e8d3696443d5385826dd8607d37
    tx_idx=267   0xd0551872eb7cf9585baaaa48bb9674d2b835c1825cb106561aa18ceb8138582d
    tx_idx=268   0xfbedaab5f70594bfbedf382067691eebb34e58d169aa0e888730ba210ebae231
    tx_idx=269   0xcdd340d678463ba082a5b16fd23581d663a894e59b929e6723107e21a3ad7ecf
    tx_idx=270   0x2b37f15c20f23e92271bd3f1db53142076ee8c2af2410f2b200c6f386ac38e40
    tx_idx=271   0xdf7f258ec3f7e3783c7365f2f34b02ef499c5336593de6bd18d47b110b76e543
    tx_idx=272   0x962a016dff4635bdee67c181ec0c640b24ff0868affc0b7a6731806ee4c1187d
    tx_idx=273   0x7ac2cccdac990079e554997a2d91452ece52f44ec9e6db25544df49c42b9f285
    tx_idx=274   0x7e3233280b12f42467c42dca6a71c33da34ca3741e1599063b87186bff898168
    tx_idx=275   0xf274f15c10d47df84df2be123e766dc86cafbcb9f9a7c28e90e5bc4a5ce53f6b
    tx_idx=276   0xcba10c13e6c7d99ecc19c90e444a6680930f59b9ae87a354cb59a14a77fd3865
    tx_idx=277   0x988eb35b5b48b3f5dc2d8615716038eb3896219436b1a98b99c038c71a5c80fa
    tx_idx=278   0x270aa69bc8eaacdaae9df1eb77922050778f22b8ea4cb2477e593109688bae30
    tx_idx=279   0xb10968d3cce0ba36d0a6d0f23e4aeaf20d1cc2490e445c7917c742efecdceda4
    tx_idx=280   0xeb4c3fe625cad6b679cdfe5d7716305094279fab732e7d3cffa3e21cf7fd3caa
    tx_idx=281   0x82122994b5a82dc466c04b4648e7e48e3aab74e805279759279d92ba03d076d6
    tx_idx=282   0xf626408bf660b55d51b37171802475efa6aed55a1787e9ce24ee8069bc7cc0c0
    tx_idx=283   0x6877b69e23d456d03538ae9a97e005de650a015c3a45068e885a44f88b8a4ce9
    tx_idx=284   0x479919623705d2a7e4e7812393b5a8fb32c5157f8e8114d46495ff4af2eef23f
    tx_idx=285   0xe5f594733638159b574a2ce3d6377fb55678fa7c830c1e33e352c40d30453b3b
    tx_idx=286   0x4a71cc23cf5d21cf9fbc30c60d19fe635682a92b31fcee1c7bf2e072998d9561
    tx_idx=287   0x7753ef9328efc91bc397e09757d330b315953ae127fc3c52bcc31f360a458416
    tx_idx=288   0x89b8f8b2616154f60c8119083cc357c81cb453e1f7e3416d8c75f047faf53d5a
    tx_idx=289   0xec15dcc22bf6ecd8ee54c66ea11a206cc841c5cbcfe17885b7daf03c490d402f
    tx_idx=290   0x319b57240545a5bb01354edacb25c64a857879c15883394198c028752db0d297
    tx_idx=291   0x17670e1185c5001717616790341846abacc0b4b534e6115fefb1f70bdde16217
    tx_idx=292   0xcd0d14571cfaf746a79d6f628008409955b8efc9a645ca7fcd75a9d03ce71ba4
    tx_idx=293   0x618fba0f8da8195161f50bac2dea69d85b701c7db344e5b9bd897b49b1654282
    tx_idx=294   0xde6ab8736c60a103aefac9fbf544f1df78b5e5de52369ab7a41efa4fd2c1f555
    tx_idx=295   0x6cc63dce3feed204d21fcd69e0a6b6c4df48c00c2bc7d8a756bb8ba73f77a67c
    tx_idx=296   0x41cc9f55e860a1e887de10536ddf40a02662f02634028a5e90b7276a8898f1d4
    tx_idx=297   0x9e065570565f8db261f4230371b0cd49e356948affb8342e8830def1f5797ba3
    tx_idx=298   0x5d1eb39a92ac221f432178199fe9a0ae932ece8c658ebd19f483b2dc7cf5d54a
    tx_idx=299   0xbf6b1db3aae17d5d83956fc354a2a6ec57ae7f639998b7353f9c9ee59e1241c7
    tx_idx=300   0x696d3000067d66f68e0c6d80e29274f62dfcd3ede02564a83c5c2135b2e19c20
    tx_idx=301   0x818dd4401d35a818cc5993ba8ed3c9e5052e461d7e5507f7f2718a52fc4c16b0
    tx_idx=302   0x1e3b4b21c2f2ec79d67b3b2cadf6f67d5b0530899b8a40d0e51cbec9cdeda436
    tx_idx=303   0xb77a09798fb3a3e6d0050c4861f11888e27656179310e368cc8f8d59c8396c68
    tx_idx=304   0x83e1316105c04c2fbfdd400306582c91fb9aa06a4e0221e9fb0eeb195e7c323c
    tx_idx=305   0xe588babfd75bacc4b0b212024e231e51022bb1d8f4b213d64d02ec0ae80101e1
    tx_idx=306   0x128dc6622b73e66f2dd96452fe3910d6275f0747df867d7ded56502c5f535478
    tx_idx=307   0x31f5b22294201efb81432edfaceb2d14b5ace29c029d889e56670f8432b92aad
    tx_idx=308   0x4eb59c87144d65ab44d7dfd8874e6c194e50b69d128e1c2bb86669de77403197
    tx_idx=309   0xd96024e7ca8c93ff720356f36a1013025f7c44793850206bce51add668f219ba
    tx_idx=310   0x579aea8fe73b14720250dfd709e07f828bd1ea25d93dbc66df7f6838a9355000
    tx_idx=311   0x2c1d525ce2a7e3e0834518e77298cef329604d6e4a3e0f18721148b05dea4c79
    tx_idx=312   0xf2e0c5634c2b62f34876ea3d8b99df720584b039202eee7a53ca7ca36447f1a7
    tx_idx=313   0x6d43426934356db65adf412ea42b9e1813aebf33c94047690ed7b2c157fe4fb2
    tx_idx=314   0x35d01a1295a1c5ce90c9eecbb539866491c19c9156641071041ccf7d9a43c6ce
    tx_idx=315   0x309a7761301cdc9960f8400a79c768d3dfafb6f64e4efce60ede22c14758b800
    tx_idx=316   0x391aa9ba51ff5a41f9f94e1f408c1070cfa01812652e4288ea802ac89aec66d7
    tx_idx=317   0xf7cf70fbc5bb7e3f98bc8ad0556527986902a38a14a2f0a8ac90fe52f088b6e2
    tx_idx=318   0x9db3da47ba0e1d17aa921d6200e797f3df703bdf11eb12880290bc0669d1e22a
    tx_idx=319   0x92bbfd5058c175f6541f18dbef3e7e075dd098fef3c7d5ff326e88c27a7cc095
    tx_idx=320   0x092a40e27c9eeec668ddc0dfa8cc179e1351fdec417d08891b3f8f078d2b2018
    tx_idx=321   0xe18b0d0c4eb95260186a481bf78d22d6f7724dbffec9874481d45b6b4250f600
    tx_idx=322   0x89d916941fcfbaea40f3a3ae3b0837c83c414859a948a46e47cde2b5914906be
    tx_idx=323   0x8bb75a2521c1499dee53b9e50d9e1a2fd0641f2c7f5ef1f4ac7ddf549ff9d012
    tx_idx=324   0x57c749526a01dbf41824269d1acff23e376c1b40d7206e73e971d7de8c16c65f
    tx_idx=325   0x867e5402c13c052067c0c2ee431db757ee86721e60a4a758cea74b435044afa0
    tx_idx=326   0xa9c3a9076af8b56b16e491c79352b843cc0b178a8e67a0891c547d313e626cc6
    tx_idx=327   0xe1a9165d9da163cf042c6276146fcbc910fa394769b8ee4a937e7ac8b4077ba6
    tx_idx=328   0xac43d00b4c7af58744c635bf32dbf99ff0512771bd56a50299d48f5671944eb0
    tx_idx=329   0x0c6682b014cc31dd01aa8a756ddac18c592c52406e6c9137e97c40936ccdd2ea
    tx_idx=330   0x13b35b04d596bdee5cd4f40e906b7d8f83f58ac4a9d55c2fb465b212daff6489
    tx_idx=331   0xd38b143706ea1f5c5fb93a0c023089b9b1b8a25abfdf0740ad2c257164253051
    tx_idx=332   0x4b0d3cccd647d4b8fdcf4bfd6ca39197676eab73a2db8470a48fc592e6c48240
    tx_idx=333   0x395eba6e0dba0ad7493da465d5949934096bd16d21c1f8de10bc8c6b2a219992
    tx_idx=334   0xffcf5a961b63273d1869990e40c707b15fe0a939860a278553ac72ef85f2a0e7
    tx_idx=335   0xaa040b46c4f025fbd77233410fad93ddb7d188a6fa04d0d76942906f8546e728
    tx_idx=336   0xe0669d4ad2a1e189aece6e504e5b434a3ef8d18e4a72fa343874b3111f805345
    tx_idx=337   0xd0d4e3a16ca40bbd3233981f91172bab55717f4ac954c3603935aad71e7ff831
    tx_idx=338   0x16fdb1664de2ce9ddff0e77a3464845b464f92939f917794eb9b26646723c44a
    tx_idx=339   0x34d7d3f96813d61f80603de77caa4bd6e324ee1105adf30e62e53ec2db3c107f
    tx_idx=340   0x39410b3d2d2e8af787ebfd5a1f6c60bce172e644da1dc42b31219fcc4fb382ff
    tx_idx=341   0xd75df0c843fafb148018da0b436ae4c7723c8f9e0d90aba76169fa7e8fb14c63
    tx_idx=342   0xe748010f308b62e112a5a37e692bc8210d03e04698a7c88091322de98ba835a4
    tx_idx=343   0x13a8d55ba14e79c6b54a353e369271827b97cc8f2e44f1857dc373faf0fa242b
    tx_idx=344   0x7d26dcc0d1e7948376fdecf198e413662941197ddac880acd0603709d92d4dad
    tx_idx=345   0xd7b5ddedbf2378c24244c57e0edb65418c842e5487c4b5843d8b8719f9bdf395
    tx_idx=346   0x557d6719e0c064fcdd5562ff617d62857bf1564bc4ee593658d5f889c9ff7d0f
    tx_idx=347   0x9014ec31724e05ebf4323b06fae7c05ad321c314b89f2f920afe80fdf0e0fb08
    tx_idx=348   0x9aab3a9817371305097f98644a3ed950ffe70e620c35c08486af731baf402271
    tx_idx=349   0xdb1799c2614c19bcd0dbe8aa01f95cff40e832a05bdc46ab763cf0d057165e7c
    tx_idx=350   0x2c7e61ab649d8bf9d4a4e078c5311e971f0d0b0a7abff06e47fbc3e61bc8ba17
    tx_idx=351   0xd79df761a1af4577c16889fab32e6121e39b620cf83efb6d33432c5c7bd55879
    tx_idx=352   0x752ba3a199d6de2c3ef597057323a4e6931d0c759a7a6aed85ea857c2fea3160
    tx_idx=353   0xe732c82f5d4e76960e37c85c88fc24dc7200fd6d6936ca44bdb8a0b258a5acf4
    tx_idx=354   0xb4cfaddafff3220ce20d45d78bcc297ab0357afec61b3c4d6062b17d3084eedc
    tx_idx=355   0xb52adfb4da8d205866af9fd12c20fd9afd34aaa6dccfd2e8eea37d8e2afaeb8f
    tx_idx=356   0x00f429a3e43fd7448a3103aba186ef52b299586df2973d16656cc1eca5a80bf5
    tx_idx=357   0x80afc981dd32202f198f3a579605349f10a610bf7703ed15ce69062bc2956be3
    tx_idx=358   0xb4a4486325d175bd23093ca89580c68d0a03a7863f11dbda9bc5a9dd5e59ebbf
    tx_idx=359   0xab4e4f8e68933ef2b84925855539b0d9d1002eb61e9ea45de4b6b551da0886ab
    tx_idx=360   0x49950a030fa4122d11a594aeccf8a760700298fa7c08b499a173204792e3db52
    tx_idx=361   0xfbac7bf17e4e47b9401c3d8d06506b5cfa757a4e86f24fa6b57010e557d20755
    tx_idx=362   0xf57df6cc0f2401248966895f20cc6504485193256e70879153e2a8c1e5b00f7e
    tx_idx=363   0x028f0d41e75451b65d7418f92d16608f2c5738cf00c5eb95b8eba20a28f47d17
    tx_idx=364   0x16ebe2526ae17b5b276fb66b783fc18110b5fa5c1ceb3729dea41d5ef776ff2c
    tx_idx=365   0xde80b282fa53b333500777b637ba00a3ba2949d60035626193d44306366bd49e
    tx_idx=366   0x4360c7770698b3b00094813bfc4edf96bb8ac2453597739a9181c10d0df521f2
    tx_idx=367   0x23f2561cc4c0d69161453dce439a68417a1b8c9f43ffb750c087491b4b2f7167
    tx_idx=368   0x8062305bb069fb5d6b4d1956f73b4d0ae1efc0f4899ee1fc1cf0e0bb3d726d5b
    tx_idx=369   0x181af3283466ba7eb5755a5cff96be2c7fc50960bfeac0323d3fa91d8007a81f
    tx_idx=370   0xc3b6b1c1e0cba7a6985daf1369951a44f79ee35332fdbddf5a94fa8f3a5277aa
    tx_idx=371   0xebfe7d6d2260f81379b55ec080d3908592f217f98fa56093354d0fd170621733
    tx_idx=372   0x6761ee42dfc51f1fa7c98d45638afae5acda64826e8f6fbdd5fe097a24debf56
    tx_idx=373   0x69dcf1e1a03e54d33ffcb63d05dadcf89cf1b17d86177e47ac056cc27c60a42e
    tx_idx=374   0x55f01e38e693e60939289f0924feff861b4a5523c2da7654e2eb79db530bef64
    tx_idx=375   0x31af654a7fbe8e86eba64cb7be2019e6906bab6579042ce246708ee7998a19d5
    tx_idx=376   0xfa2abe57e5b7ec7482b8be5c09a69322ae753b31719cb4d0b86ebc65728ab4f5
    tx_idx=377   0xa9688d46f5cc415a9bf014f18f2779dbd5432d222a9de61af32a87e0df16497b
    tx_idx=378   0x0cecdcce35a2035eed9a83d3c90881b3d209351bef16fe6b6e4b4f3eeeaf804b
    tx_idx=379   0x054a550dbdf865d018a4739fe6924d796a67c7587f244868620f25f27aa49a92
    tx_idx=380   0xef9ab0ce788e90fa10672f0a7da675f29754925692a2f00fcfdc052776c69a1e
    tx_idx=381   0x942b636f30de290942d6fb8a773d7c41b4e92c81c42f2573260b3aff6dbdd6a5
    tx_idx=382   0x9b1d8bd29d59fea72f6bb47df5d103835853b44db17a8fd05e21c148230eb189
    tx_idx=383   0xdb4445c601cf2911780c8523e2ad543c8e46d0d32f572dd755ed4c2dcc1c5c84
    tx_idx=384   0xed6d1308cecb46aaa05fde12f513f274c7dcaee0f3e9c44e3c60a9f57aeea6ca
    tx_idx=385   0xe622d0810b042eaa9c7e49cca838db48fb651b27bc3af58ccc039ea2f429c7f9
    tx_idx=386   0xc8cfe06f80d46fac91b34fe7790cf0e81ac90e0f00f578adf033c7302a845542
    tx_idx=387   0x4f4118d0e87e338f4693beaa9bd922b3924ee9bdf8789ca69ce24732de3a7386
    tx_idx=388   0x1fd0cfafae4c6eb9fc5dedb4df1067d4b271668b6f4c4b22987ebd63d274fc59
    tx_idx=389   0x89fb609f5cdcf3a3dfc033d7a2b2004411b55363a98ad7b0d4fdb6a0628884ff
    tx_idx=390   0xbfe9ad3a5bb9d2ad8c9f4811a5003410d0efe2040545e2324e0642ae52d96ef1
    tx_idx=391   0x9754bf131666a9fe470431761645dc0d27d15f6c9379f7a51ac9f06f670ecf9c
    tx_idx=392   0x2e7af9c24bc7941cf1766a977de6b670752707b6d0c6aea0f53b966108979fa0
    tx_idx=393   0x08aca29d1373a60b7efd4208441e05c5361cab514c9ed1f5b66a24463bf51d68
    tx_idx=394   0x4ce767b39f3488c0a09123298a3135a5d01899488c100dee771d991f2e6c7f9c
    tx_idx=395   0x1ae8c6d6e721fb9fb862c7b5a52ad612c4ee8b3c15a5bf60e27c8b4e2a6ec02b
    tx_idx=396   0xa85d53f7d8a8c917caf6d1e9ae3105946c14c672b2314b6b7ab8a99454744146
    tx_idx=397   0x5ed5a1fed00b4ce0fb96c1a1c1b3f870f1b4ae55816f7f6fcbd0a8bf415b1893
    tx_idx=398   0x61d0f5c9c6c0eae168110ae5911657b30f4fc74c9315fd8b433f4f8b8b01542b
    tx_idx=399   0x71bc21556d5c3a787009dd9b63393c2ab70a253f248da13239ea694ff4dbb60e
    tx_idx=400   0x02ae2c7c18135d3f8cdbb9027cebbb2ea0283bc8bc66e241b37dca7d78f19923
    tx_idx=401   0x278601e5bc36a28f2318b347d0626f29e309ec8e6687c7d5a9df09bf11a2fb90
    tx_idx=402   0x4b031a3e46f77f5cb621f059642165cf4f853b3b0cab4125ecc15779d4204e85
    tx_idx=403   0x2acc5fd9575e9e3007f57607de1d83e55ac6c036e68b51b5f0f2962a69ea9140
    tx_idx=404   0x1538edc4c12485342c53e5e48ae61a9bb22b1383d1f07ef2ce9196893704496b
    tx_idx=405   0x026f544f46d590152a918deae6293862a6f6a9935b2d71579678d6df0105a9bf
    tx_idx=406   0x69e7f21a3de638c276c2366e88ebe552f6dfe355038f23d9491c5f80c862b416
    tx_idx=407   0xbbc1c742caa5f149ccbdc163f808d479ca53aa2f68dcea9b4badf60587e6ba40
    tx_idx=408   0xe081e35109ef46f0c207266804647d2f863ccc424fb081efd9d3d3bf997a1145
    tx_idx=409   0x7e8bd85b00b5d66c74eb4dba5ad6ed75d5a8a3011a6724719b8c63a3a314c7f9
    tx_idx=410   0x5230018e5edf2f17d2ad4d410ab014e8b3e4d618881b9ef34ca395c5f9854da2
    tx_idx=411   0x3817d331481e7f08c9ace9c383b17e94cd58ab7113a44e75307556bf5d335bae
    tx_idx=412   0xd79ac3743a65ba12c3bf7309541e8b23e04cf9ecc8470962d4c099b4561ce618
    tx_idx=413   0x55a13f4131a8e8826be1c07632d9af1a10a9dbf39f6a0e5e40d3fb5cf470708d
    tx_idx=414   0x8b4ac700cd1990b6c1de39f57845bf6a1868933473c11dccfe5847e1aa574f3f
    tx_idx=415   0xfa03a97053a0a6636672c25c3a98da7f87bf3fbca026e6ddfb353b42d85a3567
    tx_idx=416   0xb2b8944e5c71f6bf58f40c989c3da528efda32420f12c3b460fca2a9cb3632af
    tx_idx=417   0x30fbbd51c43a37a27ce1c20733d0867db5701979e72034503550e5cbf1a0ce2c
    tx_idx=418   0xc6e61ba93b815b50a13bcfc458cbdd1e5a73bca8a6c8644e7f538bdeee51fb01
    tx_idx=419   0xa8359e1fea44c511dc43941eb6f449e696b6229a1b9bbb0f37a7acf41bbded31
    tx_idx=420   0x54464f25f0a3c7952eb5432445ca9fed8f13921f19dba03c04349f09bd137204
    tx_idx=421   0x058bbfd1d200a7db887482d6c8316c4780546fd49fcf23f3011f946a4bd0b01e
    tx_idx=422   0xeb6a47674b30b01519b5606a95a0de0741300c6d147c8f9812b6316ac9fcd5c3
    tx_idx=423   0xe589267cf31adf0c06d6443146ab58232e0a9a65465855f004a9df7f99bd25bb
    tx_idx=424   0x1d3539243a675d01a7b027188c5020324623ed4f8bc783bcb2d6e6ffc7e6fba2
    tx_idx=425   0x06311fa89818abb24e1f823adbd95ee0082aeb250d151efb84c56ba8dfe6d960
    tx_idx=426   0xb7bb4005cfac6611bc170fa773bf8a8a77753d36b56cdd4b8d9b4021601c6743
    tx_idx=427   0xb55ecb79c12879213e2cddfd41f39a5e9af7e43b055d19ce0415804932fba11d
    tx_idx=428   0x7a9da4fe2e2be1b8d8980f3789cb1f4613350e0e56fd49486aae157794e67c06
    tx_idx=429   0x83476b993550bd399919b7ca8abb3322803a157b2ba85b3a9e8aa5bcbf5b16bf
    tx_idx=430   0x455e27036f6f1dd120a2c7129adbcb568a5cade097bfbd35a20090377f99d768
    tx_idx=431   0x53e69ef819a264864e4f32e1a140d2cbbc975f9bc5897589b1b24d06546958de
    tx_idx=432   0xcd6196dce3462f7f59aa02fd46b98186e249c8bd10262ff00ad32ab7172c4a1a
    tx_idx=433   0xc1f1f75ca7b825db20c8a1b61023682d4f8c0735a27ebe48627b82bd78480847
    tx_idx=434   0x58fbf8724c087ffa89ed9887d81f88060b558aa47a47bdd9ceeacb947d31651c
    tx_idx=435   0xd0a5a66870f57f6e6912f0cdd8bd54060cd01f650c1baac9c0a72d953a3290e9
    tx_idx=436   0xf91bbeb0dfe51842f36ef117bf47fce81e4a021eeb66c46ea055a355a435003c
    tx_idx=437   0x79ea92209ff72410fb2d8ab9463520eddb32072a2b7e43b8024e20d547766316
    tx_idx=438   0x12a55f5cdb856b7562719d088f6652a4d56caf48442ffa9a8d1db8e1625a9a0d
    tx_idx=439   0xfc24755330438dba9d1c08a766bbafd1a74eb2fdd415d6eb60e119bd2eef65e6
    tx_idx=440   0x4a1bd397e447e58040fd83c28f78c5cff9e0f8d7d2bfe43174bb1c07c5eaae55
    tx_idx=441   0x4ea1c4aaaa2071d1f89c2297c472225ff3829f8ea47ddb9bd7f3212a7838aa74
    tx_idx=442   0x3905404314d5f60537ab8aee3680a0cd56532e09d3e2ae245d5613c24fb8797b
    tx_idx=443   0x2d20ae890dfa24f71d25ab0e72b5234e218109b1ceee209a0f72a5590ddf7d05
    tx_idx=444   0xdeca821440eaf84ad054b6db85682ffec95f469ab22159c7acbae98af209ecf3
    tx_idx=445   0xe8aa908baf3041a4fdef8e6f27f6571f371c35f4a2f92507f7aabe1e3f770c42
    tx_idx=446   0x5e2b8e00585edb21754efeccc20d935fa8a4d9ad7d4e9860def5545663f43158
    tx_idx=447   0xda10dc72e6069683e1b1ca2b53042e2a74d41b40bb5a6d8f87e82daacba637fb
    tx_idx=448   0x2b3d7a9aadd42848b65003cf42f4950c881d413f1c9ba082153a0c731e6fc74e
    tx_idx=449   0x8d0dc37472fbedfefa9c1631daa9aa8574be8f0080ad937430f09d4a2598476d
    tx_idx=450   0x63fca602658e3fa54f4ef44704274d096562c8de0efacf14a1183cf3528de6ec
    tx_idx=451   0xc8046b0b46688dda6ab3b56bc2e3122d7ddff669a13d3ba41f290b6e2aae923b
    tx_idx=452   0x8b0fa5196bc55801e924bb4b6299d08ab89181d182293fd9d0a8415dda79e42b
    tx_idx=453   0x1ccb13ac5b10f2920ac2c120d0a163276bbb274a62b818f6f0d541a10103dbfb
    tx_idx=454   0x731e8a198a4f6059eec09a38eb671ba22cd63793ad7c4847f612129fb6ab2cd2
    tx_idx=455   0xdd98bd5c69319bc47e6003457e33c059a0cba9448ba0e7a41e5e5036d1ce3766
    tx_idx=456   0x5424e1a12a1c4ab1e5c6b27055c1f1b6cd0fcf80cf8c286cc396ddef2e3f0e2e
    tx_idx=457   0x58d88a8c7e9c41f15aaa72c930630afe7c93e25a14d96f1069940ba809395ae4
    tx_idx=458   0xb476a9c4f1804c558403ac3db149d657e334f658d37f7702b01bb913bcd20ecf
    tx_idx=459   0xb96677c310d16504c643cd23cec2eb5a05c0e1e0f828c2406f87a61c83b2c992
    tx_idx=460   0x238573739ba13b541b45834f9485c7acaeda0530aa728e6b77ce6466c4ce539a
    tx_idx=461   0xa19ef55705ca9988b029962c8794944c171055d80c392f1a08580a0028a556c3
    tx_idx=462   0xa928c752215afe725702b391e0b4c97ca38b51a2f5209f3119f5b326e935bc12
    tx_idx=463   0x753c792d71d772d3d9e9e48b62d1a35bc96220e3a366b2c64899258ce64c9b54
    tx_idx=464   0xe82e383446a7c5b78fefcba9af41ea10203442b8838743187c7be81a890cc56d
    tx_idx=465   0xd4c8517daa935b24a575f4802059a8b68e012d3f3d4b54b883ee732c68df284b
    tx_idx=466   0x1cfc154f395a37d19662e7c42065026c2d8973e7624ef7ca39489a627aa2dcc7
    tx_idx=467   0xfb200796470934294354a0f5c86c424e005464abca64dd306bbbf48f551fc3d0
    tx_idx=468   0x6472abb492ff03cb5b0d137666cf8b48913eeb663e051959a0fa44269121c28f
    tx_idx=469   0x011dc5377f01ebac379ea88f8a3536622b55927534185bb8b15524ac35e928cb
    tx_idx=470   0x0b16adb6e2ced18c24e8917ca7c22071746309dab19347661edec245a501679b
    tx_idx=471   0x36d38a81d1767134921a327b89d3bd47620848873b5c3d2b99b3072067a9c420
    tx_idx=472   0xf0b189c1beebf75e9459d9d2a7aa8a233f8cfd207884fed8f01ebd8786227e64
    tx_idx=473   0x5812b2b0f7747c5641167b6fd4819d02e8e06c8e95562d9a056b58ccf569da90
    tx_idx=474   0xcee3113f19cde1aaf4d8e937885d0d6f9b78b47b09f8243a5e8cd0024552abd5
    tx_idx=475   0x03d9a5273a5a5ab8d20480337750528af0aed029ef591d9845f2bf358125573f
    tx_idx=476   0x6842903aa26473b0915f7f0a2d2d9804d65b5a1001c18c645c606c5226ea3efe
    tx_idx=477   0xc022223a9f2afc600e1c1eda235eeeef40f35d22aaf42587a2e5d2ba30149ee9
    tx_idx=478   0x9b1457969510c0626b32effcaa31d3e1fcc7cc995d9a6cc37d1fda60236efed8
    tx_idx=479   0xe80417a738d964c835dfcfc1c9c59fd538184ca74e98f6560078a3e3d08ebe16
    tx_idx=480   0x8c3d81778e657c099f0354bec148914a81437c952ae6566d5d858d87594c4dcf
BLOCK 25522644  status=OK  canonical=493  stored=493  bc_tx_count=493  canonical_hash=0x69cfa2672edcedb92f65a2b2f6df8201868a472f437ca338ad6e9fe17e6d8d09
BLOCK 25523283  status=OK  canonical=328  stored=328  bc_tx_count=328  canonical_hash=0x30b0cccb138200c511dbbe7903143a87647ccd9a5b47aa50ead7b6fb7cd1dddd
BLOCK 25524078  status=ORPHANED_SUPERSET  canonical=426  stored=654  bc_tx_count=426  orphan_only=228  lost=0
  canonical_hash=0x5775b5d6cf79d077a62736d9aedd6d40271edf76fc5931909016b3be7cbef83e
  ORPHAN_ONLY_HASHES (228):
    tx_idx=426   0x400e1868a87ae6364e523a751ff3af0cef25af0ace78fce0e50956af3b10e21a
    tx_idx=427   0xf7da8eb840495cc785743b442fe353cc8c4bf5aecef17b59c9044d52eadcea7f
    tx_idx=428   0x188e3ebe1a7f702ef6ea2119aeda6c5f2e86c9656dd4735981d63ce8b8d6c37e
    tx_idx=429   0x98ffb56d3a8a02a7ec3042a8b41944563ef3d1440ff4392bae217389a5af4009
    tx_idx=430   0x241c954b5bf178633e71399f11061f5019b58d02b2e839219f1afc4ae9667a6f
    tx_idx=431   0x22bb61063ec78bcdbd7447b4f2062a7a82aaed24d44707d12746b44d8cf2183d
    tx_idx=432   0x41561d159266f7ad7a7dd94e499a4c4d0881872215457229d916c885019fb07e
    tx_idx=433   0x7a03e105d181183447958f04946f5539d8444cfa50e84d0f0d834a4ccc2c608f
    tx_idx=434   0xe557a4e85bbf569241b5cf2574a178067eee9715472b7bcc26e75724d6755719
    tx_idx=435   0xcbf38e758316605c2864e80bedbacc4d830585d3166a6cc5f362361d20cb10cd
    tx_idx=436   0xb1802bc280e8f9cded67841d3250afc1c6a338caae291cde3ff73554fee712d7
    tx_idx=437   0xbbcd3e2d59dc649715a76243e8c4d941c22e5c0c1bfc2bf326766685873d27f9
    tx_idx=438   0x7fd742d1f688ed66588792de95465b46612e08da48b22dd3221b791422d5a1ce
    tx_idx=439   0xb51c06e6336f19a072fb1a43053f9dfdf0d070bd5c564ec951af8822739f0232
    tx_idx=440   0xdda1c64249cd2ae77475674a67286afa4585d5bafd5aef4e27c9fa504917c301
    tx_idx=441   0xa2560e17c87b840fca58f775641265e82af1933057eec4b15b481ee4ef588bd2
    tx_idx=442   0x58a16888f8d92a86b495b787cc275f4b39fc6a337a4cf222a886704db8b61cb9
    tx_idx=443   0x9a397521dd3d1fd35959b7576bfbc7dd93891062b49ea7cba737c62be850b3c8
    tx_idx=444   0x3fa35e61a61afce57e9c2c390c21f0d4b4410516970cca1080602ab30d3f5429
    tx_idx=445   0xf41a9fd0fde291c5a89f804d06063ecb79498543392c43c1f6b1b982c8941967
    tx_idx=446   0xb647c9ad94c413b57057e5eff930dd47d25024a3e11f2b17d7b8a45855f082b9
    tx_idx=447   0x603e0b7b254d3e11475b5bea726d3219a2a62f03cebe422ac3ccdf236db554ea
    tx_idx=448   0x305ca55b755a8115ae75f7c5a359b0cbd8fdf633b05b11733caa70444bb08c7c
    tx_idx=449   0x61d8c346e177c748df498a288dc66acd1c4e33ffdd67f43b51a671d18aade991
    tx_idx=450   0x74f29a833f13f5ab3d2ade191866474d880aff016b59d0a2ca28f8d5e179f16f
    tx_idx=451   0x307ebd9b57a59a5eeee79472eedf0374b9ed65cabf5b60b8f8484afc2d044295
    tx_idx=452   0x4701bdfb866ea89146ac9eb291cdf8fb0bb18da4f4c48bcf1624b1a01a4981d2
    tx_idx=453   0xe98c4c4556aa4a00062fc182d6595c95e8087c0185796ffd7362e37b5ce6dca3
    tx_idx=454   0xd7659b93b97ecd225a5c18066aa9f10f36cdd2c13a6067a13ac3f97ada068021
    tx_idx=455   0x5c38f2697ca5c833f57b3fafdb7c5c8d296618181b738dd05fe87ea7e17b3081
    tx_idx=456   0x37f84bfc84b80577b20946c72c167bfabb2ad824cb231888e0cca080359547aa
    tx_idx=457   0x5294587acb602133f2aa8513501a93513a5ff142ecd7b73b8414604f86e5edcd
    tx_idx=458   0x6f65adf466d9d84a39d6482d0db80210bb605763e2931fcf260e7fd8b5b6a81d
    tx_idx=459   0x240460a74bd5be4535d5fc55e7ff0acef007bf518a8609c51e077c50a8706451
    tx_idx=460   0x500a1e63237ed9bfa5cfe8a7d6c2be8e34f3736d63a742190f99c6724764b86c
    tx_idx=461   0xa4d0f7e263b18009fc877c438b5a9b75df40f65541397494571c28fbe76c163f
    tx_idx=462   0x2e7573e58a5a576cce4f1fc910a00b634ae3d303eae3d4cf3b2887dde51ca0d8
    tx_idx=463   0x7eafbaf960ec7933cff7db96e5a8a7cad5aff751c0a992b30848bed6f422cc82
    tx_idx=464   0x1c22029ee5c1a2e29096c520413fe088b1259761bcaad965153e25eee55f5e08
    tx_idx=465   0x87adef2d0be6f8e7c5094ac0a68f8a433909d9e49ce2bce6da5f7792fc50dd0d
    tx_idx=466   0xea1326f6c12610acbda737fff46eedd43a4e4b01153a72e154c8679e61622741
    tx_idx=467   0x27df0ac337fa299e7e664ed3cc490d4c3e97d60e619df7d566e6d59e458725a6
    tx_idx=468   0x03f0f156263d1e9e505186f1bdc5c606fcd648646be327e219bf4ba612483515
    tx_idx=469   0x7be26aeb45bb453b4072a5cd4fbf1d8efe2a65db9f07948f4fffaef064c0ec14
    tx_idx=470   0xcac61d94243416f7376dcc851d6c45ed2e82e6fe9ac83d6e45c47840099d76e7
    tx_idx=471   0x60ccb058cf825efa49dd5f0525062db87414a6bc4af8405e150ecde14d495a17
    tx_idx=472   0x037dd7ee0d44a0ec8900624066e0bbe4e4dccee40f1646f7d83a50ff62d731b4
    tx_idx=473   0x4c7c9383674a32df55d053b4506ad55e98e8a9a61187f6c03c4090cfee6564a5
    tx_idx=474   0x7e0c5a68fad3fe0d3fe7a1ca6d89044c0c9d0ece5d494247fd599b14d9d5a871
    tx_idx=475   0x1fc121301eee8069a5a107e4a6e9838d97f95f6bf196fb5f58b5cd464216f944
    tx_idx=476   0x772b5a487f311ab71ff9c6a8c01e818cb72115e58367e1a22fcf89e707966103
    tx_idx=477   0x1a0563d62b558bdb7006ac9ae275f876d2cf4d0ad2491153cdf5766c0eebc75c
    tx_idx=478   0xbcffd9fc8a28b37d1f809b5ca88de0286d693cc56f2c787a4ad700d66c7bb4e9
    tx_idx=479   0x1be7428369291159ab879a4cda857a567d3aacc0640fd2b8e0e5fe6fd021f681
    tx_idx=480   0x811e5962b8c3a34b36f8668e456f805c822caf9c81b5f3cdc686d0e7b7732ec5
    tx_idx=481   0x3f047d126f216a043de31b117e7da544772bedf9c6b7ac05ebbc9e7d8adcabdd
    tx_idx=482   0x05efda329fe2b941d86d5aeb1168aa03c658412240fafa2207226649a2234a5e
    tx_idx=483   0xe774313d5a32c1ff641473764802e916b6fb51e039a8eae6009b270feceb9c15
    tx_idx=484   0x995aa43102c29efd91062b8f22e3fd3fe3d66429e33e9a095c1f27aae7507f30
    tx_idx=485   0x040dd4e124f352df05af5fe3c411ea5ec6dd430cbf82875e193c368676a3f8ab
    tx_idx=486   0xb504100efb18682918cd52a4dfae288a57a2c7f900e77b955ee27588024eda8c
    tx_idx=487   0xea73d06307b0fd101c17f3ed7e204f805f72ab3284b7031bcc4629106fb4f01b
    tx_idx=488   0x772be1a7691ae4015d00316940c305fefafd5a9c89c057661daacd27b1380287
    tx_idx=489   0xd78c3615d05daa8f18a4b742ba3d74cd19206707393b7442eb65f228405e8e50
    tx_idx=490   0xc8b29dedf8163c2d2a3583c58c13ca2fa80e1ad59a39d5b169cbdb0a6c4435a8
    tx_idx=491   0x099ebf7f0ee6f6105e1ffc8a77b7d9cbabd67fcc0e3a0f8495c13276878d680d
    tx_idx=492   0x8e646772ab7170970750e2ee6f3e72f36ce73d8e6294070be7a7e54984a0092b
    tx_idx=493   0x68b9dd8a8a8b0d14803ce4ab2c606a025071822542b420bf66381abd35ac528a
    tx_idx=494   0x2d7e1387902232e363f8fe3ca901dfda416902fd6b199806531ade726f776f96
    tx_idx=495   0xec34bea164eb296ba2e38f7bc7485042e1a8b7abb7b0bd839513812c862e5c1e
    tx_idx=496   0x837ce94c01fb5c7cc98199abc2365aeb0b4f4829eccaccad194dc925ce309ff1
    tx_idx=497   0x69f2e49d9f6355b950f80a3bbb5073bfa9892e0a36895013ecd461de61602589
    tx_idx=498   0x5cb3e2fca0d9005097ea4e7babcb538aed6a20d3afb7db266f02156462d612fa
    tx_idx=499   0x9c13828cae12fae51fbc5fd8d515728c780f4ccc09fcdbd209ea0e643eb7d499
    tx_idx=500   0x003109fa2b531f67920746a34eceb8168b012c039599fb27e2e954ccb9da5805
    tx_idx=501   0x08acf5def2c23396e3f8847d6082a30d8668bc7b3b3df45edbc83ab9e3d3a981
    tx_idx=502   0xea8acbe9cd404a210bc6ce93351a6fb05fb92213b71baa3a7e1e6a66e236c388
    tx_idx=503   0xc65b667d5052b15dcf09fa20ec2a00f32f64de5ce088cb286b66d35b875e0f5a
    tx_idx=504   0xc56ce50f565de4c61a051d56c30b70ac233746eca8d7cb572db795564b8b3353
    tx_idx=505   0xd8923c37d33225a558019b29f1afd2802ef12eaa7f106595021018e8d426db63
    tx_idx=506   0x2777ddc7ee7db8e0f932102f8a6878f1050af871057946c04f3cef8a6b5bf690
    tx_idx=507   0x8934344c458b58e7c0178bbba8a0c4c18d76343b827a79769f61b783051aa269
    tx_idx=508   0xe2f27205f81bf6cb7825530d9234c3b575d55a2d1120b8973e54f60323117eb4
    tx_idx=509   0xd55ec6f146bf5bb523c9bd7bad73f6e91a93552c3fdd9ba9a20e78391d570d12
    tx_idx=510   0xe9829075e11e7217073abbf200f10141c925db863c256f755a70b23b3587d38c
    tx_idx=511   0xe437c7636c8a5325a94a1582427c6f591f8baf3ae4f706bf02b12b8c30a9c7e6
    tx_idx=512   0x1897348db22c1b9b67714533f610a09ba4d6a7cf7ebf33b0f5f39d3eaf97823e
    tx_idx=513   0x58f735afdc40026ba4e1fdbd85fbe377c3e77e696e3fb2f32e70604eb592a041
    tx_idx=514   0x7c16487112ed76e657472d30b28315772c8976264a62b560ba7221b023fac008
    tx_idx=515   0x7233e5384b82c8da750e35e915af3b25a11dd71f00a672ee26d73bdafbedb5ae
    tx_idx=516   0xf0f9f6103166ddb6a8021f14b5aba2fffdccabfd27e4c9e52f17763e5ae06915
    tx_idx=517   0xf6b826ea13f1a268e9f7bc2dc4f693af55b904fc0104c4cb073e618c0e0b4327
    tx_idx=518   0x45094ba77f0329213317fc36aa08e37d476744f0ea084b658a1be9213850a49d
    tx_idx=519   0xb5bb176afd01b6538793a7148baaf96837cf08b227966df65165b0c80bfee42c
    tx_idx=520   0x46110a574171ea01d84e760bd53cda17633613a204e22c5c365ab8fe595f7dee
    tx_idx=521   0x2e7ff54ce08bdf4af6b1d10562e62cbe402527bc63344610c2442f7e43f7d01d
    tx_idx=522   0x572aa5b3a2efeceb5f07ddaa10af566f756e06e7f19a2bc7a5aa5fa87998e472
    tx_idx=523   0x68eb9d19ca3e3199f20ba426df340a1979c17bb27aa5dabe5c960e53be7f790c
    tx_idx=524   0x5349411d7eb2c36cc8880e9af49fbd203cb3bbfe2101fe0d9567a483fd60eb02
    tx_idx=525   0x36dd00650fa0f5578fa6d29c85607a00075a2075e87a79cd876eac0122896a90
    tx_idx=526   0xe0b9d3a02db8e5fcaa3d1f7ba8a5bbcc8914b0ea2c28bccb8a5203f3ceb8536d
    tx_idx=527   0x7a31b2c16e87b52ff497643ece7aa18396df8d131e3feb73d57e0d5fc806ef21
    tx_idx=528   0x7c3ba4e6fcfaa32551035e702d18273241b6cf6b04b2d04d45d294e6a18f6502
    tx_idx=529   0xf684c587e1439bebaa3fa728ffa5591be8c03c8da5a8ee225a7db6401b8d873c
    tx_idx=530   0x41fef1cd84de8655a7daf3083dd88df931f648fd1526bf6794037fd06ee1ecd8
    tx_idx=531   0xebaaf2875c45bccb6fb57df5c5fe8e53bd2052ca985b228c4aa75c548e822904
    tx_idx=532   0x898043fcab34d0989432cf4279d765ffd650cc600afb04177057632c7cfaa688
    tx_idx=533   0xf8392bd5f389a15a56a01c23f9e6e68e93d99fd32a251678f24ce80358ec35e4
    tx_idx=534   0xe446c8908c68af776b4caadfe6d3c8fd923f857051ec32223767138d82846a32
    tx_idx=535   0xa53ba89e24b70b79f02f507e02ed431c7e35189f17651c594632c2df09b7069f
    tx_idx=536   0x46f2243015071cfae972a65d10dc321ba79db5529101ce103c27a49d1077bd0e
    tx_idx=537   0xd23c6a44d7407c2bff040f0cc2fd76d7819e3a2d28c0de7c17272c6a0b40f602
    tx_idx=538   0x38a639826086e2d98a572e5b65eb0a61876acbdf916cbb00f508fcf97e8ec02a
    tx_idx=539   0xb91b87b8cddad389cf6903331c6586540d179d01d067e2045fd5f33d32676bca
    tx_idx=540   0xc6468b51d0304efb5c19a3df2d7a9017dc5cf7b0b0df9bbce2d59c79ffed791d
    tx_idx=541   0x418b3237729979f8d7ba9524221272a9c4f13be5b17ef9e2156495dd9a15a8ff
    tx_idx=542   0xcea79d86ab7c3ab7a3f26b1209a930d130255a57490c91744ba46fceb8e3bd20
    tx_idx=543   0xa32127f059221c58061220e6a7243afd964787a49c712488006efe07671f99c8
    tx_idx=544   0x8761abfcfbfa98fa27fff3738daa9ef9c78f51e7c8c6aa1488da7ea35c3e0455
    tx_idx=545   0x4589a1353f5a21f0f83bdeae19408f6c6b5a8acb4b9b57516a0743874e43a2cb
    tx_idx=546   0x28c4fa5751d87d8ab71d56126f00b86bb6e15d31cad25570b7d683fc911ac2b3
    tx_idx=547   0x9cda0ea9bd0de16e99c1a34aa25c3cab26b28a0206d7a3dd017a06037d50afe7
    tx_idx=548   0xfa51c4e36c58a30ac824f307e46e51aca316188587e60d6d8bac5477485a3047
    tx_idx=549   0xfa8a4efa4da2d148c186bf01362d1566ff250b3cc19d81b12dd32e5509aab945
    tx_idx=550   0x8f96f02b038b9e6d6fa61c545a121abfe17cbf67b803d88ee9e08069cf2c45c0
    tx_idx=551   0x43fbdfeb7a949a8206193333405f680bff9cbef1f8d07008a12d21d0a4b0ff61
    tx_idx=552   0x23135f1ea5fe23317e27bc2824d0a03806e30915af93a2c1fbdbaf95b72f75b5
    tx_idx=553   0x0bfb60c6701f08766ff9eba86a8d479de4be8e51679d442db2c6dd214dfda42f
    tx_idx=554   0x2a8bd533a467a820efab107b3e8a97ea2978c29ba060450561f0b79722eb1be5
    tx_idx=555   0x6263a05441adbf29b9c5f9680acd0a44d95ebb321b6e37ade5548281f8af0c3c
    tx_idx=556   0xd9561a3f9cb937ec8dd4256a9d02c40f4d5a585700db9e09754aa5126c144e01
    tx_idx=557   0xeeafe6c52b33512e7576988a219f75c38be78be6f122713846e7e2992c98cd9e
    tx_idx=558   0xa1502e52ec0943cbbb29c3ad938541e26a1999c04afc40f8a5b3db48ca54c65e
    tx_idx=559   0xa7992c83ade65460222fb35abfc7ce14036a96ec737fc9b34dc1a9a6e0bf3082
    tx_idx=560   0x0bbee86cef6a8d409ecbfee12f8305e3bb2ff88f46a671ee1174799c48dac11a
    tx_idx=561   0xc908464a4663da57246ca69ad92459765e120adad1d7e8926432f185cd85daaf
    tx_idx=562   0xfed198941b976b904922f31b57199ec3b29401be3a2390799b67075886f6f9ea
    tx_idx=563   0x0fcd76aeee374766b1f3465c64bc1159e05053f102911d2b822e523fb33a42e2
    tx_idx=564   0x9c6ce6a2f4db7877946ef985b1463ff91acbacee51024de868ecaee5015d6745
    tx_idx=565   0x14dfecdd84e97fbb3d8bacc382d37961076c2d5d785202884a197291de41d6ff
    tx_idx=566   0x771f6acb1dac91a2a4222444ec735b903e2fe6455247ec0c62fc1fe9698add8f
    tx_idx=567   0x5b03fa9cc8598d90b5c48994b681da72fcdad34cbb4750ef295a528874be4cd4
    tx_idx=568   0xd7226a2691d83fd9e7ecd9095fce1e0e53428c87ba6ee5b48a571a98a7e00537
    tx_idx=569   0x0febb05f13ba0458e0c771f8cc6865a5643e9626d66eab2cdccd51257927213e
    tx_idx=570   0x083ef57ae950e607e6752ba95d6c74f5d034752a2b42fefec1717d03d027b2f8
    tx_idx=571   0x44c7f70ba71f0bbe78a47e32c7af2a159a1d0bae599260ff2f264259625b8f41
    tx_idx=572   0xa633e8687439cec618caaba244b664c0e462e168eeaa0c0c57609fcd900f1293
    tx_idx=573   0x393a70a51918193edeae04d7c82ced56154842cc39d53d8fbdb0ad9ac48c2853
    tx_idx=574   0x368d4f63d66fe771dcbe6f0f5de152feebccc1c83458dddaf7aa5f1fdf2eb09d
    tx_idx=575   0xd15d95d684dbc1f6a1e3eb3b0ad190a8762f287f67abb0eeeeab86d99dbb3c8f
    tx_idx=576   0x6ee74e6cd96aed0499bf82671a40c5da3187d4b6e68e2c88cfdf860397e543c9
    tx_idx=577   0x7b6cb8e2356c63d0ff6f30a4c98b0169a0c98068a4c59bf3163acd9cdec47138
    tx_idx=578   0xe52c1de45f26c57e93542edbad9e55a752a91c84f90fbd150d6382aad60854aa
    tx_idx=579   0x9d3af482a9f95e1d207576f986457ce9c4d420a781bd4c81842a9f61ac2123c1
    tx_idx=580   0x24c56fa80189480e90a461e87ec9e7bf848ac0415f14021f07fb8fe2dec2dc4e
    tx_idx=581   0xa868ec6234ab0670e3eeba8a5c0f3ecb8738192a173500133c5730065c5eebbe
    tx_idx=582   0x75ce56dcb6a120695c7c5601bc65a2d13f2108944c1c347cc06792e960108a80
    tx_idx=583   0x6367ec128dbb1ef0d8d5b16f5fd433426449eefbd1b0550ce9a0a90ad060185c
    tx_idx=584   0x22351d0c61953bf0d5a1cfb20329ed78f4cf94abe69a6688d788a551fd31b2de
    tx_idx=585   0x4e81621177f2ea4c1c0580e0b96326fc3afaefb72001164f7b297e45ae264673
    tx_idx=586   0x968877593a155d6116f151b8b3794f3068ef9d52a183513ed243808fa58ec495
    tx_idx=587   0xc3b33f700483dba0631838298577511d4f75c9bc596bbe9fd8d748a3776e7fea
    tx_idx=588   0x714050126a284f8369369c3d8529ae0d4d55a50a7b2e60fca032e6cc704604eb
    tx_idx=589   0x8ed8a5beb91689b70e6bf77432f7b2998707a6d3176aee74d6420a98a5a81cad
    tx_idx=590   0x117adf15b60f118428c4c3c1666d4cbdabedbe3b265fb2192d85c2f7b4b22184
    tx_idx=591   0xc59618d2f36a053e06dc16b27e479d1010ad8c5fc8f5a0f138040419539daba5
    tx_idx=592   0xd33cbde79bc02f4075161d7561cd1ec61345b621e315e9f729fb62372c1d8f4b
    tx_idx=593   0xf24917bbfd2637ce857ab0712fbc448154874f1a3eb276315b76af63f846ddf3
    tx_idx=594   0xf98140a8a06726433e4959f8b3fba33141492489fb9893dd57936063e14b95eb
    tx_idx=595   0x8d912b0fa0861d2261264323017828b7097a7269bea7638d49b044928f7cd7f9
    tx_idx=596   0x611387b8f0c9e84c893d2fd39840457d941bed4f5c72299643709b2df5ad2cfa
    tx_idx=597   0x84e994a64e26f41ed29ecadd2a0cf4245382b3cc6269795b931ea78a588acd54
    tx_idx=598   0xe08dfa90f1520e4252735f57c33d8296a2ed26af3d8a7cb3d204fbadbbb21812
    tx_idx=599   0xc76261a6c415b91307e18f1c7270ef5b73f155977799cf527d1e309461667aeb
    tx_idx=600   0xbbf7a8dbaee0df84d5199d45ffe0b9faef720057a297533ad66ee39eb026bbf8
    tx_idx=601   0x75452b5d2cf2cdcd943f996976a4b712fbdd6688521a8c6472d753a6c85b5d7d
    tx_idx=602   0x49b4b26b1b9441cbc99c1de9048c98d0cd5ee72eee223353a8275165e708463d
    tx_idx=603   0x5ef86d30a9124221d385839d5978a3122b7c568f6c96392078641fa56bbc252e
    tx_idx=604   0x696bce9854f58f266a4e07122d432fb0233a9dad02098e249c7b29aca13cec40
    tx_idx=605   0x08698f629b7f3676a86cb22fcaae9503597abcf07a8c02406dd1c4f1e1fa8b66
    tx_idx=606   0x6eb338a965d8fb98b522fff260900300fba4c4e55b5bd0a308e1e3c43b66cd61
    tx_idx=607   0x93b0b6af70018cb6d204ea1d2926f8a601b2284e087832aaceca98249d628d8d
    tx_idx=608   0x7220428a49e7d58a248d6d5cba76789d07ca8e1ad0ee3b9c74915e46cdc3eaaf
    tx_idx=609   0x3acb4ca8af7d149ce5ce1b177a96c0c4ca6db16c7a27874709ffc81e408d9b5b
    tx_idx=610   0x9c1d33ec114b81369917bd8a1e9066a977e54e4557023c82c39cd0844c21fc40
    tx_idx=611   0xd487356c54c991c304cd36325d248cd02ab5826ad18b4477c4c187c590d200dc
    tx_idx=612   0xc2be40cc85405f1900f766feb6186532054b099cb1b95911cf0f52528413865b
    tx_idx=613   0xb0d10529c3bc99badd91460c052c920928d2073f6a1c4668511a04a608196f05
    tx_idx=614   0x902b8c9e847f6e6e6feafd4b3f2151eab999b4cf2810ecb19f3a4a46d689e4ad
    tx_idx=615   0x87dbcd84a27197487f25cf813f91b9068e46f857ec30a692b1cd4ffb4d939f07
    tx_idx=616   0x0fe309ef01c017cf0d35bbf8b59d265e1f33282e8316f3d1fdc8065f3e3105f7
    tx_idx=617   0xdaa2ef16c1efc1ca08b8a1705974bc02488bab7dd4cf5c2a14b8522d74df60b0
    tx_idx=618   0xa9c45fb3fd9369004473cc0d8a01f696ff28bb47ed3b9b98911c0d17ee4c2a12
    tx_idx=619   0xcd4546652456d9ffd8bdf42deb17b72ef23c234fb40976c3d8c974b4945b4ebf
    tx_idx=620   0x9a81c77e617f00cd9a779ad45b53b60f60ba450a88351afb5caa421743ee65eb
    tx_idx=621   0xef7aa286d3f0c88465ee0664b86c7c5b7af9662e4027886b1a0b197e66c47499
    tx_idx=622   0x82933001e432ad1dd6138ca7470734f0b175ae013f91d8baf937ff5d47bf7172
    tx_idx=623   0xace10c3358911d61c37494421198a2922a45072f3aa752e3a5482e4958f5ab55
    tx_idx=624   0x24ad6a0fda1d1745426f5d5225188fbf56435d27ba22c3cefcd2a14eee81fe2a
    tx_idx=625   0xbae5887066da7ed9902923c35d679448487c8cad9bff6500036fc4db9fa25500
    tx_idx=626   0xe17d7b999e5f6cc1535da4ca7d8247cf7cd56b27016cafdda17c3931938ddd15
    tx_idx=627   0x53e4ff38d20ac56687fd9591d634245c2c73b12863bc4a14e202cf743411510c
    tx_idx=628   0x64d4b87492a6b51f0bcb4a5ae35718e3da812bf6a4e49c53a03a3739ca65864e
    tx_idx=629   0xec8626eb28fd4489d88799d050d023035f6194e3ba1f983d77268b1ed94b8ba1
    tx_idx=630   0x4487c2764e6a7062c3e2d46cdfd6b99397d1c881e3ee3a4391a0e6b86330f62f
    tx_idx=631   0x6008100a7778c09591dadec3acf1016ac48f784e18eaa245bcdca7be901d2421
    tx_idx=632   0xdf8329622883678478662ee16a44a6991efbfdd55b05e0980b9bbc5c0b46b321
    tx_idx=633   0x65bc480018137103418ddf8e2668fa741b7f1e90e921fe152673b02a65e17808
    tx_idx=634   0x0b0c7bab85b7e8c24c30df554922ff4759e82d8b1fa2f8e7af096b87feeb0b46
    tx_idx=635   0xa78952a6ad4458fdffcdea5b64439a7b902eb2c8f962563f5a4bc62e33841c74
    tx_idx=636   0x9f622bf5341b31c31ae9c70d3fd1d398eb49d197becc2feeaf1e47e6e9478426
    tx_idx=637   0xac2468f391a3b8de8d694616e769978ad79de3c3f043341ccd9cb32f03561560
    tx_idx=638   0x294f7735444a34142ecf24c6d3d62af6cf2a53cf220cd46340a0c8f81bf02dcd
    tx_idx=639   0x8d9dcd1a4b6332faa9d342fd7e4d467736f3a5ebd24a573da168d334c6f56228
    tx_idx=640   0x61fd9b83e3db54c5ff1f0ba976a6896244b68d5aa0a250cc55f0cd9cc8f3530c
    tx_idx=641   0xa4eb9513b1dc5d3f7971f3136e6d7ac83f9829a37f3a70c91807b33ab912f168
    tx_idx=642   0xe94fad9cb0b6d4cb8cd422c53c38a8cec64071db933b21a1428f8ea25b8daaeb
    tx_idx=643   0xd8a9bd5d50d16aa96d27b64c9faab5d1a3a93c3e468025204cebe2809189ffac
    tx_idx=644   0xd776c0295484abdf7f5beedb3348d9302dd42cf972d987a40dd7a861fcd5b092
    tx_idx=645   0x4c6f51a2e71b023004538ddd48b380874a25afa60f875cf4a8816f7050b4b032
    tx_idx=646   0x15d2f3f2643454c42d286cb16cf6966ee0c4f85c9bab109a722e25097b8ba6ab
    tx_idx=647   0x3c5f435c3f00700377adc9db22f8451fa1d70210f9be960a4505a608e69b449f
    tx_idx=648   0x10032319504343639275a1d8b196f9a200cc403f7abdc0e720e6daf4dd7d3265
    tx_idx=649   0x4bfc2a6a33939c8efba29410e79d625843f099fdd957ecb5431bf50d1c11b438
    tx_idx=650   0x06052da24d25d9a83716f27e7574a6c3d346603287e555cdade9711f94a1220d
    tx_idx=651   0xc377a7a15f509ed3c1f7d10dc1e4cefbf270fc55b3873f4174d8e6fbd307df6b
    tx_idx=652   0x4c251306c45dc1699e9af5de6557c8bae03691fda111181e3adb158fe6d713d4
    tx_idx=653   0x97405f6bdef6febae1ed128cd06b1f40316ea5f23dae2881ab7d82b076b8bec8
BLOCK 25524875  status=OK  canonical=244  stored=244  bc_tx_count=244  canonical_hash=0xf288ceed3170edacac00e6b22165e0f220fe1a8d4926dede1f391d6e0f668a01
BLOCK 25527747  status=ORPHANED_SUPERSET  canonical=575  stored=1237  bc_tx_count=575  orphan_only=662  lost=0
  canonical_hash=0xebc9a3e467c2e78fa4610c3a8f5f51c9f036f7f6eb67e4eefc0397bd5d63a701
  ORPHAN_ONLY_HASHES (662):
    tx_idx=575   0xd3dd7412746468e44624b3ee641eb09d4768e9a7a3ba484e312d4da64f45fada
    tx_idx=576   0xc6e412f8c89df80ddacecf28b7f7c0802828077a5f3b97086d45c67b39d2f68d
    tx_idx=577   0x0fb6157ef445a15ac03c63002af9ca3114f8c8d407457b5369f6dff43ac2f69c
    tx_idx=578   0xa80bebf1df3c444cbc20835dce9dd3631036f66beb104e7ddf119b76132cbac9
    tx_idx=579   0x501a58829e3ae85052071232caed8b05d83a1145697771d16e574e483c1bd144
    tx_idx=580   0x8dc43b710f57ad6ec2ea623c3e69f4d5203c4b9c615dbd5eee8e5a33341836b3
    tx_idx=581   0x173db47f20d19b3661fb3ae3f38f04c72044509328ba5047f4ed6646b858ce80
    tx_idx=582   0x88c6816348ec0c9ce8bfda1a8ebca2111d499740899a98b6e95373b8d345383d
    tx_idx=583   0x844132477e77572e6db7c46bc8a410061060d581b738e9013333813cdb845d9a
    tx_idx=584   0x94ffe6a37ba62318ab92050253a93120d045d15eab4da5f3847e5a070bda8739
    tx_idx=585   0xca6d96376b56070fd52891ac4b9f1e79ef7585ca4e3100a758d7c9ef59a76471
    tx_idx=586   0x366bdd214b82c4d9c894e3f2e9fbd0e276addfb6d9dacb0c003c65da555ce117
    tx_idx=587   0x24cb9bee25b8f78bb271f614e8c1fca7bd9b0c31de5e7deb1dbbb526be856466
    tx_idx=588   0x77edbd81f353338bdbae2edec4a16e38a60c672e9afe835b5a6e134f45740cb9
    tx_idx=589   0x93c800942e734f46d301cda274c947525e87d4d3ce9e30c6b1f5f2fe318b239c
    tx_idx=590   0xa24bc47238aaf70a01769f2fa62fcfb5898bbe8841483fc6685cbebb31ddedbc
    tx_idx=591   0xee10ce3faeb64bdca56bba44a1f4fe47832fba11669744198e68d14d252f6af6
    tx_idx=592   0x94a6a0d5639af6671f9a9c38118251d7110d214ed13b13cd386600fa49054eab
    tx_idx=593   0x6936f49778cb8b6f4b6ac846c2d1219cbe4b1b10da1cd953773cfaf74c060eb0
    tx_idx=594   0xf9be3165bd63c3a31cf7a4791b5f4b48daf18ad059e8016c5d276f4ed120323d
    tx_idx=595   0xf3457df522ff0d585a2e278987cbd6d492afae39733abdb671af701db09a6b46
    tx_idx=596   0xed155725c1dc19511e9ac97810827f7bbe3a37f033d385a2c6afc9e583f85cf7
    tx_idx=597   0x75d96ce9b5b80ca4f4d1ff04a69abd23d2f4045c391b8ebb269c817c44c442c9
    tx_idx=598   0x0bdcc92810a44f25fda3624ea595661f55cf3d0e462f15518fe474e1e0967beb
    tx_idx=599   0x90ae5747978ea42e9ac05330912542c2f1c13516c4b13e2edf6c3bc34b86c65d
    tx_idx=600   0x46ac6be399dcbb3c20c188bb0135dded83144655d000e4857237b6d57840e1a4
    tx_idx=601   0xf72f5573ca7deac4418ac52a26758e01c9dfafb13089a74173cf3598d28fd2c0
    tx_idx=602   0xc55b54550caac20ee2e42a833927f2098d3e72f85fe04f5764fb5d40cbe8880c
    tx_idx=603   0x9be798424ed3678cbb6d5ce66c1a70189c88d99a5bc3e004641b2c4a0347ddf8
    tx_idx=604   0xd56efc5facb1320729537c2913570b5b44f80bb6d90ec6d6305bfc6b72058523
    tx_idx=605   0x15d8b8fa01df5c02b63823f50f10f1ce42140aaa911a0f49609642b4326126a8
    tx_idx=606   0x6543bc48078a646ee5bb2a3375ab6d873bdc77db94154e7ad27effc8c898670e
    tx_idx=607   0x9ab252b5a455951208189f38d35b4810272edc7bbb66ec22615e59276a59938f
    tx_idx=608   0x2040e2dfa038c79ade322464a1bcbabd15f6ccd9e8b277ee5086993a2b687d34
    tx_idx=609   0x6a69c6d7b2fe163757e0bf8e2beec94f6e42bc828c181debc5e64b747fdbfe73
    tx_idx=610   0x0177867072f8ca2354da5b61fd5ba469fcec96c630e9b39903bcb3faad254c09
    tx_idx=611   0xd26373f9ec4a3852c9b6853344568e70b10cdb985ff2427ab2d8f0dd0a34305e
    tx_idx=612   0x0b22e524a35f40336eb42e43fd97670f16e5221f344bee82e0b67514aa87c506
    tx_idx=613   0x92220382016ee25a562db464c9739d53472ddebd492f3fade8b42a1de4a8fab1
    tx_idx=614   0x838c4c257875b074207dd577a36f76a393a7a8c159492a774669f34584688c0e
    tx_idx=615   0xe922138f08624d6cfd68ac42e82c0c1b624e0801f7f2925a565e06fb5df6ab16
    tx_idx=616   0xe714abad6c692cda5de2288510ce2d0c9c3ebdb893447e3c5a7075a3678c85a8
    tx_idx=617   0x1a6e453634267a74acf1cd2cf710fc368211f33d95899162f68cea67fccd0710
    tx_idx=618   0x78ea1d7c20c6d2f64fc119067a3d619416b9c4619d06e20b715ae1b5fe91c3fa
    tx_idx=619   0x5cb73d5e99b1a913c98e0e1d9a00bb5a511472dff0622156a1da4f6ee6185c64
    tx_idx=620   0x89dbce167eee86e75082e2f97e94aecda22d7fc233ed5bda98d49ae07cc6fc35
    tx_idx=621   0xf35c07e37a5d9f9339e6fe7275a912022e055bd4b5f6b0773bb94ce7b144f334
    tx_idx=622   0x70e2948865e3a4f7e21c9da30da740f77451591f1a64d16d8c9415759a74abdd
    tx_idx=623   0x70cd014fdb96a4e1d178989b8322459111d9d5ef8bc4dc95cda95fa70c71693a
    tx_idx=624   0x63b841a8ae5fcc8c5b1abd333c9871f9945dfed6e51139f82167c4f33e66ffa3
    tx_idx=625   0x804b19528943bdfbf5af7f9756501950d2edb6b9a03c16a64293ea5e2e0113e2
    tx_idx=626   0x19884e758e23b141841dd66f116af2c19715a30e14d9ab47a0523a38f631aa0c
    tx_idx=627   0x2b5efc9ac404a483833464728bfddb0db7e8173d8f36a4780452060f2b52f53d
    tx_idx=628   0xf7c7600f1532d2f16524349b2f1d0e086ecf076a68f8b3574b43a535c2624391
    tx_idx=629   0x8598ccbbfada63c8b84dd7463e9d215b4f8c8b438597c1fffea7cf6b710a258f
    tx_idx=630   0x8ac43450425ceadfab7124bbcc6d2b3c482f096a028bc46e91dda982b0ed9f00
    tx_idx=631   0xfe0a40e3cf8e51c942779f4a34068d4526cdb043091a484f728421c214438050
    tx_idx=632   0xc7cb8bc5e88da195ae2b8bd9af251f8293d69a7b9f1683b20369a18c8d67c203
    tx_idx=633   0x26f0cfdfe4fb735af79f31c21284ff1fdfd414d60095300c487d93f410368971
    tx_idx=634   0x339212d0f992e0843b391d0f470728cd5a3a35db6b1559f3195fb1a5b22977fb
    tx_idx=635   0x929fb53d68ba439ddbbb550e6f2b2acb46b6b4e8663980d9e8ae71bb92625eb6
    tx_idx=636   0xbda717a73546004ef4afb0bf7c2a9c28259b0fd9c8c2a35e46ea2a5e67d51b6a
    tx_idx=637   0x7a65fec1fe303588ac4b9ca13d96b6fd3b69c16e6d027b1e599593dc7d58f538
    tx_idx=638   0xec4e9e4c698fafff59fec28bdb44e7203a150fb15b3ef27c64c81bcfd6fe2a7b
    tx_idx=639   0xc4e5b7481a1cf742e6cf4f101f9a64f1a6d38da326ae97da80acbcecdeaae662
    tx_idx=640   0x4bd75d0f840bb4dfb334e8dea651966e2bb32dfa1e1f409ecaabef8d600d7a5f
    tx_idx=641   0xcc676495368fe3b7d44aee94e82a615b4a4c89a7a97fbdb8676480c5811a21a9
    tx_idx=642   0x3d0be59eb5127b698db14bda8ab3dfdacfe298c81eee341371f0655b1f44359e
    tx_idx=643   0xb31be8952cd3c7e8786d79ecd43b9aea2889a4a6fc8aba57ada15355c4b7c2ef
    tx_idx=644   0x8d546cc2b22ce31e1a87116265416804b155b80abdedcecee06a5535d2def6f9
    tx_idx=645   0x1184ded8df2497f3600eb8e13ae8a32a32384363b0b7f6ee98751ed24f00ac1c
    tx_idx=646   0x2ac7a5b64286d25517155da9afd035a298462ae371c3e6a82025053e638daa91
    tx_idx=647   0x794898c78c35b03d3e78465f11a65ee53bd1df2883de4a21f5e3e19d0fa49996
    tx_idx=648   0x486aad5b01f2756ead5b984c1a26466636ceac53d80d175e13a75e90f5a9a67e
    tx_idx=649   0x354382679ecf43310f474fdc6c1766d91f88b682d91ca113ab6cdb9f00bd5294
    tx_idx=650   0xa88f6497334f2b8eea726aa3842a1f124658c44ff29faca031f584a8b5eae32c
    tx_idx=651   0xd9df468a7c134f2bd4baafc08fbb4c954745db7236fd0cec4f64282f40222b45
    tx_idx=652   0x3cb38f4fa35b8f745267e97e34c0603991ce2f68e6031af8df96343d68676130
    tx_idx=653   0x2e5eeeb93e4194f168ef54a492e8c590bfbfad809c310b6f45097929bfce789d
    tx_idx=654   0x071e4e1465bf32da112af2f6e6b8b36e87fe2c1d771e5355ab67b844aeb159d3
    tx_idx=655   0xdeb5be7c748bf508d2ea3bad0c59d0a76a5db92d080406c0854b6d4e383d4ec6
    tx_idx=656   0x5c8dbb50f2b325e2f5baf70949abaead7d2fd147998e1f4b26d99102a6bf1c91
    tx_idx=657   0x97b062e9cfe92ba255c2c7fca4ddd197ca605dd66011f53ace57081e3b0056e3
    tx_idx=658   0xab7f0e538a7e9dd3c83ae2090ccdb829f38be9ad2b2458090fcca726efc545f2
    tx_idx=659   0x3f2dba3f6ab70c7394d0f3c7d81f5072a6c45ee6b3f0b598908e54b2eccef60f
    tx_idx=660   0xa5bdb85f2349f0e05cd8a5b58f6e2ce28f2ae300625955ef82490dd2232e8f13
    tx_idx=661   0x3b1a3294178aa7a1b7d5fe27098aacf5ad58df42d65caef5027612b97ccdc3ed
    tx_idx=662   0x66e60c9a3bcb428504fcde61f9692788ee34d43e2eb2373176682785688db728
    tx_idx=663   0x4db194fda60023fc389db2212ff4308f47576873bab362d6a0abc4c659a3c357
    tx_idx=664   0xb2c133c410cf2d24f99f505159f17a8ee68c848b1045e39f47aaa36fc6307801
    tx_idx=665   0x8d5699979badc73a53a2ec205f137c866ee4378b9c4a00e0cb240e397da83a53
    tx_idx=666   0x01f9959ae3fa4e00bdf2c21fe659dea0c9057b7b67bffb40b567667a23fa869c
    tx_idx=667   0x252a242f8880cac1e0579b6a6b701dc40af9b08e9700a24c4f917997b42fb469
    tx_idx=668   0x7ac2b415288d3a6b8bb640e71da4011aae73a68bb2fcf9f1c8e718e352d650c0
    tx_idx=669   0x6f5d6f9f368696cd6f8041c1b4ff8df0ae98dbab304ab463a22b79888ba04541
    tx_idx=670   0x7ab6a2409a2041da91c51c57c25d5f4c65619e8874368f4f200d174a22e2771c
    tx_idx=671   0x8079b4a6def3106d624268bee44cdbe875498d7633e782933cd19c0f97987353
    tx_idx=672   0x5546d1640c0e28058a462e21e1029d6043553e35a0163f920317815317af9c2b
    tx_idx=673   0xa4dbb7b15f5f118c02d5202ad359297dfbd2b9babc8a482ba1e2b2b77c112ad7
    tx_idx=674   0x408e17c6df060554c6a2ae667807cf0755841003897282de3c742632b06ad078
    tx_idx=675   0x352b7041ec49c0147d1b59b67e898b44469859da136b573ba239640f2da9e878
    tx_idx=676   0xc1041e37e3a9cf304667abb5f2fb79365d48122c8e446dd3d9328b2586dec7cc
    tx_idx=677   0x87884e7b2328016948db1fe509b087d435e37128bfacc765765c14ca92ce6bc5
    tx_idx=678   0xe973de8dd1e3132aab4a5291d157cfd6560576ff302b73f8f27d506d57159537
    tx_idx=679   0x726493e150f54f58e11d7485bf436b6b429fe13341909682f64488709e64b5fd
    tx_idx=680   0xb2a40d996dbb44d18c7e0273cf8da7d6fcb1910b686771c46c5a45f12aa4d16e
    tx_idx=681   0xbcd2744a9f7566fec473ad0e3439c6f8bc46d8b7851971b0e17a9d662c846ff1
    tx_idx=682   0x558d35065856699e4f1056e4423e79bae2ef3cab2b3a1968578b248561294b1b
    tx_idx=683   0xbe10b6da6f7b67892126501d251b96bde30729244f70899732a118dbea928f33
    tx_idx=684   0xeb928ac7b277e4594af5994b814152a9e21fcec8118f266b9baa7c236e4588a3
    tx_idx=685   0x55c4041e5a4bef14b534610be7e3fd81127692af42ed79eb25d2986dc06e2c9a
    tx_idx=686   0x8327956922a9ee7b6178153a2abcb4b26c670d5ffe76ae8aeae48e4218d2a764
    tx_idx=687   0x703b0e5480dc1dd38ae1a48f8333686cfca7299a045a1fb4ab8aba64fe56911d
    tx_idx=688   0xba3dca0e7baa887b80fc65cfa42762e1204d65f72c72a26567351bb0814aa515
    tx_idx=689   0xa412fb151b808187386e6f68109a0d918a911ba59b7d7a0878651a280a975b05
    tx_idx=690   0xf26b7c800d96711867b2de3dd43bcf38593e6486b5fc8239ae76b7a1a29bde86
    tx_idx=691   0xe84498a5e0482aa4e4ca131437b4a0e8af62f86813508abe4f2a2f4b278da3de
    tx_idx=692   0x45309e09c77f05b426861a2c14b98ce2542a760e68ea3f95da42986662bb6024
    tx_idx=693   0x2d5f7bab6df8665094b95f5847b3b4a5473d103e20c87ebb57cc1fd588607732
    tx_idx=694   0xeb8bd31b679242d568da6c6f8678fa0a4300c689d30ce93979cc22dad9b5faa6
    tx_idx=695   0x48bee0e1206859f8dc38a736e6a042e4e9d096006f98448c5952c91d9057fefc
    tx_idx=696   0x9a09b70be0e6e17c9770372f16dd2f7229006d1d0806b3b39bb12286e4a2bbbf
    tx_idx=697   0xc000e5cf4a1c833bdbd7a3bd7c86f4ed06f019068c3cd33bda64f6db08bf2663
    tx_idx=698   0x697c5a75cb9fb48f4316ad5cf4598160155780f6eb400e77cb0d1335667177f0
    tx_idx=699   0xf42a2705ba69855cde17c758f5e3c93df4699ac6c7b2b99c1fd8785bfa8a5663
    tx_idx=700   0xe1a2e37390b3337b54b56a6588dbcde78fa243b00512ee7d99e05d6b5798c49a
    tx_idx=701   0xb13a5ed7f8a70fbe896ce02235488b7d01fc4f9ffa0b72e55612b6539c6c7fcf
    tx_idx=702   0x943bada8b14212ed2f43cbfeb83096831b90ba0bc57baf20bcbc391009fa4f2e
    tx_idx=703   0xdc7bf2d4dbccf007a1717675db1ebba8f010d5e8386459f53f7bb55fe4796162
    tx_idx=704   0x4a757b582912131ee50cec878dcfbe3d52cb096f8df95dd7a240bb71b529e0df
    tx_idx=705   0xbaab477a8df9c1dbd4af14462eff25c92e6f1117817c75f7f6e9e661852c802a
    tx_idx=706   0xa998c3862d1293e7aebcbac6f9d609a34d8a49796c829e6018f663ba7c0054e0
    tx_idx=707   0xaa7a985d8fa27c2ab66b1160002fd8b15b2f1b401edbe96cbe06aeff66815471
    tx_idx=708   0xd27ec033c3a2adb92b6852b76bb3f9f9a8165422541dbf7db84dfd8e647c8334
    tx_idx=709   0x21152a33192bf16ff5d4c8753de1d289ea2da5ae44ad8bfd8a6a7a41a1197ec1
    tx_idx=710   0xf81af915d94fc89f3ef68872a1182c70d0b68d25165172cc797e0c16af988f8f
    tx_idx=711   0x134714611e202e15d3292412dd88e81521e75fbb98bb3207060accc4531c93c4
    tx_idx=712   0x4cc49d5588b9e7ad0bc4049a0530ba692536c6112267a8187258d3f0e732586c
    tx_idx=713   0x3ea49a7eb5b007c3cb270bf202ebb0b2230b3d91345602af9ea11c1d6cae23fd
    tx_idx=714   0x28e1eb0ea0786712023da5330f99c3abbb8c3c70054963455438028eab9e52a9
    tx_idx=715   0x4f48e66d5029805445594f9a1306d5e52b306aaecd0d6e7043ff349c801ce7b0
    tx_idx=716   0xd1a878d978ad0f0083982e7dcf0619c9c3cf837f0753f986a043f36aa6229585
    tx_idx=717   0x4b3fa1c2519efd8f14eaa1c362b80d658ff6c82128434598846b6b4c1437ec60
    tx_idx=718   0xc803fed14fe0bf9f962e80dff527cd3317e8d3191920b841cd23e489c6e3c350
    tx_idx=719   0x8770141aee484b0bf21e11257660c49cf3f867be45a67f946f15d09955158f28
    tx_idx=720   0xec05509d663e449ef39fdb5ebcdd5e6fbd6cb9d1b8bf76ad24ab03fa9cb5e0a7
    tx_idx=721   0x31ce6fc8b438862f28e8a96911587534a8961e1d266ed3170f5ff2f599d19060
    tx_idx=722   0x708a880de32e1c4fa237a991792156c1fd235d6b7848516e2d086b5b56ab601f
    tx_idx=723   0xd7a51492be65f8b1adcf15049c71def1145af44647b8d5d6813bf19d67dd006f
    tx_idx=724   0x9d8b3153ba1d5153779fd52bdf62aa3f18c934a1e6b7972d2138feaac2a0e114
    tx_idx=725   0x89551a60042a4098587689fd44608e956fce3fe0ac249b2ab6daddfa649c0230
    tx_idx=726   0xa98fd9b88075803bf3b8552dc21993c3a87cdd065aa44720c216f448a8e8c54d
    tx_idx=727   0x79c20b0d69163e6b1a1a220b0e778639a2d48b7c6c5f11b7656f60020d8eadcd
    tx_idx=728   0xe319df2ff8652692e40d9ad0dd7c7ab1a246adbe0d3221509afd910e9ee323ec
    tx_idx=729   0x03c0c2c4b259cf796671f81fccda224482c08e4845c9098e0375ce7a1e994f81
    tx_idx=730   0xad2ed3a5c4253bd44adae478ea88e0669febaf03faea6e3c19384afbe2ece626
    tx_idx=731   0x785d2114526fc9d02805d93946fe0c6f95eecc64ddf846f0790e657e5fa6b86e
    tx_idx=732   0x8e1e94a9b01a2f397df84b3955f3053ee4ada573c0e26fc7bc275919b8888fa1
    tx_idx=733   0xac2b120171006eff199cf537cd08f03f8a61eb1c18ce3929ece362da963f6971
    tx_idx=734   0x5941ead8d64052eb59bfba4dcb43f4c31adbc1ab521bfa175297a86701d6d356
    tx_idx=735   0xc69293e7e4d299fd35974f66ac20b417975426553f92916cffaeebfc7e6b6fdf
    tx_idx=736   0x53fe4cba0a7775724028f56f37f04b8bd77b95fb3357c8a146e4996ffe9f22d2
    tx_idx=737   0xbdd4735c7fc1ea30d2167a50e54919ea0730f7e217b7377368be8fc318ebf9bd
    tx_idx=738   0x4cfdf3a78ca41672d23e5825ca77e5d8ea7c25448bfc18d81462d0d9c6a55f18
    tx_idx=739   0x27820dd9d77de2b6c89cbef262ce62fd0da87c1bdc697a151f242f759f9b82a3
    tx_idx=740   0x67f2ea0676d68b7c4bac6ca61ee5b591304727093d919d791701662abbcb7e6b
    tx_idx=741   0xa2ae58929521a4db14762058eaddb7cae573d8dd9019bc2f3ae570bba839b115
    tx_idx=742   0xed2082eaf6900abff837655aa608eab9dcfd1beca6aa61ea27cf146ce3b3b496
    tx_idx=743   0x69a8670c90eefc61b2fce437da3ee8961d1fdc48420101626c2239258402e524
    tx_idx=744   0xa5174418ee30ac2ae2c211b8d8fef1a8667829a724c6a306e70d0500489f71bf
    tx_idx=745   0x13c172a5af50d37613bac2f153e63108eb8ad9dfac320bcf0b894e05dca7da87
    tx_idx=746   0x2307b73169a4ebf2ec84ab5b5a37f63bfafebdda14e3745eef3cef130bfe057e
    tx_idx=747   0x1ff81a0e346adea504fad5adc60f24967bca0d6df8c5dc45d55db4397cf59e03
    tx_idx=748   0x943713cd6aceb3ddf54addf4c131357df347536454a8c54fec9effd6847fa0a2
    tx_idx=749   0x8b10dfd4d4c9c00ad3d877fcbafaf2d5b6f7c865fc15e1a914fcf58adbc2c62b
    tx_idx=750   0xdd724c1279d75a996793fabb06e07e773352f1385df8c14abcc6f15bb15a05c5
    tx_idx=751   0x04a535710f23d439f92c43347d13a1df085f8de60bfc2077e99ee8acbf7ee3af
    tx_idx=752   0x5f5a1c7706640a2b45e46615f0962ab750edf25f58035c9403ab6e8f6bd95ada
    tx_idx=753   0x51904e6be544092e3827ce01c1221e701880250d82c348724d41c265a31d4ce5
    tx_idx=754   0x4c216431a90930286c6138d1cf4bd120c013c6efa479d0bea806f9f642725332
    tx_idx=755   0x5548aa8218899bce0555c3ba1950870fe0d9b02b18ba38a4afb93c1e3c68ffa5
    tx_idx=756   0x99b81fcc901a757353ea2e9866501ffae9a36b12e7c9bb1e25c29ad63e6305bd
    tx_idx=757   0xa4141a009993d66692c0ba5642f93a9b2e1afa2939c35b29cbaf2d2bc452aa27
    tx_idx=758   0x84a509a937f794c0f9a4f3cf05aa00f25d5091d1a38124596f3a0e08a4e6af0d
    tx_idx=759   0xec6f94020ecd9e2d0111f138013131c59140a81d67f3f215f8a03bb0f01217b0
    tx_idx=760   0x7b77556b0b866476e01f1046a9006a8b35afe3e3b75029a6922ff1840011ed1b
    tx_idx=761   0x29129279a30113cc278d2db845a9c99a0e4e2b820536e42a0b6fa9dcf6266469
    tx_idx=762   0xf582c35cb2400e15e9e2bbaf1f0ae80aabcf839af3fe2e8ae69653004c678002
    tx_idx=763   0x6e6179ef8235290d29d6e4b6d64ffadd68dde07200aa96e7b00bfe00ca50129d
    tx_idx=764   0xe99addf57b2380610ed5c8b2a2488675ae2b2ddeaa0ce38b1d8fae32254d8f99
    tx_idx=765   0x34bcb44f9f6577eb053e69ebaf2e66f36d0e2038359ffe5e69639d5ed3a7a374
    tx_idx=766   0x48c40612de30b9bbc94e6f12d0546b437c89e95f0ae97c8c839b03c05c546dfa
    tx_idx=767   0xbec658f118557713e833752e934de3c851c27fce7ceb3b0d087c4af7be0d4959
    tx_idx=768   0x65ae59d1c0c7e8d72ed43542e5ed9fd4df0a465f6853f814f8e3ae2cebe7cec3
    tx_idx=769   0x1e8f919a3f545eae24aaefb9bc910f68a8a8947b4910e8dec9e90dabc50c620c
    tx_idx=770   0xcd6b57c45812a962451a0208431b670d49d65226c034f3cd84028306e6ee4e8a
    tx_idx=771   0x1a69599d564f0b90959d12d61130c08d45158ee70dbe9a51137386d462f3aea2
    tx_idx=772   0xfcf51d27b5c24f0433b46f3e47376d22508bb77554463cec80abae7f54aadd9b
    tx_idx=773   0x1db391887a98ef3a72bcd947620c16f804b98791b49ebaa53ef6dcf2462dfac4
    tx_idx=774   0x06c39bc59e47c72a0ab8dcedc3f08785161e554edd76de47a916fe5108821907
    tx_idx=775   0x279da8f8574bcfc354501d8ee43333dabe8a8b7c66c23798460ff7a6d89aea11
    tx_idx=776   0xdb10527bde65b8c0500027f461a2126f6a884f85d338f51195a94ee604a000dc
    tx_idx=777   0x76ae2e27321325380a949dfdb5153e8e476967fd74a241fd65b54c404a7b9b79
    tx_idx=778   0x6d4b6df2a76cce07a73475e77691e5b5346ca301a794474ad7100b62948b4989
    tx_idx=779   0x1468c040bd05f8227270a1837d1fff6230b42d4f3eea4df981fa2dd4721e12ae
    tx_idx=780   0x726c759a3d6f91ce96fa80a3d821e0e0d6a1541659ec7154fb6cd36e8af3e34c
    tx_idx=781   0xd3924e6b93d58c03d8938ff78316900f52c22b1ca6d75664bda63bff98038cd8
    tx_idx=782   0xb4add58f2f77eb8603d47a01db93d43ccdf0efdfcdcbb30950cb8cb1dc82baa1
    tx_idx=783   0x40bb6ae64cd1c99b6fff7faa116d57cefcf4e72c23a2913c7106718dc75d135f
    tx_idx=784   0x41a4b56f459cd96dd0d994e8d1fb77a3ae7229512dfcbfa25ec64ab5880f6e4b
    tx_idx=785   0xb2591808bdafdeefd1680b7dfe95215159c7c5c75efb76694f3f82c83d606f41
    tx_idx=786   0x0ece7be97847150bbad41f23e0b7f1f41e4908b7734d7ac4b8bf16c6caa4f240
    tx_idx=787   0xe4039852649d4dcf8a59f4c1e1ff1672abbfff1e72b0bc5e9dd2cecfbfd79f5e
    tx_idx=788   0x95f50eb4c07c75c34c303450b80e20fc78b0eeadf342898a2405c3e323921719
    tx_idx=789   0x02f8252a5fdb2f8035c32c70aedb696a0ecb9d0e66d776b2aa2cd97077a0e3fe
    tx_idx=790   0xa8f48df88040642260499d54faaa401a371f1ef3b7b79eba462b35e85278869f
    tx_idx=791   0x87817d148510a45971945a08e2744330899514e7f9f7ecb4b4d5a28018e401d8
    tx_idx=792   0xb47be7582030c2fe0c759addf45cde92be6f72c0e4ed1c5bab776398df03e324
    tx_idx=793   0x3d70cff57c3fa5628d5ec5325a19701f376e48d083fd27fe24337a7b05a6129f
    tx_idx=794   0x655180d167d1135dbcc916c49c1e96a1f57be24bffc88a7786d43ae72ca6fb58
    tx_idx=795   0xc90be3a1122af422afb156a26161f02cf3ad67d735fa9ed741dbe176fde760ff
    tx_idx=796   0x3326467ee8a6a0e693a16cefda00c77e7c4b1361afb480445200d95501b85ce1
    tx_idx=797   0xb6185ad23744ecfd89575edf5906557b2e746cf0f40c2a427f573f20b19261a5
    tx_idx=798   0x0fb2bb546f42519c90ae23211fa92800b95f5dac3970e39d7763aa6a01fa2631
    tx_idx=799   0x0bfca07160ceaf2df37b7d0fee660fb8536e7396720ec42367f5fa6756db45cd
    tx_idx=800   0x2c6265e13b2768b29aabc1f9a92f4552a9845899a266b8ed9649cc1ac09c1917
    tx_idx=801   0x550bf02fa53982ba9f7598c1189cfaa5b3439877a00bea0e93bd186cb58e6f82
    tx_idx=802   0x845904c151e31d19718716ba9d526c22bd664f0c97d4f518d0da17ed949672eb
    tx_idx=803   0xa8eb5b75d89239cbe467304c5923ab1e72f6410e465ede5a8ee539bdc7b25a41
    tx_idx=804   0xf629a21f7689d92959a1db8e2e5223e6874e68a1610c21c8bcacfb498ec8d5f2
    tx_idx=805   0x73c63d3880aeb444fe792929ba849cc04f97a77de8e891cfe7912826c1ec6f40
    tx_idx=806   0x6d7dcaec6d5d5e73de3296922e78fee68c37fa9b3790f7f41447624dde762ccb
    tx_idx=807   0x63dbdb191ef1590b92f22725135aceff2cb9a5e79d5aa6d9dcad76ab51204f64
    tx_idx=808   0x1a6e60959f6b0dfde6aaeecea93bdde33ae1361903bfd00282032e7e46dbf9a9
    tx_idx=809   0x14b9dcfa6f4ce183c6d22ae4f69bf84b87e0511dba038d7821130f7b13b29672
    tx_idx=810   0xf95d61d927d30e34e914839df94622ff47e21bed432ece0c58eb42766ff0893c
    tx_idx=811   0xaa1780554720f15bc109bc46f7e8ae2555e061ddfb954d601c72975b8b1337c3
    tx_idx=812   0x385870e06691d4fd14702bd224407938471d5e7e0bb25d5a076ad13b27779142
    tx_idx=813   0x0d02ba199a5f5b7a09dd719e80a0bfd4bd3dbf270d5daaf6da1e1f9783029f92
    tx_idx=814   0x490414b1c78cec70ca1f54e11262bfda7b740462da3f4928ce0a5ed0a17fc87c
    tx_idx=815   0xd887853273c292f8f513f366b21a1993e1d034d0d00a1a6d6da5789ea8e106ae
    tx_idx=816   0xdcaa56ceafb0a4fbc00d1670626836ce3c3d8b8b07606cde51bb8763b7e657f6
    tx_idx=817   0xf905abc11df251865a9e821ad9043f1aa7577db1fe497e746512c13b280a08c8
    tx_idx=818   0xec9f3b58e8f7e5e361158977ed8ed5e00747de9721888d0df40a3bf1901f92e5
    tx_idx=819   0x7ce9231dacc8bdb12315bb4728a03e368d04e38aae509f2958d8aae77c043f83
    tx_idx=820   0x213c43f7eb7c9fb3eccb99a36f0c59a5e1a25a5918b07d3fdf1e6e8425ac8f55
    tx_idx=821   0xc2a84cd8a2374eff4335e8aede01789141589d2906a547ccd67f87412dab4296
    tx_idx=822   0xbadd685c3b97520654e4739448a823cd347f4de2980f2f5a4b633b15b5e21824
    tx_idx=823   0x6b377b6939fb9e32e51ab21450db3695729d952a6aa6f0a4981dac1570905fb9
    tx_idx=824   0xb8d2b2335f3870469d021a1d6c4b17f56845de18680e25159d972ccc783dc177
    tx_idx=825   0x0198e35e782541dc8e1f67dbc62c3b8b811204262c0328e356fdea345398f5af
    tx_idx=826   0x68c2800a62f1a068d9a11c9ee370e1c51096844ccfcaffe13fa3de2d9b4a0166
    tx_idx=827   0xeece44e636a3bc4589c871d669781a4362f8ae7ecced1485fbcf34f3c6844770
    tx_idx=828   0xa97f72bba919b96ecd048bfda73971ee8e1a3c168436013daadee1cf6f1c8f1e
    tx_idx=829   0x2ead32d515f77d104b610204e9d8624034c5eafb1a9058f84ef36a9c5dc745ce
    tx_idx=830   0x3b7aa3600fd5c2e515621fb937d5b580432184685c305b5df72c05bc2f285d04
    tx_idx=831   0x197ed5590efa14e1972b2770aad89ce50a20f2c058b5440ab29bb1040effcb0c
    tx_idx=832   0xaee328b56c3228a9a60203923ebbdf863b4a09dfd878ae73c87a72bc085bc7ba
    tx_idx=833   0xbb533fe3c03bf0240a0e1ebf0244ce82dacdc7dfbeef23127a1f614d10a5fe6d
    tx_idx=834   0x947d82d5d03ef452431a9eae3855f68a7798b906af4b766cc5a39132ecb167dd
    tx_idx=835   0xe3fb4f788b061b557491d2372e33c4b57aa90f396d29eb054317f3ebc3082391
    tx_idx=836   0x9f727deaeeb1431d76cfcd4dadbda769cd41bfe5444c1b426a1fc1a0f4138c2b
    tx_idx=837   0x0d05d6ce06412d36a44d545349241c739a3eaa9e46ea167b5d70816ad2f3851f
    tx_idx=838   0x3b14638a280ed1a4a7237e917f8a58ff531da1bc71491313f303d202ae318f0e
    tx_idx=839   0xb3353a16dd0dbabad34a5fc24fa957ac84f8671f3315f1af3851e27afef5fb23
    tx_idx=840   0xf39383c4364f8c998f90734f6260e6c8f753c41a68a3218d4f42c823f759d955
    tx_idx=841   0xb0ac216842271384aca2f4205fd61f44ed24fa93946414a44f203babc4bc6db1
    tx_idx=842   0xdcc30df2251604bf1e4c8963707d2b3e759ede4bba37ddc32850e5805269179a
    tx_idx=843   0xea1748ef639286cbbaa345cb7a0702e7b1add92b19a4eadea439c65dcd07b6a2
    tx_idx=844   0xd3034d2fb29799e991a3acf72df93625d2212cc20801b3bd65add236e65937ec
    tx_idx=845   0x8262cd8b436686850cc0ab88960438c07682bad2603d2a943201e1a20f386b2a
    tx_idx=846   0x48707d867c5ea5e840f00812ad00ebed1f7c0d2b760f2218fd4abb22e22c9944
    tx_idx=847   0x1dea5eebc1ac043c778ccb7a389d01d54c414d2e8568950f253e3914be91da84
    tx_idx=848   0xd295fcf8d02604509c1d236368d9ae4745f3ecba8b52e455cf4d17052b630074
    tx_idx=849   0xbcc235506690f0d42ac52e1b78a498539473cf386df4f9bd768cd58cf1dda379
    tx_idx=850   0x3bbe7680f3c20491b78468ad7f1ecdb552bff608a57a830793894bab193096ce
    tx_idx=851   0x80ec2c6ca57daea761f3be5b646535f6f12cb38b4472d417589d74208fc60fc5
    tx_idx=852   0xe19ab6f7760a520d77c2bf39db797e216429e7a67cd814ca52ab3461a97ae411
    tx_idx=853   0x53e28f89488afdde5886efa926b50ba472bca667e46822574861ee0257fc3dd3
    tx_idx=854   0xcb3ce269530d492dce884740852d9a5c83757c174efa528fd529df5cf4f25739
    tx_idx=855   0xa91dcc5ec4fd841a56fb7c40ea7b313c59410fbfef9d98be049ced99b941ad3d
    tx_idx=856   0x3ce19d57299b74aa5efbcacedf2c9513b18ea7bc68af9762cf2943c91b513bf5
    tx_idx=857   0x7fbda5488bf298ad253c53343bf914f216cff0ade208677de7afe2b2cfbb71db
    tx_idx=858   0xf4ab281d66a8a13951ce921a3f73f450ee7dcf698da18adf8f4111a89b5d8c9d
    tx_idx=859   0x7d2557b14521f1b76cb7e67a2823141f0e71f107999833822725b23fde1aef96
    tx_idx=860   0xda8539beecc089fa7d1598bae93ef528fe3e76c7493fdd7edbc95f8e7805b3a3
    tx_idx=861   0x81466101e9a2e8a316c571b3fd00411318a94fb1798568772c4ab4efa9a53309
    tx_idx=862   0xd34d8dc235509ff223c5f4f1af35606a8016598c8c0113dbec928a5e7d075114
    tx_idx=863   0x1579238cc672284676b083f7d159eaaab8b7c6bd7048ee78624fe980872fcfae
    tx_idx=864   0x3546e867f8c9e9739cfc6ada743136d5192cdd108a4d0e41c621d18c94ad4f4b
    tx_idx=865   0xc0b8aea5d9f92ee668e338c7111bb599508e026bd5f64dd9921b3075e8a5d336
    tx_idx=866   0xb1de12e535a7c1703d4bc47530f01f20e3a1f1447d1956e91b75c4ee9e1e502a
    tx_idx=867   0x941d168ab780216ea3028dec4c2adadc70a5cc4be10260fe292b542df2b36412
    tx_idx=868   0x1bc674ccc7c97e4db9f258cec1681f594ae74e0c8b774476de9b3fe1726ea4b9
    tx_idx=869   0xff20d6597dced678798f7d39cd3b9eda92bf86fbceea77d3578fa298dcf06ab6
    tx_idx=870   0xde95ad40618b5006161cf367d4605d7d315693fccf5525c90a819eb76be79f2f
    tx_idx=871   0xbb253902ba1e8bdded4097603536318066fb1166b8e6815e442e9cd68f77a861
    tx_idx=872   0x6823713e5c43d7ebbb54597f1ace925912fe41e038b34d2ebde6d1842940c920
    tx_idx=873   0x6e36d526940fa9994fdea2ec71536f24be154b827ad57b141bc994ed6a3be5eb
    tx_idx=874   0x75a51cfd3dcee4f63c2630e488ccdac8786204ef852f003c0cacd35708be23f5
    tx_idx=875   0xf4f41e1142f3afc667c5e80bea9b00a4eac5c1e53b30a471e7a39d7d6f379500
    tx_idx=876   0x4a1124243a0ce014e17e205f33195bb27790f11bfa33770c39b6003f4ad966c5
    tx_idx=877   0x511b68b60546e856e185620c59b846170dda2d5138394ac0a3f23536a3479706
    tx_idx=878   0x751e2a4aab9b0ecf16944227b88a98c88ed08fc6bf1836c3af31cb86959bda45
    tx_idx=879   0xb6efc450ef5ac91b5c09530510d90bc928cedc5ef948df324efe87bbc6c5b0c9
    tx_idx=880   0x3644598fbec4b703e3508061600b3d68b026049c6612999f706f29cd43aecc1f
    tx_idx=881   0xeabf4b3b5f38ef98660ecd83b470bd40725f0fb1e7a51e8750873592a1fc1f27
    tx_idx=882   0x591eaecd85bb78e27ea3f27dd95814b15735754920d44c4b509cedbb031c6ffd
    tx_idx=883   0x187bcf2a9b4b22e8e90583c8773e3147603ce1ee19be3d01d6433ac505f0b219
    tx_idx=884   0x61aaa4466634e428016981ff162a9a2570a625f97fbc49ad97dd42542727ea4c
    tx_idx=885   0x806f21e97d5b6008e73156ee3f01eedc6261e712c40b2979459e36e13eb3dedf
    tx_idx=886   0x251d152a9eb7f0580065f1a5754dc2b83039e1a4babb13c8303fbbcd68eb22d0
    tx_idx=887   0x0c3dd2e2029f66572052bde9037bffaef08866dd325b0b8fb7c15020dd089834
    tx_idx=888   0x53d1fb021543b31e176f85e076d323b1730df713f5f66d1b338f5f210213b94e
    tx_idx=889   0x16f66a24c201f7fe7ba5b72ac99da91ed2577a690a85bae247b60b0e478edf79
    tx_idx=890   0x4b0b56d4b20466c56fa20f3259c60759ad6fa865408bb4d7bf921d5627651543
    tx_idx=891   0x6cead92a08961de540440ac69ec309f869db7277055620abb44f57dd88070d2b
    tx_idx=892   0x3928c70a2b6ac27f3ca4f10d0441deac489120a8f955451f4d7906111c98971d
    tx_idx=893   0x301e18ec9a0adf92815d03b418474b52c86a95570221ac775edd6ca117410984
    tx_idx=894   0x7dacde5cf87a908aebf6081fa9d6c97dfdb3a653407cc0db4d413d0acd0dd29b
    tx_idx=895   0x91e90eff3265bc6dfa17303a2f20d9c54d73f0893af2dba86102bab326bb87b4
    tx_idx=896   0x69a009dfc0f337887ae7647232ddb3f49d7ae883c892d3bfd732d28c275ede86
    tx_idx=897   0x7fc505a1b4016a997aadddd9eef8d852e01f26cf5b34b1e68b6360e41519753c
    tx_idx=898   0xb32a60817aa40f8dc8ae8211a1ea15b882ed212734220291482cb76aad226cd2
    tx_idx=899   0xf3a4000c635f100de3ba4b54a575db8636642db257a5359caef994fd817e67be
    tx_idx=900   0x334a8a1cdf355a6ac581fd9aeba6a6119a21a3108229d19a0c651319067ce3e8
    tx_idx=901   0x4abcb7180bf5b509bd4f68270ff44c8865a6833bdee8b61b07c92baf786187e7
    tx_idx=902   0x60c613d20fccabb7e1f1edd30fa5ab34b0b6a723f1b949f9aec78752f4e61559
    tx_idx=903   0x49c05f70bf760c1ba0ebb99c68b2674571e4879414b3c3ecfe0725d00eda2a63
    tx_idx=904   0x2d2a7b2afd03fbee96546ac46c8511e4c44954b14b4358b2be32513438dfbc07
    tx_idx=905   0xca018ac8020add3bca6ffd8733b35f5cbab3e7b66486c7940f25c6d2ff9dcb55
    tx_idx=906   0xe14458ed074648738797cb21dea324293c66635f92f6fa0955ca7cc42a194b4e
    tx_idx=907   0xa5d68d048d73ca8c045ee69fdedbc421e4532c460ec3bb06fad56d6fd8c3e188
    tx_idx=908   0x91459c4bb6499378d59b586c63e8746ec805c6ff63df25791b14b9fb6fb9deb6
    tx_idx=909   0xef840f27d6f483b61e2573b2720c0fabd795e67dc337617f5cec1afa12069098
    tx_idx=910   0xc988a968f40e7faf7a8049bd863920323ed9b2b5ea7e6b4af9c047382f12b544
    tx_idx=911   0x6da758b53c4944227673ef530e7651bab87495031013ec937c2babfe845437e8
    tx_idx=912   0x42d1308ceafda28082ec488bd83d94c8420def9361cb2d8e1682af32d73ce6f6
    tx_idx=913   0x369018c2d333353dc04babde0cd5892789a885ede0e4f432710c0095eb3d7d08
    tx_idx=914   0xbe9e6a481a922289c9c7abae242e5f6af0c082e85493f2c6b215c29ee42be381
    tx_idx=915   0xaca508fe9e38dabbe4dd8f54f9746806797b7796af4b1595cd64c53a1805dcd3
    tx_idx=916   0x8c1e09342b912686813894287c05d993120d698558b9a6c690487e3cdcc242ab
    tx_idx=917   0x002fb3f2afc76c305b16190658c13e94a5aeee59e52b0128e9e5b4fd3fa8852a
    tx_idx=918   0xda27f2139ed1f6a1eb99a9afe1af3b61748330ce5944fcb83dd797742c18b240
    tx_idx=919   0x89df0b8686eb77de3b9a9d147ba47b9fe1db4bcc6bb9bd50c0aac16f80df3b07
    tx_idx=920   0xdcdcb4352bf0d0113792197e64560cf4fc0d46cc164d941e4506d9eebf024436
    tx_idx=921   0x081bc5a8a1a6d5f58ef66235d3a9837530198d0e5345426baa78a831ef6bf212
    tx_idx=922   0x9fa7ca6443b1c1c9caeb7149a019bce4844b00f5d6e6020fd24c4ebd12421955
    tx_idx=923   0x7d61b3c0db945c14bf1ee23c93aa6d2a182e8c6c503ae3b3ba14282768a9b2db
    tx_idx=924   0xce06d5a47f703345fc0782f9a28b0b60eb802ff246ccb92234d3b778e57ccd0f
    tx_idx=925   0x5803c261c19e0c5fd6fde66cc35cc079eb18c6b4487896cfca23421a87427369
    tx_idx=926   0xbadc58cf37d48c90f02be0a3468bb3b569fd5a2f4def35c1ccf21150cf65de6c
    tx_idx=927   0x443a406bff6ebd89870060818a34604090d4651f9ecc5e164b4436c7e5d835c4
    tx_idx=928   0xb681ce99b9b45b10468d7dfe798fb01afbeb8d953ff58ab2a6e2595e4488a564
    tx_idx=929   0xe6235f20a16fe2958ea543f484a4f61185140b4f0ebeb1b760ef63d6f64638d0
    tx_idx=930   0xb612c16cf706277f0498a47ba3769dd0208486d2ca28f7e882cd4cecc8e8e627
    tx_idx=931   0x4bb6dfe254a05ee7af4d09de77af675886fded168d0f28d0625a1c65cd15281a
    tx_idx=932   0x84481b97b829b63d1d7bd5b22a95252168f397accf37a3adc837c105953e396c
    tx_idx=933   0x6b2ff6f4094f767a5ce3fe321782a4847ce9f5ad073d8f60cdafe731af4bab1a
    tx_idx=934   0x43616abd05a7749d405241b8985c37f7499400a1b8fb0a6c56a8a8273ba4335b
    tx_idx=935   0x05b59c334d91d19abad25fd5f5a222e85e2de5617c742086a1c9ef9a06e9ed1c
    tx_idx=936   0x7d2946b2e42773c6fc2c808287d3d6368388f4641f1fe8a170318448bc536ff1
    tx_idx=937   0xdade80382a746912ef5d1d418730d49e9ee08c4f7c08c2c72f0823e92b697a42
    tx_idx=938   0x40a8e028d0200d95eda3072b9a3993f695ca7331e09efcc65b9941ad0a4470a4
    tx_idx=939   0xbff5ac21359ec0b36f5e894c88f8493efadcf70031d02591630c9d70c96160de
    tx_idx=940   0xc1494681a8255e25072ce54ee578e664016a0ef34f6daa0bed8c31f5f83d1329
    tx_idx=941   0xb65f26cf3145cbd94dc38ec04538d380f8bb087387b6dba0b00b8a5aca2d33c2
    tx_idx=942   0x72a693dd522b30e257911aac7aa1ad4662baa03b7ac81f0f14095f5d6bf33dd0
    tx_idx=943   0xa2930d5be4e38cf073045b8e6d873d81d0e70d4a71709b613d7578a1c37a1f4c
    tx_idx=944   0x2d75940231dbf13f083bb71bdaa96934f175f564512b426be4790a2249241e9e
    tx_idx=945   0xb885dece672fb468948e16b1256dd4ea54813d673982a4e5154b933bf7bbd49e
    tx_idx=946   0x3346c389a31f476653355989e0845f4364f8c9b1ab4b911b8baa9d16e97af0da
    tx_idx=947   0x047979fc1636e8361d6a22aea21c077aa5557843a08a7933a80803e13799697c
    tx_idx=948   0xd5c255c864ec80320c0d0acca3d0b85760a7c7419910a3c1de8847ffc1b5628e
    tx_idx=949   0x6c701ea1e7c22ce971f37fdabc3d46bdbba39742f8a9dfc17fa6d8be6c30971b
    tx_idx=950   0xfed5e7ab2f245065e62a317af9acdd29a37e33e01eaa0f4fbdfc365a5a79e27b
    tx_idx=951   0xba6979d387d1fe45847fa03097e6e1d6ec0c6bca337703fca120dc59844987f6
    tx_idx=952   0x752c6401f5ade1951204fa984fdd45d58907ec4ba1368c41e4bbf2a8da64b894
    tx_idx=953   0x07cf88ec4726b0ca51ed29c6d6f67cffa777240127b2d9819e3105979f0a2fdb
    tx_idx=954   0x0de13ed743970dbb42b0e87cd601b0dbabc6032e3c773759ffdf3637c8882de0
    tx_idx=955   0x3dc87b31d1c8365fc6fddd59dbbcc579bcc6ca8e2063efd9f5e69c5ab2f6e907
    tx_idx=956   0x0d78006465c91941ed193d51e379c8338bf3f994c14bf36e87d060764e8d5d81
    tx_idx=957   0x70a05b9a767369092652bb81dd7f6cc4cd909073911ce41235e073c66ccc302a
    tx_idx=958   0xfd7b902f07f8e5fe72ed19af40be941ca2a0777ca5599dce288981c45919dbb9
    tx_idx=959   0x80795b2c8b94cea86bcecc060fd3a1791be9364949f38259b79c2bd9ca4f60a9
    tx_idx=960   0xb1703216cb3a41bf7e85913e8fb32c1d5198a43fbe3e2b67304afe431076fd83
    tx_idx=961   0x0a31c5325b16961805b04ca3a432a0390c7ee2bb2fc0c60c09ed9f954ca9e0da
    tx_idx=962   0xb6fe5beace1a14cf1289844a7fe2db6c52f40cecbb34883a3e3b055aa254c8f5
    tx_idx=963   0xad194516989cfacc7eff3a324ad2d29d0f42f1b7d72d37094706aafe4a308ef5
    tx_idx=964   0xc575e985ed65f947347ea9f1649b6f1c8696f4042bdb491ffe817950b29e1a22
    tx_idx=965   0x1e1a0308da050fc38a366c917d7f21cb880819de30eddf449e3d0d695bf2e006
    tx_idx=966   0x07fca8c93e0a280c89483b4d55f494acef27ac98ddb60a2e71bd825fc1489646
    tx_idx=967   0xd7b6d3305ea1ad52f3caea214bafda482f99c7a6c4043d2640bd978bf0697368
    tx_idx=968   0x54b429bd029a8fd26fc9ffcdf35475ec0022cfd1cba529f2c634118d7feaeef6
    tx_idx=969   0x3cb59f91293efa3777432587a0ca0bbc9e30880c1a47662e085b45a2341d2164
    tx_idx=970   0xaaf4c6546ce603f1a0a26215377cb8ce59ba4b884b70c27a81717ee849d52436
    tx_idx=971   0x30b96afd63973f68875f2b08bd49cb3576a03c0121a47f352ffc1bd534368d63
    tx_idx=972   0x1982ae37cbb5c3fb6fb49a1e718d38e9a3468785bf299128ad68e4e7cc095f70
    tx_idx=973   0x84dd71f0a8996f154b6cb71d031cf56d6daeb6850870ca6fc7db05abb201ace3
    tx_idx=974   0x13a9d61e1ada0af6fff1764f2bfa0be318c7594ae48f42238003a995df43343f
    tx_idx=975   0x6762cd8e39b0ffce93cc9a6d530451c018275c5b8f3aefd838a9b24e893ac74f
    tx_idx=976   0xe69ff8d02baa34230058bf4943f5a730922b2e20211ade3317371f34bc0b0ec9
    tx_idx=977   0xcf826bd3ae3e54d98e4a0457afc7c69f14d0c3a39675120b1f41ff5f58fecce6
    tx_idx=978   0xf3830d9ad28b9523d2e9ed191f67058255f13f6d40fbe6de55555a7dcb0c829a
    tx_idx=979   0x6170bb2f4dce2edd6623184ca39bb0d263510aa4846a1c655e46e1f70a995b19
    tx_idx=980   0x74c9ee20c142bf9d1166ae3d7a88cff70116dad5a589ba7f33720f764ac39195
    tx_idx=981   0x1ee2c920a68d1b68fc3d50f3f8a6beaa1c2e04be0f07d6cf7840c263578af950
    tx_idx=982   0x28f82fe62fec7a03141e12c7b13900c74071fbe3309d7e4a6f9cb093a09ff458
    tx_idx=983   0x53d3c9b4ec036fad102b5846ee6bb2ae6be63d4bc1ce2558760e12044d05f3f5
    tx_idx=984   0xf505cce034b6b5a73db80d8f0d8f7061211a9888b28d15ad1bd3c29657eb76fa
    tx_idx=985   0x7548283afa8cfa1bbcc6b8f347cbf12ce0388c43d761de3939230b76e38126c0
    tx_idx=986   0x23a152b25e7fab34fee6ab4660758dbaf5e22f5a27434db8eaf40e190bed2b84
    tx_idx=987   0x323d939081a90df4cf65f0043594ca3ba04e19f755ab0c2db98d7e511151293f
    tx_idx=988   0xe7dce29429120b97840879557691485fab6a60153def16f96ee8aa4b0807119c
    tx_idx=989   0xa38829fcdc964b4516e1edc784e2ad9e6bd9a242baf97ccd99cbfcfaf7db6961
    tx_idx=990   0xdad79edbd4ebc3e28f0a93a5c0e49deecc1835516bec6ffb7066c143d0ccefcd
    tx_idx=991   0x333abd1c8cce27155e5e16b3ff10d28b83417f39d5e2dbc8569eb37f270bfa03
    tx_idx=992   0xb42775f8e8da3dc363e960ad5b0979510069362fc7b44c2dbbaaaa3fc9405840
    tx_idx=993   0x2a37392f8e9e4e8e02d3a9d470d658628e8ee64f9d268f7725c5272d060ad1fe
    tx_idx=994   0xa38711b5e8305310a038cd503f97c9d4347dcbf20bb1d46c001bb7daaac3d3dc
    tx_idx=995   0xd771d28f516db3501a6a6aebb8242c0c191ae988a50ae04e4ebaaa7cc9f50bda
    tx_idx=996   0x1b9e18985085625377ea1c6356f1afa1249f5ac7405e9e2d4297fb9ac430cd20
    tx_idx=997   0xcdc4868319e81b7acd662034dc9a236858dac3cbeb130fd0678bf04f169af1c1
    tx_idx=998   0x61a276c8135058e9ef7a6241ae0c43c5a5df7a34011bf19a5eec4c021afbe66e
    tx_idx=999   0x5968b5c7258f7a4bed3c35cc9162866aa2a1eb58668108977b07cdc642b9b42c
    tx_idx=1000  0xb4e1a2089896dead7055d1656d69c22ee68f0c7d17d6f2d1b39c8955699ee26f
    tx_idx=1001  0x65af72262ed9880211cb7017c0d5bdea8244e53a67fef902f318253edfd7c788
    tx_idx=1002  0x0571f541a1c86a2dbbf711849ce1f4e05248d24af42bcbe236b0e0f1ad0e69d1
    tx_idx=1003  0xc798d0ff95db1d343d25606dda5e915b97ba4a42ceca733c2e97a8298e8b948a
    tx_idx=1004  0xf5d36a75a10aa9dce84bf86eaa12a47a8154def7cb18d93b10ab0d163c3714c1
    tx_idx=1005  0xe5ce944547a13a0819265d2795d7689dcc47f0292cf925e7cdc344bf294240cb
    tx_idx=1006  0x6c44bd34c290337e717f6a695f514bca455656ae6d631d47281362e90229012a
    tx_idx=1007  0xd15d257223d881a894585f73563b631497626a8133d3397d770f5428f92b90d6
    tx_idx=1008  0xeca3cd4dd7081419f7366d49e93dbda4716ea9ec121f24ea651dfa6481f274be
    tx_idx=1009  0x6d19fb9a9d1c664f3d5e790e940c56ce11f36f01c526ebef8f74393cd72f2cb4
    tx_idx=1010  0x9fb8169a0cfdfadbd33a17ddf7e01697ed0e85fdba8214b04bb91b49c5040a0a
    tx_idx=1011  0x58c55c22d96b47a979e1e72f7892fba1e03c2f2952ded5801666720f0ffa2955
    tx_idx=1012  0x32a24bc1ecddb90db89a43df39a5ca9948c8c2aef3f171f82a6413f35eeeeca3
    tx_idx=1013  0xb82701905226892ebe8ba73da43f83ead66197064c60711fb6ae841f1a762047
    tx_idx=1014  0x3e9f521d6e28173f872c7dab336e17e79ace52966b33aec7aa888ea7e586542a
    tx_idx=1015  0x28405ee17e4256e6a1a99295c2e8b69d3b223d35cf09f94e0ac50baef3f1214c
    tx_idx=1016  0xfc2b5551f9e49bbe64319e6bd660e17a89d9dac31f0cd9bf551a3d92333712ea
    tx_idx=1017  0x98f9fed77197bba47ceda268391da013a95b64a02305df014b22e93dd0215a19
    tx_idx=1018  0x9b2a87a410ddbf01350e0dc25f6ba2b643fa09aeba044c19610f8c9a7fa0e817
    tx_idx=1019  0x0e00ff062ef4b4feef0c6339529ca503406e2f48966a857252b603f63571c138
    tx_idx=1020  0x1365f96a1dc50c9ea4024bef8298966c8a8bd653392dd6f74b892b7e22cf08d8
    tx_idx=1021  0x0f73c223b5ab345f3002106177242b348073b7d47e23ed67e6fc271c437265f8
    tx_idx=1022  0x282ef3d05cb885e02af8806d6a67a44311ffd96042a818cae839d2bc7778e428
    tx_idx=1023  0x9b0bb58c7bc45a8966a860e295c3e227d0d9b77b5481ad228fddcb9b5877ae2b
    tx_idx=1024  0xe26935c88f8bb9a765e0023218b28179964f6ebd8dfc01bd777b2f1aab1a9923
    tx_idx=1025  0xd41e731ec4b6f5c974f1b3fa493f9ab0c4a82201adb076f0252e9efa7a62a3f0
    tx_idx=1026  0x351a13510a2ad535ba387fde98e18ec838bc6aa96d5f17867148dc726a47e801
    tx_idx=1027  0x8e8ec46a637149fe6e5b00afeed3286c33cd897154486755b03656f12b781059
    tx_idx=1028  0x1eb5b51df99f38a2a5f63cf23cc10274def4090a1be17cd29db812ba72bf87f1
    tx_idx=1029  0x03573f9b298c809a134391200115e7c3fa4e3078fac4c79ae49434375dea480c
    tx_idx=1030  0xcd18e3d01fd1019cd2b6994a7a5b3b258472977930dc798c79f0453bcb16dc0d
    tx_idx=1031  0x774e3c4399e8c26b84461f43ea7c84e345a26c0588ac95f3486565440639d478
    tx_idx=1032  0x9af729950ceb75b85d58394e8f957def91b841a1b02cd5fd7f71e881c8549ee1
    tx_idx=1033  0x6706112e57d52caef97e30a78a9a0fe1d3d6b533fad1ab5ae74e133a34163668
    tx_idx=1034  0x9a2573ebd3d31190f966a64c4b955829e89a9a055f722e84501bbbd3cd7ea6d4
    tx_idx=1035  0x39f0baa559b7ad9b5b523ce2a36d6ecff5f49ddf28b530db151623c1be6f85d7
    tx_idx=1036  0x9686cd07c4df12de8cb0a8cf19a78ec96ff1007be41b39a9a0e2323b2d365a5e
    tx_idx=1037  0xabd1e81806174eb16a532f8f32ff0d6eff87e4c828698b72f54feffbc235210f
    tx_idx=1038  0xc1d5dba05da0fb1b018e951362b05fdedb9a8f0cf071e215662aae76411c3378
    tx_idx=1039  0xd54e21eb645e3280a330e56256486253dc3a08dc2b71fb94db8a6ed13f212a6e
    tx_idx=1040  0x2bc2d8f2315eea72af80a1bc061c549a0ed718ace450ee6d1edb9acb7de4451a
    tx_idx=1041  0xb0e03a8e661065a7039fd3b86aa1a57f52d480d75dccd34f9c63caca6c6dbcd6
    tx_idx=1042  0x6293d4e51af7151569e6984d15de8636c023ec90f91250b1c1a791180d65d4cc
    tx_idx=1043  0x7acc41ba1a62b97bb8a0c3b815014a3f452ba4e9acc5a4397ba3ad455f7557ea
    tx_idx=1044  0xbe98158a90accc1ac896a05d9715ad847732038705294aefcf9c4db937592f36
    tx_idx=1045  0xb832579d4d93cad38c7661721da834d791dc62e3ed4c1ffe1acd3e03b78e01a9
    tx_idx=1046  0x80bdee552aec3200196180719269c167e2c4b9bdc9908cc34ac32964c68c760a
    tx_idx=1047  0x5235009fac58c1252628b49146c7c2b7047f9772d59167e0ad1b8bb22c3a94a7
    tx_idx=1048  0x7237d1789e2ed90e375881742b09d2bb2525ae8c8f9fded6417dde6d1522e538
    tx_idx=1049  0x01847f9337ff3596520d0d5c499432d830c3b3f6783bd9154e734e97ad5119ad
    tx_idx=1050  0x02d8f8dc41f628248ed1be7969f0949c46a30a149e1124b385af1784f7e293f4
    tx_idx=1051  0x8811d741079cee7deeb4b4a983c3bf2385153a3cb797cf8cac570038f13ce43c
    tx_idx=1052  0x684a01a4c8b4d18266e7c379a87fc12873dc93dc91060b75a2e0bd7b2a771943
    tx_idx=1053  0xcfa7d36dce4409c7ec93b6f4fb31708dfb0675b59eda0d52e55e3c2a9ff71d16
    tx_idx=1054  0x7b6bc32854ed48fdeb43609aeeab501fc7912a7672e2b0c00334e1ae7a6ed70a
    tx_idx=1055  0x5c9f882a325f14fa7556ce9594e3b9927693b96f8350cbcd0583ee1a9083b463
    tx_idx=1056  0xd3176a75d15eeccb3c620e641c123b5a548aa8172cda4d9390127da730eebb94
    tx_idx=1057  0x7cae5d4ccae7fd415b41c38e6a121f47e5103c2714848e8be854e779de869b9e
    tx_idx=1058  0xa17337840961962d2456048bed0608ef03ac27154f0b3a9b655fe08601fea3e6
    tx_idx=1059  0x30659ccb4ef04e0a396c573d11a0661fc2c45ddb2dd82a9bb4a04ecebfa17cd9
    tx_idx=1060  0xd44c6550eba8bf9bf6500ebf344e3e14da3f179ff1e1d15e7f7a3da7d6dd2ea8
    tx_idx=1061  0x34b12812649bba5bdfbad2472e3bda7eff05ae24fab8eb2ce1bf8afab175cb0d
    tx_idx=1062  0xcfc193e8d434225ca01d36cdab18792a319dfc7ffd6fda45f5dac7952df79a7e
    tx_idx=1063  0x35bd2efc14b4901e78c49c49fe06be3798ff7c7ec0910af07c79f9b196c8a045
    tx_idx=1064  0x7de07c07cfa39b498ae0d824668633e334952ac6e5056619b30da0bcea5e7bf1
    tx_idx=1065  0x1415536d0fd241067e5c144db7884f43d306dd2f81f8282edc895e036faf6f1a
    tx_idx=1066  0x8414c634aa0776db74e2afd441656a41d5242c84dc722628d103d8ae0799fceb
    tx_idx=1067  0x451363e3aad4fa4520fcd48b63ac608981e12c62e8152a95d7959828bec14d6a
    tx_idx=1068  0x0993f50a2bca2309a2bf6747a49e5c8ba78fd191548cfa7223259cd0036a4b33
    tx_idx=1069  0x0c0623d4444a3fef5ff0ab893139f170d7ec3d2e9357e552b26ca6a4aed2fa29
    tx_idx=1070  0xa3ce28bb4973643213c3009d52683fd65e5a90f5a6552e9943eb4a2fd9c530a6
    tx_idx=1071  0x2f05892d60740da353656af777ccc9ea57c0933af6ec8e0e7391802599bdf92b
    tx_idx=1072  0xfe63a1041dfde84cd1f2fd6971c940cb85a65108f38cb5583d8a8ccc89f43f1f
    tx_idx=1073  0xc1218755bee132ab4bcd6db7e31c6d689fbc3246fd3a03dcd50257a43f21d727
    tx_idx=1074  0x691cfdaae1960dc19e8273a8767a34ac9824924fc20bc6769ca2892cc153f0a6
    tx_idx=1075  0x865a21df82fd21a9c8ca835ebc81534ba68f24b5f9fe4ed57ad9c82c7364f2ed
    tx_idx=1076  0xa5975abc921576860826cedfec310cd7f030266e29090e6d50edf3dd0dd2ee2d
    tx_idx=1077  0x3094810f7c871f4cd67a48fec719db9667de72b0245c91b193ddd4bd32d9343a
    tx_idx=1078  0xf76d52d5bd18c318b0f5327a3dd0fd7b32bbfda8c65aacb0e733e9a266fd8500
    tx_idx=1079  0x797ec656896b1b64ba583560336f83626b18135ceaaf67a89deeb77f6083be93
    tx_idx=1080  0xc6a08e529ff2d4781ff42dd0311e0cefe0943c37b35fe95aef0294cbc41cefd7
    tx_idx=1081  0x62fba65144ccba954ff4d418a82f3b0d2792d8f4c057c0916974e9ec044fa45b
    tx_idx=1082  0xe6c8cb615174cd137cfba9cf26f7d11f369b9cbfb4b0735938438eeab762374b
    tx_idx=1083  0x6e537f36a1ba7f0a6a5fd41271b3b3c581e9d8598f7bdec59c8761209c1c2c9d
    tx_idx=1084  0xc9b051021d84b5234d0ce3ee458e19d0d00eb59370f66aeab1494248fd031bb4
    tx_idx=1085  0xc08fd6d429ff7686e3d57279a37e240f7db263066b44b933f2ddd6f647c1e954
    tx_idx=1086  0xdc1cb7146fb4ea2185457289d108b45f52ca572194281b4b1daee76992619b46
    tx_idx=1087  0x4a5230283ab3ed5e7c995ee5b13a936e56cc69a3246f7bd0025601522368ba44
    tx_idx=1088  0xf1719f5c903e2b51a9f5ca801e3a8d17f480a93a29e69a920a3daa0c370ca717
    tx_idx=1089  0xa827e0c39678c6e9c4a5f35e26ef7dae75cc691e65a224f6959dde36adde47eb
    tx_idx=1090  0x7b85060fea3a34d9200011b8bd429c468ee015ce3d84e4761ee65a851ef5f949
    tx_idx=1091  0x45e3109ceffbc889f81cdb4ee54a503576f36616984c9a6745f0ef7e38d8ae2d
    tx_idx=1092  0x485fb79dd6b8cc95dd664641b4f6be61aba2cb6781ec6e481d893c7620d1eb9b
    tx_idx=1093  0xa11d83ddbbcf511b822642ba802a6cfc679d7795b8007f719cabff657bdfcb3a
    tx_idx=1094  0xcd2860f81e77680e703e6eedc9690958af0e8d1cbbd811f8450caf5f76dff4db
    tx_idx=1095  0xf6a9bb7da78645226a26ef2363df61f992327595ccf54ec4d936d13650000495
    tx_idx=1096  0x94816c4789c37c06331bb1d7abc03bef29007981c06072613eedd466dea09056
    tx_idx=1097  0x67ae3636fcc019c6974573a668c38e8192d93957c18f8b262b1cab0ab2617891
    tx_idx=1098  0x3d826e5712a37068a95516f0e5446e609b90abc144394ebbdf784edb436c04e6
    tx_idx=1099  0x354b4af1bb14f858b8fcf35dac017037281fb03086f7cee8becb8fe6dd120cef
    tx_idx=1100  0xf8f3652a5fbfc2e3e2ed5dddd90ae667b78f964e0b768764a8acaa7e42117739
    tx_idx=1101  0x5f2a5359c866b1c1230fe656a59f9159e76647c5b142472f4e19aad39addec78
    tx_idx=1102  0x9cb69280bef8ae5604e7d04ac8caedceb67792d5694b74d2d7b21c00713667b1
    tx_idx=1103  0x552e204036688e2d38548b5e8a0729184566ec7f6a0438ce2900d49720370335
    tx_idx=1104  0x731850a141dbfb3743f345ee4194e9212cb8d240ba1e52768ceca86b08598d46
    tx_idx=1105  0xb794eb0591595bbc71956e2a69775a6ef4661de7a6e1f5d97dccf01036df36ff
    tx_idx=1106  0x6d8d51e5acd6f8f9992ddfcef7314dc2a30b8f8d891342c841e4cd4f79d52a31
    tx_idx=1107  0x7bff83a0d2116914c29449a73181a845c8fe80c6d6fda3b75d63998d94e129a4
    tx_idx=1108  0x1f1da258c0561f716d64cfdca6f7d0024683cfa0ffe1562568ddeba83c3e9160
    tx_idx=1109  0x590d214fc2cd4649c66af428528ab741910a093a32ca665724eb7106ff6d7aeb
    tx_idx=1110  0x6a479e2950f16ce1b464d30899378dd3d6f4fafe3cf9e918d4b42a931999bfab
    tx_idx=1111  0x2cd7d41c27d550f6cb058b9c8213f33d676fcb0bc01be2c3a99841d1b3ba33d4
    tx_idx=1112  0x2f43e15d5e9046a4e997665a2e2479a2b866d5cfdb16eb97719797c9acbdcf61
    tx_idx=1113  0xef075a8c3d5964fd06d5bcfdb15503c1b2b2773f2b68e1542d11280794b07be1
    tx_idx=1114  0x444c854057d8a8f9bd6b885f4fe287bee59f79d3af59d34843c59849e95822c5
    tx_idx=1115  0x1883049a02d3bda8464ba923c4b8352a93fa120ea2a687abac143dd4c7ccfa5e
    tx_idx=1116  0xa74d3a28669ff56ffc01a20b4558880925227012dbad5d3dab737a09ec4faf6b
    tx_idx=1117  0x7dbc12ef5c4df955c39ba7a971bb1c9ffbcd1dda78d97d7cc8c595434127b6dd
    tx_idx=1118  0xb512b1c4f9c4d3af5cc520bbc40e0c84c5909f51064e9efd17d0500ac2d69369
    tx_idx=1119  0xdf35754528fc14e4b639c8c0aa3963bb8befebd11e140a2b8c9ba83d6daca1be
    tx_idx=1120  0x830a3b93ac6b9d90818463ecabbad9c84b6998691c6253a8604ec79fb9a47e6e
    tx_idx=1121  0x5b4de26af38e8481032c1b1e4af029e442e29911453e752ac2d8078a0677406a
    tx_idx=1122  0x8f8b9294e02743bbe0c42062195e23afabd1e6fbc1db0014750d3d9a6d85b84e
    tx_idx=1123  0x25155b230ae4d053c3446de47d3e78a185a657a5fe19b1b137f2ccb04c0436b3
    tx_idx=1124  0x5dbd7b5feefd57f4a4db798dbe6e52df376559fcf30ff40eb05d49a1321b3d7f
    tx_idx=1125  0x05be3cce8a9d0c867dcc67916139dbfd90e4831b651b72a7af06c664be688a95
    tx_idx=1126  0xab3a9d75591371ca1331adaa256cfa351dab3926c0fa7b75fa3c17dced5ae230
    tx_idx=1127  0x999b2ff6a2d46fb1529a71b39c112c9d80dec4d6ba32f7bd0b775423412527fb
    tx_idx=1128  0xd213c66d8552b6de406529ef63e782cf09260c2bac68f19967959e1298ffed65
    tx_idx=1129  0xebe676adbb7955d40e1aa56d69c9323a4d878b25406e4a33f9e47f70634cbe73
    tx_idx=1130  0xa795f59950c6f7fc268a10ad643a82b8d740ba85d770832a2be9eba05ba94def
    tx_idx=1131  0xe04f33832da4b4a643e2a432c802ea976bab422075142eadeec04b0149a4372c
    tx_idx=1132  0xfccebd70074d02ac7d3be315b9a4ed5d7d6913bc8079121fa0d2f7c96b4be32c
    tx_idx=1133  0x97dabdaa069fcbabbabe4dde867d42a97ec65233d6c075d7daca6f2f36a402b6
    tx_idx=1134  0x707889dcb6cb47f5a0dd66102cba85cd0a4dbd7dc0d1c5671d011f21973686a5
    tx_idx=1135  0x3f03f320e06619e85b65e84c360a68be75fd7559e166d7b7847cf963e09db00d
    tx_idx=1136  0xb782e8d8b0777ad12efbbb08941dcdfbac70912b1c06df698f1994f62416027d
    tx_idx=1137  0x004f8b9e4caf8d30b249ed2dd6ba7f70d214694f96786fa608f601ce244fe3d6
    tx_idx=1138  0x4db7206ad162d0fb0ae8e828a00a3ddb184a06fe697592ffd9b44a5b78c12844
    tx_idx=1139  0x7c14e81f53d4539d9bc77c15eff70a0a5b1ae5b81ec64801b53c25d76508b61b
    tx_idx=1140  0xa8cbbe4062f103b63341d7c5162da609b23b5be094f155c1006649cf5236ac56
    tx_idx=1141  0x85039fbb22ad051e8460f5f4dfc79c2bfdef2137c85527a2521d1a2c87cd4d71
    tx_idx=1142  0xefc8bdafd54483e65b963a768d886ec7f865c6cefae6dde17b674a983ebf11bb
    tx_idx=1143  0xe542b815e142e8de8474b745753c5dad50657eabf8895da4a3c154848c7515ce
    tx_idx=1144  0xd881c98597a1b67c1b744ccf0e026f17d1956c0e04431234d661ce6110e5af37
    tx_idx=1145  0xb0bce0ca7caa9146a0573c7a495c131c796fbd8f5ff94972b5fd0740029c010d
    tx_idx=1146  0x51c0673e8c6456ec2d7de3561d9d03cacfab2a66ff4d8fe5ba88d61c53343f6c
    tx_idx=1147  0x93595e08da91a661df77cef71b8ddddea584eae015cebb0a141f15a7f4c5adcb
    tx_idx=1148  0x889c7782cf5dd25b36fef179db32b6b254603a757736f58de94910e58c49caa9
    tx_idx=1149  0x68319da3dfd8e533e2b2119733081bee72dd077e1508707edd365c9d3dd5d781
    tx_idx=1150  0x648fd5b524fcc0fd77445383349aef5797b8cc447013db26956149613469145b
    tx_idx=1151  0x55e8231a2f077d93383e4bfcca7e2ea7a06e5f084dc10e38ff75c67e9aa1a92a
    tx_idx=1152  0xc75bbadd9ffed35f378980319e1b579a3e438f5014b26683dd88aab25be274f9
    tx_idx=1153  0x65534579d7e25a4095a6f83610443b243c0d06fb645380ee105a97513192e6f6
    tx_idx=1154  0x0a6837491a3a94bb4b6495ca9dc0506620d2d079aaef0d3afa09422f7e826ac4
    tx_idx=1155  0xad15cc2695c8cbf534322055ef7a72116301f4c93bd07ae031f53745b7b108a7
    tx_idx=1156  0xe9a7bb98b73258407f42188ef25a01513c14b38fc0115c8fe99bcda7880b73e8
    tx_idx=1157  0x70b45d21b532354b98ca7cdb2730b3ea7c44b01e8e3b86b630954297f1ccaea5
    tx_idx=1158  0x7869eabe884fc55c8f39d58e9eb5aea8606dd9c56cede08ae8422440e75aac93
    tx_idx=1159  0xe8d7b10705997a05b32e288ed63d3a39f1712cdb9790260a37d379b99a23f5f0
    tx_idx=1160  0xadea39a4db66ad08a8b7b64365e1495e00912f5d8da1e9c9809ccbdf5c822fa9
    tx_idx=1161  0xb57617e19a7395b35f87fcbb12c3886b013e5961a4b8ab2e5cf55de5a78bfbc7
    tx_idx=1162  0x4339a1185480cd03d960a251e33bfe31e1442680cee355a47fb740565f79affb
    tx_idx=1163  0xc836f964ace008a7ddf62407d2f848a466cbedf1cd08cfa24b27ee5f2cb86e32
    tx_idx=1164  0xb0c597e8e216979266403b9a4c352add026b17534d1fc4d87fb72e5a2ceb076a
    tx_idx=1165  0x083eed180484a834a192db405f364fcd675e5f4669a105b7f12df8e029145a67
    tx_idx=1166  0xdadf725b1095eb80a733305883c0866356ffd1c7148b94ca20e9bc57d7122847
    tx_idx=1167  0x6059b40dc28797fe9a2562fb6282e3ab88f84b72bb0787d8f5bf50786607ee34
    tx_idx=1168  0x4b2cec0517f2595a25bb785220490dbd22fccef822f8cc7b60390a195c79ac05
    tx_idx=1169  0x1b2bd2f4e8c132f202fa47c9a4e7e1c87c6347bb931c63b367b530017ccc7ff1
    tx_idx=1170  0xc561a42758f65493c684ea794844fabeb7c74d71e54b1889fe4fc0468c27c071
    tx_idx=1171  0xe9f642b14666d1db2209de92558b98889c61e2553d42c0f7eeb4e765d981f431
    tx_idx=1172  0x5976547a9cb6831ef8407b925dab4a98f704bf478be713d039616e763777ad40
    tx_idx=1173  0xb2d2560c84fb95d436894fca07f2f7b36597faef0330a08b566079a14fd87a69
    tx_idx=1174  0x5c0b530d0370a3281c3fca95c9a552a61f45c88b94bb5cb623dc27e7f8e251c4
    tx_idx=1175  0x2fca2f3a2dd30ae8fe8f81fa5acc6015e7cfaef707a91dd30cd20a01e18d9cb7
    tx_idx=1176  0x4e38aabaec9516469151e969c17b9053bf89b1fb3de815f7df8cb6bec7235cee
    tx_idx=1177  0x7dfb92ee178eb2f386328ee4e475f77d5e988d961a0f666de0df1560c6e99e52
    tx_idx=1178  0x7ba1c53060cff377e8cd92fc73b7a246ecdcadd0880ab6e2685a30c86b7bbf11
    tx_idx=1179  0x906017d342307e5fca1d012b0033c894199eec84b6ad33bb97777d71794d72de
    tx_idx=1180  0x8b7e84edcfa58de9ade955a2c64d6712e858e4e7dc2b9ab89f5402be349928be
    tx_idx=1181  0xa79ede461c6f54d4d9d71f4f7b893c1cd0522e1328d80d550873094769e08263
    tx_idx=1182  0x9acc8086e2166c75acb292a9d9b9a5f89e5c97c467a8c5ea28aee46f868386ed
    tx_idx=1183  0xbab77f4e4ebd1e9e6ce6ddd6220467e0d9ef0d980bfff2dd80edd1695970c51f
    tx_idx=1184  0xa410cce2c9ba6b703a0dc22003f53ceec3068006f3dfd420a617b5cf791ba356
    tx_idx=1185  0x96d707676a0084d57eb4e1580fa993c4ca9f001b36607bf149071688f2be8c74
    tx_idx=1186  0x917683b4f9d8f5fc3bc186cf339f64d45db127e01340acd7765e057ca3910a78
    tx_idx=1187  0x66faca6023d873850cbc81d921fb10978cdba6f7c679769aada351605fd4ba9a
    tx_idx=1188  0x5e85bc77b742d4113bcba16d557d189a614b87a8b9c09d0a4e60f5edfa4ebfca
    tx_idx=1189  0xff2d76d1578c53d094b7b17dab9a5ef7c913f12cbefebba1e77780619e9d21d4
    tx_idx=1190  0x7804a31078b12916162549fd518aafcc06aa80f0c8bf4406d60af29da1211f72
    tx_idx=1191  0xe95dd8804484049089a9906afa0f1fa55ea14fda1384f56f1f4878b1457ceecf
    tx_idx=1192  0x517dcd10b48e4611b6ad5b7859b58ccea9914c1c896966371f264df3a660dc7d
    tx_idx=1193  0xd7d34c9d4c6c12ad0f66cde957f734a2997fbec928bb997760cf5e67bffd8bc2
    tx_idx=1194  0xb46b504bb95d84774a4acd984570c65ea51aa5c955dfe9075572e546fe7b9f08
    tx_idx=1195  0x07e7086feb1a395077d2974efad44518df54166b2a184b0a7e6cada5ebdf2318
    tx_idx=1196  0x0543194f34fcdbab37ff562ed0b02fbec0e4d926020684050efd869215ed6970
    tx_idx=1197  0xd7cd046616c4f8a724bd796e1b04280181969fd7a4465a878386858b05b3c18f
    tx_idx=1198  0xeba8fda9b16dc009d5b893ce525b088db4b8a73cbe40e837264dd86e9a7ad75f
    tx_idx=1199  0x11c267762ff189275768090cf5f739cb70f18d41d190763e5b2a68cdad69ca11
    tx_idx=1200  0x84e137f9ca1bbef983773362467753abc3d7384b8cfceddfba82aaef295a0e78
    tx_idx=1201  0x334c5f0f4254c861f50f8f3be6cbeabd460aa34165eb8616cf881b595dd30267
    tx_idx=1202  0x910890a4398bc36d4c1af8dd9883d407e0571be1ca3f43b302456e70312d8308
    tx_idx=1203  0x4db567a88e83d57fb54330266d7953a35fd5e743558b98a35d8fa25a95515668
    tx_idx=1204  0x93772611c2027caa7034db4132578cd9cfba5c589d83b9228c5e354c5f9bddb8
    tx_idx=1205  0x0d3764352844a92354bc3f8327aaa5d18cd2bfa08301acc0711d29073207447e
    tx_idx=1206  0xb07d1d2d8dd7eeb9fabe113d2f004dc1c405801e5e2a1714c600aaca687f108a
    tx_idx=1207  0xc0539e23c23cf7e5c74b0d369e1e815d4d7feeb3691a7aa64cf356ecb20d3188
    tx_idx=1208  0xf268c89a0ccbe646ec23bf72358541d1f2a528b45beee01f6929fc52f590222f
    tx_idx=1209  0xcbd5d1fbc0e44f3279ffc212a372f70bad3e2ba3e4680e65eb43d364a8e4d8a2
    tx_idx=1210  0x51fa50e698261b4a54943eb500561f9eec2837f96e86816c92c46dad2b32bfaf
    tx_idx=1211  0x871f2a5e7f2a7913799471c1b9d30ced3838f0458a147d88ca07dcfabdf190ac
    tx_idx=1212  0x4f440a2c5d525520d98bd6b534d010912bf055fe07562d1ea603eb1904d7db88
    tx_idx=1213  0xc863b675a13c0afa519b6f924d88869466f7b7e5643809db44d5dbece5667ac9
    tx_idx=1214  0x0bc74a407fffe701db96709f1635bbf5a86863bef0c00b53eafe45ce9d14a012
    tx_idx=1215  0x7a5d38db938ee883ee0756f9967109e108abe7aa2f297fca63621d25c4a71ec3
    tx_idx=1216  0x096d3b4766e4fb922160909124f6dce2cf8ad2e5b26c808aed04da208074d0ef
    tx_idx=1217  0x4b61ba0d2fb0c5045b8ccf4d3dce78f759a8c501c0b09b4a6264863efc59ed28
    tx_idx=1218  0x5b0c536d4596a78f824c7630769491306fd80b63b6f05817ac684d1e2ea27c6d
    tx_idx=1219  0x9cd1fc9eb3e724cd43d24bad6b2a6ad47542e00e3d2914b475e4d744f15f3c73
    tx_idx=1220  0xbb35be641b6326ac23c3455d2f77e03b99ee8bd528b8c3d52bbe7a390b1c74ee
    tx_idx=1221  0xce7d550dc2d68db8f3ed227dd1d306f094cd06afdf451935212804967eb273e9
    tx_idx=1222  0xd7a48fe990cdd2d586e2bcd7be6dbe31c48a52f079c916da6fd0d6ee513111df
    tx_idx=1223  0xec28f69f8d5e1501774a6b3b6286df872092509cc926b2d51d1cfde78cbc712f
    tx_idx=1224  0xfa4f4ad8b4b8756bce3677fe000ee6662f962cb5fc893120105deb02619d764b
    tx_idx=1225  0x58b51bd3384e59ec9753a1a420b2f5c809ec56b9d76a7298f43e62c1f9c5e394
    tx_idx=1226  0xab35da194a676721f6f7ed4497d53bd32574e3813b22de8e7e5a10dd20dfb22b
    tx_idx=1227  0x2be48a3b92447f96a3cf7a8b9746087a2361dda39dc5423f6c4d5992b3dd79cb
    tx_idx=1228  0xba80b23a594941e2e98b5558ced2c0641bd2dde87bf8d26d1535a01badc9a709
    tx_idx=1229  0xc147a7fa0edac70660ef16ecc17b8b6cfb0c7def99525d54099a536afa1353c9
    tx_idx=1230  0xf0fe63b7b1ce0ca496593f0db8b9c9c232d36a5856c2f922a54a5419eb8e9708
    tx_idx=1231  0x63869f29e2f45029e7450ab3239332e1a09e4bd9bc7d0c1a2e4cbe8e9c8777cb
    tx_idx=1232  0x7170e7adebfedb2856832c5493510fdbbbac6f26091f45a29fcdea739e4526e2
    tx_idx=1233  0xcfabd962009304a2e7843da6f47ff1f02aee8b877cdee740e7e95a3ae914dc09
    tx_idx=1234  0xb3b11a273fd266be9c5343349c65ff57bb165398ffd7187b633edd48c8d7b86b
    tx_idx=1235  0xef4917ffdf7b367850652f2f528707ec0d09a8b37c1e2c127471702d64c974fe
    tx_idx=1236  0xb6ce9645c9bffded362ec887cce22b43501689bdac198491ff216f35841fe054
BLOCK 25528544  status=OK  canonical=365  stored=365  bc_tx_count=365  canonical_hash=0x9b24179f34b0b4d04ab56d291dc9a6c9b7b509ae878dd109cab0c0bc0cf6c46e
BLOCK 25528872  status=ORPHANED_SUPERSET  canonical=411  stored=453  bc_tx_count=411  orphan_only=42  lost=0
  canonical_hash=0x2f21d75bb68de00e1e9f3ff883fa16279eab69e505793320656e045e3efb62cc
  ORPHAN_ONLY_HASHES (42):
    tx_idx=620   0xe3eddc94450932c49129066fb22a7f846d0f0b31fc2f2340e2059fbe8b9975e7
    tx_idx=621   0x9672c436f9e9dde53b2019137be1a0809839edc793b5d8488334fa5cba91505e
    tx_idx=623   0x4429b52cb1185e203efd16708d138a255db96f9a3fd3b84eff2fefa2a57329bb
    tx_idx=624   0xd732941c668c0668807aae83bba9a9e25186fd114e41b86d7f9d6fc8a9d2a9c3
    tx_idx=625   0xe5ce97dce8ba7c23b853cfe73a089b6a0a38b1aacfe0b8f6dae815eefa2fa6e2
    tx_idx=626   0xc32a9fe4e40355eb8c449f31319748286a2dabe49f9e495eb86c8042759fd5e9
    tx_idx=628   0x16076cd515c6ee6a7d3dcacd3104129c926af1c729b7cbdd342a3243724a8ff0
    tx_idx=629   0xbc10e00f4fe24721f9f4afb6dbc784dcb906f31e89c093d3995e0748e9e88511
    tx_idx=638   0x31a7fa4a094d304abe81c7814e808b244bb4d5af9544f251315b8005da4ca648
    tx_idx=639   0x8a9de6bd5ff3485d9d88d4731015e64283c4cda53e5c98420b4a0c5ebcbc9026
    tx_idx=640   0x01b0623fedf184874256ad06515ddbefe588e09995f4978693b4cfb443587991
    tx_idx=643   0xf3c00e375769c976ebcdd2148a5b942343e8cff462cea610142d8ef06d1fb6cd
    tx_idx=644   0x4e493ca229ff83871c6713bd433b9180ed6f84022b0e5d5a83217537dee46096
    tx_idx=648   0xa4d06b9db827361ed273e039cea7c2494a25828a03103a38a18ed8d1f5206533
    tx_idx=654   0x610eedff70e4e842f8f6d9c06ef4219e6971d866457c382f9ff5fb3ed0ac607d
    tx_idx=655   0x974e0d6418d60e13f98d027ed14c7c1504d1b6e35c63077a2798580749c3b8d2
    tx_idx=656   0x50322e74f400735850f2ccc4251ab5b9572d824b99be54a418d40a73dd20882d
    tx_idx=657   0xf33703d763159197a56dbccf982043dcbd0e786db3ebf4765a39accce7fd3aac
    tx_idx=658   0xe341ded937fad164b9ecef188935875137ffbcf02aefda379e3528ed16767396
    tx_idx=659   0xbbba3ccdc961013a0d13d46a3a324f1b775b8e72cf8db5f2463a6ee802a2420e
    tx_idx=660   0xde58a2b27ebc5ec810b15d2f811072071ddfdbafcbb2520038a1abc929b3f469
    tx_idx=661   0x861099b53055af5a2f31fe0f92f447d5041d82e09ef86179ab9984990bd5b944
    tx_idx=662   0x54381efe7c33ac7cf5187b4247672edeb1e9de6c75b658cbd80ed3b8aad4d44b
    tx_idx=663   0x4fdae67955da8049e3db603cf40e2faa0a065ac06d04a47d954c31d0cd0444f0
    tx_idx=664   0x281863501beee47bffedc3bf2d5b9dc427d2c5e44bc8c9e72701c21e9b0fbc73
    tx_idx=665   0x038d82ba1b33b33331bfab4633e7bd9810913a0afb9e788cdfe8a3fc150f2a70
    tx_idx=666   0xb3f2633404ea5035521e84331fab44d0b634ec2e5c317c2e638a92075a325122
    tx_idx=667   0x143de453f8d728fc202580703a860ee937af65f658c443560b330303b140524a
    tx_idx=668   0x051db40d1d3f713761daccb2af16cbc79f2efecf5770de13d73f4377471fc721
    tx_idx=669   0xd21854f364e461b81a518cbb8e05c5fec37c7f4200d2232ed6f7cad50461d001
    tx_idx=670   0xf583c18902218d8b629f3113ae6c753b297fe406ac5c19816900d66cd70a6811
    tx_idx=671   0x89bc8275ca43ad316976b87988570605045e26ea0bb3906f95ddecc3b4985681
    tx_idx=672   0x8359a3130f3c2e11b8af769a38b31845d8eff532d7a2e548c1003fc59d5e81a9
    tx_idx=673   0xb4d58dc3abf94cd7d55915113fb8bec0f3f860e60c165f291c4d3eb4479a1479
    tx_idx=674   0xd83750b5ec4c5f4500f5873a47bbe3aa6e4b172d9d2e1f5216b41805ea395f77
    tx_idx=675   0xae3c3cb86aeee1fa54827b445d533db12bdfc4940ddd75322cbfd168076d791e
    tx_idx=676   0xd99d55ead0f6bf260c17d363f816fbd05504c037a0961ef2fb626c85f985c47b
    tx_idx=677   0x316f1783f0cdc5856258950ac8b68fa735ba83aecc6c4f3db67385a15a3a191c
    tx_idx=678   0x2d45626a9fc89f95b7de01b8a13c9dcfc446588021deb4971bf1565da820ea89
    tx_idx=679   0xf54a66e10395a1048049d1fe09cffe4dba3aaa6ae020d10284f76ae3b8fcecfe
    tx_idx=680   0x844dbcf9be5b9887d50ca788410ce7534aa103767b671c46e338ace4a69c9aae
    tx_idx=681   0x56c7a46102ca0a9e4763e91fa40f1e62c0f690b328e18df247ccdabd6725a253
BLOCK 25528958  status=OK  canonical=578  stored=578  bc_tx_count=578  canonical_hash=0xe190bfa7e0f031b0b880d5084535348971802f0269c67956c25d1ca3eff04dbc
BLOCK 25530585  status=OK  canonical=509  stored=509  bc_tx_count=509  canonical_hash=0xb4f0021b8e5fbc615a4c65e571b165bb52dbb50c1e0468b16a272b21d25896f4
BLOCK 25531362  status=OK  canonical=363  stored=363  bc_tx_count=363  canonical_hash=0xaa70bbd59bd27460cd9c917d8c6a8213970f1ecb524fb29ce8f83ac817ed6520
BLOCK 25531573  status=OK  canonical=358  stored=358  bc_tx_count=358  canonical_hash=0xba56b4a2f5ab62e3d63fe82cc9c5c396794f032913aca868d20787b4bc6cfaf1
BLOCK 25532146  status=OK  canonical=477  stored=477  bc_tx_count=477  canonical_hash=0x2bc5cd168d7c62704d1c0c7854797f2b4ac6002b05c05fb0f6714b79712f58ce
BLOCK 25532708  status=OK  canonical=405  stored=405  bc_tx_count=405  canonical_hash=0xfad0ddcf4ede67a4704f1b3ae92a5cec9fd77547657db346e4b320f178399685
BLOCK 25533448  status=ORPHANED_SUPERSET  canonical=77  stored=519  bc_tx_count=77  orphan_only=442  lost=0
  canonical_hash=0x952fe67bc0870ec72e714d440fabe3f613022fde875cadf0c96b9878de341ecb
  ORPHAN_ONLY_HASHES (442):
    tx_idx=77    0xd10d6908cbfed44cf09821954f2b7ea3fc5fac7e8e9b1946966d8d4dda1dd6e5
    tx_idx=78    0x1f180a69c674130697d56f915066a6ca96e3887f866f7713d5d3ebfa2cf78fb9
    tx_idx=79    0xbb77408c148172a7cb8c3a8cea11a0d68e5a0e5a4fbb99bdd1df2f457703980b
    tx_idx=80    0x529e18fac51c401a501f94b079007f5198008494406595cf41e02fe2f8d91245
    tx_idx=81    0xc862c4a3eb85b16a23e923998d67f074f5b198f2cb1081dde5a813c5e058fe64
    tx_idx=82    0x58cb73ca823400702831a2492b4ae846eb142d46d244e2b3f203a984bcb24428
    tx_idx=83    0x2d3019fa68a74cfccec6811aca1e034309b9939a009d9aa0704cebdbec408f54
    tx_idx=84    0xed093bb2ccf0355e61c9c72186795ae25be767175b500cae45e75ba67f84deb5
    tx_idx=85    0xf14a33b8b37e5f42f433bc3277eb2b9749a5eb085880754548482faff2e59869
    tx_idx=86    0x3bc825fab4395c59e1a77c703bb8fd747f61d801e14fa2554f6d82db77c2df77
    tx_idx=87    0x905f07afe58a8414ad192cd2314ce731ff66c237d7db7aa7948f76850cd94a3e
    tx_idx=88    0x0d96e9bd05da107ac7c3b5e517f8e37164a29b6f31eebcca1e4088e482415ca8
    tx_idx=89    0x0aac39d31f3ffa08d3ea9723f2d4a86f04b5fc3618a8bae01b7152fbf0867012
    tx_idx=90    0xac9e31752ee5fde917302d1d2dbd9929bce92c479da84344758c73f6751b9270
    tx_idx=91    0x516bee4650902fa02ee5f644a0af138b23dcaed071dc08907e4549ba20e0dfba
    tx_idx=92    0x5284dac29c9dbdb240706208757a9761dcf82fc50c7e6693db5962125eb5f060
    tx_idx=93    0xd981bfe22aba4acd0c24aaafe683e2dfb14379c2965a6c56cdb3202b7a283e68
    tx_idx=94    0xf84a81c3f485bc1520f4187ef31e770a972d5e575113fbf2a659ffe7507fedfc
    tx_idx=95    0x2548b3923822ac8703399fbeb649b320bc640b9fe2fc6e6f73e07fd593570e93
    tx_idx=96    0x5180e37a4ef17e2e4c78bc4080a0c7ce95093b4ef5a742f15d07ab3ec9380370
    tx_idx=97    0x33c27befc8653c00382c899c05f23f92034f6a58b21edae45d1ab3db81594ab8
    tx_idx=98    0xa4679ffb84b6aa8eed430a7f06856af2d095f0a8deabb78dc314f686aa98c94a
    tx_idx=99    0xbc426714e6dabb0ce1261e32ade5ed17a84f40f814645762a88f7e1d8493c768
    tx_idx=100   0x59b26524597e7421f0c39628bbac1bb899053c52e7651082265cfa5a5656363d
    tx_idx=101   0x9cbbaaefaa726ba9ab349151b7be2c7de26f666b2cad8c52c0508178d0ace0dc
    tx_idx=102   0x18d32344cc3bbc259836ee018d9920e14ea6536a31ab29769db9df28470914b4
    tx_idx=103   0x032ee200df650c8a028dd09ceb2f92fe6ceceeaf596105ab40d0730ea56b4394
    tx_idx=104   0x8243aa8d77c3ba8e0935543a2081ae31254ba615a03e8ce6dee3bcd1ede4ebd5
    tx_idx=105   0xb4770dbf2a15b937fca17b6083a40c86b85016dd3ee951a2dd9589e57b034963
    tx_idx=106   0xe30833988ae827456a0c3594cc5ac476f51bc6218f420599cc2600c7121e4f9f
    tx_idx=107   0x6ce3721be6ca235c1ac6426ac17ec5227021da1f4098ca1976ef083631f7d5c9
    tx_idx=108   0xd774580d094065690ea6dd4056f2d67fe0384d64fe8e457d99bdef5523138fdc
    tx_idx=109   0x392bd887fb1415c582637b80173e719b89e5a89303d70e95ccb44a83ae3c8b4d
    tx_idx=110   0x00cd72bd4b6724578b05174e0a485254aa302366306d85d0e3f152d6c2cf3e22
    tx_idx=111   0x3da0b0c41c2335b54ea42bdfe0b85af1286a2e18e1c63f9f47a4a12031ac2e83
    tx_idx=112   0x85ab81ccb39166ab6919e1e211b0d456f54faf0798b4f3d4737dc31249948924
    tx_idx=113   0x24adae8309d57104361bd981650a1d4f043d473d5a34ca646d6ec1c91730eec7
    tx_idx=114   0xc52864b4a0cb7a0c82e953b31c527e741e7119a31fe8593da3b6fe5462a61bbc
    tx_idx=115   0x64c3eafb94de50f3a5daefaefca961455ac0305d42247c69c283aa5599ef949d
    tx_idx=116   0x829af59571f26115ee1447d76b5ec50e01c6bad5e9740adff7b482a7972b42a9
    tx_idx=117   0xac4459c904dd23e925fa0d8c6b77c04a878f2bce63ae12382baa5e5156d2ba7e
    tx_idx=118   0x336077b86ce4f1a56a61320d2ca20ca1a1d3621402b15505bfc798611861a05a
    tx_idx=119   0xf6e8a33d2089ebde7ad8028a1bc79775fdec2c43df3e0e7bcfb132d38d227eaa
    tx_idx=120   0x8c27ddc17b82b2f4fcdf8838376e7c9d109914e9615790920c14513a3366b905
    tx_idx=121   0x4b71c75a5b3ee583d07fc4c594525b7b868608867a363316393bc76d8e33e6b6
    tx_idx=122   0xb6ff1a3e1afe0a1b6642b63a98dfbf4782416744b6b85583578fd9dd58c28c77
    tx_idx=123   0xd6d741004d284ee507ae7bc8e71fbf8c8263df8b14545fedabcbe45ab257215f
    tx_idx=124   0x4a57adeffa8b21950731fbd161e6622608db8e6bc277a8a767140619edc5ae91
    tx_idx=125   0xb5f62f1cda8bd0d4563be57f05458c83215bfa6c053cef63af45296b96725c01
    tx_idx=126   0x7d0a348e4fc26202f3b136b38c525782f5d5d0ff524ca77e177e9630e33aaca9
    tx_idx=127   0x8577b6bbf7c476318d526802b253c3b05f0bc7485c20ffc325a8a07d004f14d5
    tx_idx=128   0x6e8a7f1454c5736245918dbcfad96ce7bb8ea776952e915975fe9317ff6b72f8
    tx_idx=129   0x5f567857addc4636b77bab901298c2b21f296726ed65861b880f92ad03a322b1
    tx_idx=130   0xfcda3a80255e40c2d9683201883cb641e5cc7af22cc3310779a778fad021b493
    tx_idx=131   0x5e2186323f356b1e31e3520c9312b9cedc55de8ff475460d31f15cd5a24341dc
    tx_idx=132   0xac5d83e9dcf2113a7558cecccb6e182ec5b6ce380b37f2e4b31458b41891f679
    tx_idx=133   0xff72362c5955c55fd0ba4e95d04fb15b4358c4c7e4610c726ea89dfad1d53180
    tx_idx=134   0x146f8d0ef64e1b9ee34142d2c6e264a17b3a4c40019be6cb6a561c080c4c0c5c
    tx_idx=135   0x848f417fad7d67ae53006560815ee4fd4b6dc1de0d2e315f8d27f41f6e8d0e1e
    tx_idx=136   0x6f760a912f751e2e2935c16d4f81cedb2121ab80b5242f4fb3cc3caf2649dc21
    tx_idx=137   0x3c339b93ad7135fb001d9345efdbacd306c0b9a36694ab417f495cfb3dabf4ff
    tx_idx=138   0x2833b256b184a8f905f72f9b2e5cb95be59334dcc4d74a24c730b82e6df07b8f
    tx_idx=139   0x774d7a05430e31869b4869641887127a42040471c4a36453d840dda6e731c39c
    tx_idx=140   0x9352455573543df41a0c3662495410352a520c7bf38397743ad5ac29bc8125f2
    tx_idx=141   0x5854f1555673e7357385b4c8c5e73a3999c53a91b58994eb7aff7ba554e73d8d
    tx_idx=142   0x78ae2d1066066b9488e58fb5cd91cece8a25cc47700e6f7f3dc3b16787fd9f0b
    tx_idx=143   0xa47ec20d4f3a8b2bdcac0f19f953f3d23be3e2ec1b091581ed15a3e548703408
    tx_idx=144   0x5f28b59675f64217058d9d7206206941836ef9a5dc42884b42563a974e83a859
    tx_idx=145   0x6979b54a1d6a21b071d8aabd4c4fb5ffa14284fb92f890533f19ae8abe033b6f
    tx_idx=146   0x6664c10882301e1bb401f3a9e9308fa1a9aea3e2e7aa29801256d64fdd983fc1
    tx_idx=147   0xe8106a0af15bc814c977838ce3425f0bb4723e152f62aff04446b5c4f9801222
    tx_idx=148   0x5fe235a8875bbee8f342dd4c76973c695890adaca6b5a65cacab3bd7f706038e
    tx_idx=149   0xbdce11200d8aa1c8388f8463052f51f0ccea0af2f258d7bb3562f95ed2405b06
    tx_idx=150   0x47d8630f7e2ab50ab033c2d527286b9dc6af02234605a989aef21a06047f15b5
    tx_idx=151   0xf9eab51bff43a0f1fea9a6eaeb35cd6568504cad3ae83a589a06149d1b646efb
    tx_idx=152   0x8315066551dc2cfdfed53b48252896912b9f5ec469908da6d0282141899de5a5
    tx_idx=153   0x9f0c79d5560810056c67a900e1493be634e43bc33f271b905afecba91dd227db
    tx_idx=154   0x6c324f26f7fc25920988be33be0f8715cefa8b79f83dde26cd973d2f525ce50a
    tx_idx=155   0x1d1cd7f683578064a5d3680d84a34a76058bbebcd6b4e3d263991204ca8080d9
    tx_idx=156   0x0737d7f485dea9d859527f49fc39d36a84c31be754edf2ebdc997ab8c662fee5
    tx_idx=157   0x10cd8fd3446bdfc1fb5c758626fecdb05e2707d29bed31334e38c291d0dcc978
    tx_idx=158   0x4d14800632fbf65a0deca5cbf202f5f68a967391ef39ceca60aea0f93026fd3f
    tx_idx=159   0x93869f84600d4651922763e5bd24f81efc3713ac5c3fff2069bf9229fcbcd811
    tx_idx=160   0xf882fcdada7665c119eb420ab62f3215a103cc0609b21006db1641e0dc5ea47d
    tx_idx=161   0xac7f4a5fcd92cf3cef4732d2cc5f8cfdc3607cb9e59951b857affed6b3d388ed
    tx_idx=162   0x15cb92e4ab5150b300211e522314a3ad430c0e10d32e86f033094ff04567419e
    tx_idx=163   0xd8e8e49e9cd5239465f006a3fd8dafd151659af51b7c1df302eb8deb5f6e4db5
    tx_idx=164   0xe8f460c909c7c1fbcf20535184f76a409f3385217486ff12429b488639a6e436
    tx_idx=165   0x347b9259d53b3c1157eda7494e73dff127250865f683e913984b9386fcf6589e
    tx_idx=166   0xd0c13aada61317c32a2e913dcec4681d485432ba1911769638075dfb4a301c1a
    tx_idx=167   0xc2af2e12ca4fc48245ddb1c7ed7d133d280541bcc30a041e842990b9388e64d8
    tx_idx=168   0x484cc4d9065e9d224eface5ab6642975fc5b507ac7040143b81650833242bad1
    tx_idx=169   0xbbad1845f0cbda8f9a3cdbbb4d123ce67a9b4ee2d750c06fecccab9c79141d47
    tx_idx=170   0xf804244ded10304ed2acec1e475dceeb8e62c4ee1d2058494e470fa2a4fb1340
    tx_idx=171   0xebd72ba12bb6e84228c0c3a07bd5c0ade5f5682c15d0e3f28aae4d79171de2c4
    tx_idx=172   0x1e2912067ff6a07918c3393d4ef6d3fb2475de52b057ae83d6cb541e645b8037
    tx_idx=173   0x8f165061bfb46a2ba69601290522b9b8273a766ce2af53da758aceeac8bbb899
    tx_idx=174   0xe8281401e01606cf4d506f4c99fa175c1b6d1412207a3a6c401b681de1ece407
    tx_idx=175   0x5b3b170e2ddbfd0cf7a45e79079b23a09d65f6744522180cfd13ffa725a8b310
    tx_idx=176   0xcaf0c0272bd4d486e4dd35f2c5d6ec17a21ae4329c2384b2c0b06586abbc03d8
    tx_idx=177   0x4b1d95085ba988c16dc43daa1a447c5fd541990c7d9a8902d01a8005cc32cf1c
    tx_idx=178   0xb1d8ba9a50579c71b592c6eb48798c5ae5ae361f1c3cc70ea5bf3663adba9170
    tx_idx=179   0xdf4ba893ed0be6acd2bf29ee30caf9c6ffbd281d84f5aae132dca96f3307a9aa
    tx_idx=180   0xf6c894823fed0b781661127c53642310219b0487fc85cb5e294edefdd1b2cc0e
    tx_idx=181   0x9683324c478eac94a106ddf3043c6ff5974d1a95f9d87da6c75f3e539c485bf6
    tx_idx=182   0x0ac47ffd73c1b79725b8d34b0e8a5e1160d956afe492895cc63e73595ed6f97a
    tx_idx=183   0x707d52ce93f421b0c19da5786d96a7f23798044325c0020f8c9fa94706608dae
    tx_idx=184   0x173de184ad8f377ebccde48b20abede886c241a56feb075b809aea9f323a1dc5
    tx_idx=185   0x72103190e595b8ac877201349a0bc6b798e67fea00eac31f4cf0984f9fdcfa13
    tx_idx=186   0x5f6088f4465a99db9d66946b79f1c30157ce30cc7d6b4611e2a600a72214f555
    tx_idx=187   0x0d6c6202e7ff0bed0da646acfeefcea921a20134977a67bb1e06991c21c4e501
    tx_idx=188   0xc2da384da7ff15c7ada726c1360e0f2afca12f174000c5dbe9ebdf9135dd9333
    tx_idx=189   0xcf1c0f4f7c78f3e84f94632a7f2510b23d59ca26ccd5a33ec14732893309d8e9
    tx_idx=190   0x9ab6c83df22190397aa168f5f5897591c4f8bdbc6a8de28fa4fdd5b138f6c218
    tx_idx=191   0x246ac690f7fe2e971a60d421118d19dae5449608c828460734c75d65cd0c206b
    tx_idx=192   0x09d0c267b976659d3da533bacf7658f73738ea36f99807e11403bcae9420a0c1
    tx_idx=193   0x066f3449e94b802b0dc5e391f25cb70cb315ad178b5118910e32875992381541
    tx_idx=194   0x8377386ce95c57cfca16031583408983f9f68c78b4e42f90be139d26a9b6f11f
    tx_idx=195   0xdd109f35dfab8b9021a3c8dac8ac7b92b818e78a9600b05bf2164e2324d67ae3
    tx_idx=196   0x1669cef40b1a5acad86f3b123aa244b170401ad3ffb4fc5f64490398a9ef0085
    tx_idx=197   0x9f62aee9671eeafac88ea8a92cd7ddca211e0f8a182569cd5920e6ace194dbf0
    tx_idx=198   0xface1c363f1b200caa6ea1552163a767bacb4693a50245d52cfcbf90a73898c6
    tx_idx=199   0xd0dc5dc63209beb29eb80d6e2056da298814f28568130cebae4c5f4c89576e92
    tx_idx=200   0x1d794a43462d470e1e3fe0d3f0f82540f9acb0ae3346e4a10df29b603b0830eb
    tx_idx=201   0x4fcb2aaa053ac5ee93b62a300ec18a54a03ec192c461784766779de51800d9ef
    tx_idx=202   0x04bca1287ff65ff9c76473859a58565fb3bd73be7da69c826100691f9e243a31
    tx_idx=203   0xc35e1031359972d32888f8f41f07436b8dad213f737ff00fee83328bcbdecf65
    tx_idx=204   0x4baae08ad71f94bea47c25d4eb37408467ab7070debfe8ad7f16fc343f31111e
    tx_idx=205   0x1394c6288d0490158a5bed4b59cdbcfb6f4aaec6be1bfb1f56bc9e785da4ff72
    tx_idx=206   0x5a99a59eb4bb932049eaeea060273544cfdb18c9c999a0d750467e06b8086364
    tx_idx=207   0xe166911599e53ad948b32d9c92733ee4d78bd76e6515645fa69269f63df0bc3b
    tx_idx=208   0x097c2e220b1b00ddfda619a71ace585904868f3126709e6bdd117043ee5d838b
    tx_idx=209   0x86ec9be06b4ca3f4dcd74c0507c85802be896893567a2ace09d67da50c9647c2
    tx_idx=210   0xa7541862d149e5407b9a8863ae4e6ba023d9a4cc1f57b94e4687cfeaebf973d4
    tx_idx=211   0xd3599b7221170f9db8cf24b680b283a159a508aa1408f5712bb0f5c122d911dd
    tx_idx=212   0x761da1eadc6c3df160d5878534dfd6cb2b998d824d835a06cd55a3ad4c758c63
    tx_idx=213   0x9353481ea00c62da0934d92b9dc56096649d028d6f9242883f34e1b2427a10a5
    tx_idx=214   0xc8d4786af6600432ba16e7b8412a7abcfb9af48c6fb807961361334f0005532f
    tx_idx=215   0xf27bc84c0cfb1f968952a1e399357a354dbf7e043dba359f098449eb59d71a1f
    tx_idx=216   0xbc485d0e226abf60ac0f2180c046c1678b4cf8709d544ceb8e35fb0dcef42a09
    tx_idx=217   0x9f58b73d246184b5477be88cbd59c0c818bb24295eb5500a89c77c005f401126
    tx_idx=218   0xab6451f90ee62593f6ae7746787bef50dbd389c7aba4e1c5fe04652aa56474f5
    tx_idx=219   0x9255aad12ce2556d27b829774427e6628520d18b949d16e6309ca79722391d06
    tx_idx=220   0x25970e128820b96690ae9a7847809d4d88f2a4bd6bc013d512a00956aa7fca8d
    tx_idx=221   0x74bacf0a7147c8cbe53ea428914f208d31803ea9ddedd3d61d0a626628412c07
    tx_idx=222   0x065552391e7b91f623b23bec817824f23f3ccc8c4008cc1af4ae357926590657
    tx_idx=223   0x84d26440ee7f221bb08eda3a93e7dbb4cacf615bcabb1a5707b008caa491a774
    tx_idx=224   0xc7c7e3a609dd948e55f93ad5e0f32bbca8d1a41816d2ac26b2b058934a26177f
    tx_idx=225   0x672976dcd4ec7cb4f068897a7b64c8655233dec531375fdb97b009c8e75c0e5c
    tx_idx=226   0x2a9c56107e39ecaa59d64a0bda41345946498cd8fce6cfe118da545b8fe6b228
    tx_idx=227   0xe4e367e29c034368f6e052eb89995d7c5e46a3e5e78628c30fb158ec10367424
    tx_idx=228   0xc199300d9e94e6301e047234a29b9dd15c9b097d7869b8937beff6d7bfc82728
    tx_idx=229   0x5665f0d6c07ffce48dfd2b0669db2fd96be77e2abb184ffdf1a766506c2c269c
    tx_idx=230   0x0cfdd3c8ac36ea6b4e55390f59f037d3555efd7110bdc1a632452f0411bdc521
    tx_idx=231   0xcbb774fed25b93dccaf732d07ccaf5c369c64bd2b563244fa8de9417820bc13c
    tx_idx=232   0x69744db86bfe63d388445280f44108633a946f41339d01b854c420ef6a3350d3
    tx_idx=233   0x623dbccd602b26635db5966ba884026ce824f29a701364c8cdf7207fd76b99d5
    tx_idx=234   0x759be5fc072041d01a3e11cfd666a77eb0b023beb370631e4eff1765613c355c
    tx_idx=235   0x92bc057b73534fcff2378adafd64f5e51fc0a7e760a6591d1be90a0c8c5e9c6e
    tx_idx=236   0xe1e982c72aa05c126e381c10e68d38d3d1602feaf416bbfe1bc4cbc4be30bba1
    tx_idx=237   0x1d786576f1d3ce289d42c529aeb62a4fd3b4c9a8e4aedfaeb7a0d7c245b5f268
    tx_idx=238   0x8e89b04803feff3279ba66418989a795219b98871b29eb31ae0c1af7c7e3d34b
    tx_idx=239   0x7f2c8fc6a13dcd48979dd819b5abff0df90ac70624d4894eb4c8a4ee4a4b131e
    tx_idx=240   0x214b8ce260b1c8834344a1ead432a4382b50b86649ab8071be34c41a4a8e5ef6
    tx_idx=241   0xc7c9182942b812fff282dac169b39d3d34c6a1b53af90ea0ae334b1b603b227e
    tx_idx=242   0xa7ceefcf1a158b43dfe05ae4646a68e174ac645e7ee2a349731bb4141271dfba
    tx_idx=243   0x9c3a5c4ef1cb7108bcf99b2db2856e0f2170279784389f31054cc259cfa6c730
    tx_idx=244   0x84ceee8b11cda4412e038b9b92b113178e8a0ec41bfae6226183e308c6368fed
    tx_idx=245   0x77e27b3eefe760953d3b7e928e0a7b172e9841661c32a0c59f9e81212340ac53
    tx_idx=246   0xe0df71a33eccafc854ccd7872f65c2ca26a3f43d0331d603f664378fe15eef4a
    tx_idx=247   0x5f9053c79baee5e928de2d0cc17e729d87fff856e06353d0d22f934bad3717d7
    tx_idx=248   0x49dfa52a37f6da730cb25bc521c38c5fb855336c20e8894b252224624eadc272
    tx_idx=249   0x40621625d7161db50be2e3935ecf7ddb61608ec17521819644772d2ce6747599
    tx_idx=250   0xd079efde0d8a77485b8b53fa2776960ae5f0c62f919241e6c126b275db76e679
    tx_idx=251   0x39590ef351f9ed399bd087ce85c48c0272a3ed331ff06d7731133c6d6f9e5e8d
    tx_idx=252   0xc7a06c1f7956275729bda473a42c6e0817360bba614b3c3bc21cabdce26f131d
    tx_idx=253   0x444596f801b00fa3763ee5b73066aef694551475dd37e13607215149c7c25aba
    tx_idx=254   0xa1ae1b5d5696bd686c87e41d904bf071edd48e75539c03aa8ed5fdc8074d1a8b
    tx_idx=255   0x4b59e9b419d918db9667cd4bdc3b4a8097daeb73997a58e28ab7909a56dfca8f
    tx_idx=256   0xe3bd517f707c7edeedf008e6d46a724f801bb9b1ae3c661b53eff1fd6dde8b0f
    tx_idx=257   0x5bf63e91fd2e7dd99173eab0dc52fe604c83f2d70b80e016d1ef90f3a002b41c
    tx_idx=258   0x942a605497e59d5c72aa70a82df379f11196b7fb04ac204e0f6371c03a0769d6
    tx_idx=259   0x6eab0eaa0912ac247c84b37911ff699df9ab33aec6c25a7a516f6a75e70774c3
    tx_idx=260   0xac60d6dea7ecae2aee835334d6b1d4fb9f6ed6f414add5f89f789a3421e50ac3
    tx_idx=261   0xa28884e21e1e5fc62e718d5f87255a3ea058f999ad2deee8c25f8607c435f576
    tx_idx=262   0x44a62be0c7001345cf4a52e1828210c5cd7ccfeddfe6322300e6fe96411ae6c2
    tx_idx=263   0x943c6deeba9ec2af7b5ed9673c7145fb98c20f77218e390e8d41d7d719fb9cb4
    tx_idx=264   0xa638f71a4a149d6397d6ce8d1a46f6de7f5a9b7fb0ae5aee1dd715c10d96da9a
    tx_idx=265   0xe0b484b8a6a279cd2dd24bdbd79be576f714de02108daea7a1df2aa2a8be45a5
    tx_idx=266   0x7809c786789b8381d9981e9c4c139ff27153d8781e983d0b13f5a2eb90c8d72a
    tx_idx=267   0x534ecca1a4fe7cedadd70c4c3ee2d0872485c16b48a2d20cb14768da127710a1
    tx_idx=268   0x55bb9cc1c37be3fd63a1e2b56f4565090f3984c4e5c8119149b208ff7a6dac6c
    tx_idx=269   0xcfd9e17478bb979590ea1cb5fa482e60b0eb5cf2af642370c20fa654276cc73c
    tx_idx=270   0xc18af88167aaf87d9e4ab0fe0fea24fb13ca46cb0d5e72a2d80ca8835789024c
    tx_idx=271   0xa9c2582c9874256f13637da469d3e5558c26b8b92a79397069c2e4c076ea464f
    tx_idx=272   0xfa764ab52f95c5314fdff25ae895e8267cd948e5a97a6c8835e19f8936e55c64
    tx_idx=273   0x71a254841bd19f497d3c3f0a5afd0ba4c162fbe6ddc7e7d4ce8d43ac562144bc
    tx_idx=274   0xdd89cb60e0161c63a1c5a1b22b4fd1816b84f50e9f954da6b7d999fed3e71bc7
    tx_idx=275   0xec7332b07ccf26bd5a6ded4089ae208353cc124c56b3d29d26518df2d7367b64
    tx_idx=276   0x529a8a3dc71a079f0229a0471191f5c870fc15e06506fd412388b62b9fb1a996
    tx_idx=277   0xd1429a0b3bba8a6f0607085420aa8788d4f2bf82fc9639d8c086574506936968
    tx_idx=278   0x908d26f7e9b47d918444c280a1ba08a7e71c05a5fd616a153fd21ee2fb0d2d85
    tx_idx=279   0x3d300b4a23732e34887e926a6aaf79300a0999b8d610e20c7cf1b3ef78874bca
    tx_idx=280   0x43cc32fa9dff38a2678352eea75211a434561b89b94538d5300813234a02b66f
    tx_idx=281   0xbc4d61d39b5774049ee683ed846373deb30acfdf5bf0bc58b50406ae0b198439
    tx_idx=282   0xed5ffbceed2b37437c50289586b3f55b0b3839f5470f6dfeb588bb64d123fc83
    tx_idx=283   0x28465c4962525a25c363d20eede6faa5e30ec212d8d6024374e1009b23df9d65
    tx_idx=284   0xf88ee4dc94c9ef9d6f72188c33cbc13700424c2ad04d81f906fc48dd6c76ced1
    tx_idx=285   0x96b7dd3184ff420551f8d3470a3a9697cf1b6f20f8331bacf575d193f3170830
    tx_idx=286   0x6d73ae73baa705367ec1a5c091a48835fc1894d2097ef5abb7cbf96153e4b4a7
    tx_idx=287   0x68cb9be2f04228d34b7f781c0a9bcdac4e34b12924a69acd59c8318e11ab6f1c
    tx_idx=288   0x92f834b7108f1a0a340d010a26d00240384555e78642460dcd477f1e4728a0bb
    tx_idx=289   0xccc2126eb6632f4cab617e28988b27d0fb148efa4de139eff7d115d6b114b130
    tx_idx=290   0xfbf403b3bac14229edac4ef30a0906206013cd914ba1a0de59be83863cf010f1
    tx_idx=291   0xc1ab9014d75db6e1606944e7494fd4b18cf5cf3ffc7b79ba4394e67d04bf1b1a
    tx_idx=292   0xfa519ab3f3a8c153eec5e3064aacb020b0083d7c8492b50bc3feff5ad6f4eb83
    tx_idx=293   0x93df457bd1e978adb4d87589787afee34fae19d7b1d28193eca14a9ac4f145c2
    tx_idx=294   0x6bd32420272b1983a28babbe5f272d42b7e95fba3508e3c1a6e853e4c4645d47
    tx_idx=295   0xb6d01c04c50d1a087a0c5bc3aa7006d4d8b450ea9c5b55956b1d794a128c561d
    tx_idx=296   0x97bb10d85f5c53bba746008e7034bf55a5d277a82b2c0c17b61fc5ffe71cdd49
    tx_idx=297   0x4611b8fbefeedbcbba22fbaf52b40363359d95c9934785b63db6455c4b95fc93
    tx_idx=298   0x53f7f5e5629d8fb53d24cd3508c0f7b4c3c8e993d5ae76c573ca321c975246cf
    tx_idx=299   0x0414a66835f6a628f2c2a60885641bf547bf71f40715076ed9d8bf288bcd9572
    tx_idx=300   0x1cfbf9b2a4664f7431c851d596514b76644060b609f18a057f4767f128cf1fbe
    tx_idx=301   0x5ec86c8e5dfd263793645562381f894b3de49bc233900a58a4c7114efbdb8ab5
    tx_idx=302   0x42cdd96efae4cfc2d82099c511043edd3e39607d95cfc40f80908c39c723bf88
    tx_idx=303   0x7845d349b89df5fcc27f0e772454938adb4ddface5d5f3fc6c89a9cfe8e273c3
    tx_idx=304   0xf0dcd3341b5d7e5aa958f7508de2c001ee5aea1592ab9b7357f5e8115f59a029
    tx_idx=305   0x5eb86570bf63f9cdd95accba830a06ea034a2410906c5ae33bf7460c3344cbe2
    tx_idx=306   0xb8be57413e1a383b1c69915353dfb1d5f1372cba08a88445db4120f3342781b9
    tx_idx=307   0xcc493966427ce5cbb541b6b651ef6f4345b1f350efdf5c1af852ceca44010b5e
    tx_idx=308   0xe7bcb58504f5d27d9aa53997e6b961fa1f8ee0a605d19ea7a02a768b54104555
    tx_idx=309   0x535f480ff48bcf7bc259e89dcbe934cf6b83c942c547245e7f500cadfdee445d
    tx_idx=310   0x992eaf63a1fa58916fef46ce1b386f32481a5101dec80ce1d5877c94a86f13a3
    tx_idx=311   0xcab69680a4ffb05bf1ad338455b772b8e94f2e92dd2103390c794e0dc072ad33
    tx_idx=312   0xc69c303630c4aaef0ce127ad0f2736c4bc0f8b4dd31c412436fe0acf811f4107
    tx_idx=313   0xb12b39d61e52db8b105c90d1be9b2b1e060fcb172adea79ce86944ad5f672507
    tx_idx=314   0xc6cb5fc62cab5f72131968417c5c3510cb76c4c80a15403ded5359f31db15fcd
    tx_idx=315   0xa4e5e96e9f3c023e22b21872fae817d2205165e02042772dc91533a7a001e57c
    tx_idx=316   0x77cd202459a784eb3ef804cc8a621e9a9b31093393c17cde55698fa2ae8c47b0
    tx_idx=317   0x3898a3b5362eb70538751a4934e98c748528fbdc0b0e856fc65eae206257f888
    tx_idx=318   0x65035ec73f35a94f97f36fa6dc75d79231e945349a8d90a79d27c6ca02986cfc
    tx_idx=319   0x41a2ec180619ee9a616bb640857bb778831bb994a0b3d5da9caf9fc85685ed88
    tx_idx=320   0xc485c42691d7f1caa3460c2ec50c70b374057417c3466d91e6b3fbb22aba7cd7
    tx_idx=321   0x97db812dcd2e935c4fdf668dd5f8f4175e6a42d60854f9ea6fc9a40dd2e3317f
    tx_idx=322   0xe5fff2abe6cd8ac25b76a1bd483cc8ab4c369899d38fb7c712244b7100ba7370
    tx_idx=323   0x362249fc16c985d8e2d67168fc2e5a592aa16ac2eda0478c5d5c6ca493512dcc
    tx_idx=324   0x18ff0c4265148571d29a19021ad20b709313edc0e5a998eb4ae6d2c412182b98
    tx_idx=325   0xb89b41eeb72a3f82fcd41f079713d796372fb86c36ef39a4d41467a1eee0b3dd
    tx_idx=326   0x2b4dd3e2d28eb3b46f495a07f7fed85eae4051ea82ee7e8d4ea083fa975b766a
    tx_idx=327   0x75b40d4f416a426b533f6fdd90887f123a17ef71ae58855e86f6851a7625478d
    tx_idx=328   0xc2f5153daf3817ea9da327fbe36cdfd579bf602f03d39aeb54cd95264d5c71ac
    tx_idx=329   0xe97cc561fd420ae4328e045911d4631edd4cc3f033b9bbeecd16b1421f26f901
    tx_idx=330   0xfa08b449513e957cad60484adf26e774bb1f80a07d3005b630c7ac0b48343426
    tx_idx=331   0x03e62d07c4f8f31effebdab7c53a91cceb74d72db0ae1fbd4d7a9099eabea7d9
    tx_idx=332   0x9a23d567fa4071c876be13c53520a8ae6df44946d9b7f18ec5cedb5d1dc7a96a
    tx_idx=333   0xadddfc0d1ed569803290650dd97aa3f5a2b3ed299080e4ac51aead5d7a036e2b
    tx_idx=334   0xb053019f9414b02b4264597677885792dca107a4566a486499705f5c4c48c73c
    tx_idx=335   0xe9a81f298f0124ea583817a188ace3c4088d096651c55332ec9d062f307f3b40
    tx_idx=336   0xdf44acaae340b7b2db663511929f5dcbc5e98a6407e6a25872d0f24d617650d2
    tx_idx=337   0x355a95e262d8c524257d817c6c4749085c7954c4b102f53f7e40748928b5e270
    tx_idx=338   0xa29ae52075e7cb4fda443dfedc94fc3a30acab3cb53cbdc3fe052ffdd2c719d3
    tx_idx=339   0x8a957fdee25185d51bda65245a6e270ba1ae44dfc535a4541fa2547cac6306b2
    tx_idx=340   0x607eae81276679ca69685db2ba58425bb33473b68e5c65b04c06aeeeb8842307
    tx_idx=341   0x96e3f3814348775361a8bfe4d77875631f9efdfbce5cc0f342988406209433b8
    tx_idx=342   0xba10c015ff6edb4ce0178777c0b087491194cefcf1264685f6e720849aec010e
    tx_idx=343   0x740b98dd01a60dca01aa7f774c6ea8369ee84ee7bb7a5655ab8869600d96896f
    tx_idx=344   0x711dccd450d18bb0e6eff2734656ee3679feeedd8d2ac2010c920b1a7d9c6cac
    tx_idx=345   0xe376b1228f3f16aa152ab16f575dbbbf068fe0c35935aeef5d863c5e021e533f
    tx_idx=346   0xef4d36facd76f7e01ccc9e1205ea6113e4831e7b87567c9ecbee492eeb131761
    tx_idx=347   0xf29797f88b70e051a44477eac0a8e1ab259d329213b2859040130f390b87c940
    tx_idx=348   0xb9fb5aa088c1f161930a27071e4e2728f0d68043f4e0c8403c0863005875b96a
    tx_idx=349   0xef899953d29277a4ce0d099ce1c573bbb0e0f807821ff5b562638fc9f20dbcad
    tx_idx=350   0x0913849ac7b9aa08754c7bc213f91b7175e5eb9b4c0951bfae859785f6d39df8
    tx_idx=351   0x5292c79f4837894fca7f3d26ce2d8447eece8f4f4dd7f2dd3d163d4b43fb835f
    tx_idx=352   0x4daca3cd94afc1a64c6c1419d0e3afebfe0012efcd27d4a4d908c9757b6c2b35
    tx_idx=353   0x10b905c674bf0d63c43ea135e51185241517733b550727326ccde034b636a54a
    tx_idx=354   0x0d2f88396ec9d58e86e31c6d272d91320585ff2d25ac03ef563370f0625bbb7b
    tx_idx=355   0x666e2ac130b8536bfe8f195ee21dbf8763d8937cf6c60dec919fc1e96b84366b
    tx_idx=356   0xbd018f9bea96e47c9c0b04c244fdfc89ca758f71f26c7cdb93b59e7a2be3e016
    tx_idx=357   0xf1499925666ad8f2185d40ae491262ac695b77d2d70958633c509e559509de4b
    tx_idx=358   0x275b0e547bd9c3c6ab2f8e37e5dd87c03c2c10a35d279e504adc208ccdf6444d
    tx_idx=359   0x45f1c0ba4704517d96d6b787ea86bfbc24287b736b16722b96d46065c0863557
    tx_idx=360   0x4ca792927acea0558dfd6fe7026a634520ea5aa73ab66dab18eb2264256dd911
    tx_idx=361   0x081b74de70b24afbad6347db2607020b22d3d0e65075a296516cbc2cf40200fc
    tx_idx=362   0x5debb5be31fffadf9fd95965723b5b1cf29bb67e4cfdb0ad675cea1c7f0b819f
    tx_idx=363   0xeb22127ca1f23cf39c0d0543c6b84cc10c706deb95176a1f45fa65a10a888483
    tx_idx=364   0xc182d17503b5a4617c5b6338f5a8e6e7391f577aa71fe95c268e318f04bcb4b2
    tx_idx=365   0x2aad0e2d58bd6645c195078fa28a2988dd2dce108890345d6f3ce4fad5324461
    tx_idx=366   0x76263f7b612cdf660f1d5b448b73425e017f9546295af709e3e2b102297774e7
    tx_idx=367   0xa3767fe01da336d9c57a058d7ae9e69bf5692180c3d218cd71201ecdf1c8ecd9
    tx_idx=368   0xb0a61467ee819a42574fe51112ba93750cf97b34cdc84495f81ad5ac67c00d81
    tx_idx=369   0x5e93a9803af328a3d414fe756792d13e91343fa0d8a3dc94fa609822338b0aad
    tx_idx=370   0x5a6761ee8e654a507afbd6c6cefd12d2494212647e404d684b48039c526abdac
    tx_idx=371   0x45d0f4bf6caa19e871ddc1a957a63611952f4d6dfc29532b4ee3ad93288a3de7
    tx_idx=372   0x1ec045e5abd29ef9a771a6f2a8909a615bdaa95d3d45b67c4daef2876042a4b3
    tx_idx=373   0x9387a3dcf33caba5da746b50a05c639f7dba66a3e1fd47d808c302ec32651d08
    tx_idx=374   0x28c3062072c923d7ba6f9105ac26bb77a00759d8acece006d5e259e2443f88ec
    tx_idx=375   0xd75e108eb468fdfad25a71af84f87708619c6f26915f03a2008ebc854951133e
    tx_idx=376   0xf51c94aeec3335faabd9ae2b5a79d4933d62864c01ce66fe0b5e340866e5be71
    tx_idx=377   0xa25f8064be36c6e6ce073d8cd5a543af5067d8297eb3edd2add4e63d81b489f1
    tx_idx=378   0x71559397c6bbed5948cae41ba69e1e694caf0a4a31740aa1dfcd5f79a5d88838
    tx_idx=379   0xe1a9b724af44c12574a5f633999c3340946826ccc97e57edefa6604a96097702
    tx_idx=380   0x5b5514e31b8616ba5e8ea8e7aca12135807b86bcede76a212ddb3f952e6ab4ec
    tx_idx=381   0xd952f5d09b477ca7ca614036b0f72493df8095e3471e4ce24e4500c755c0fc21
    tx_idx=382   0x1d5682f4193705a59b8b822eff14bece63c1617154e8f9aa11fcf98514250183
    tx_idx=383   0xda7d707f8f6073e0c604e1c58137059dddb9924da78ddf65430f839e7fa1ed5f
    tx_idx=384   0x42dd515366e86ce08f16a9b7a3672054d66c9648e5e74692b2ad031b759f4938
    tx_idx=385   0x0cb6fdcdf087bb994b1d028734c3bda3fd02bfe808c4cf6bd44056f4a94ad75f
    tx_idx=386   0x43618b938630fb5b821aabb5c77afcbc0d71a82cc2ad5336c3daa91c7067d187
    tx_idx=387   0x7d9c96c73e6ed4f6b7eca3fc04ecc8fe049a03f7fc22f36be3c93860086d7893
    tx_idx=388   0xdeb676c4a3df0aeba9cf7d543c1241ad311567010eaaf07dc043ee585c7646e5
    tx_idx=389   0x8bf565c139f1a000d057af0a36fa2a191deff73954b87c3382d33b14433a98cc
    tx_idx=390   0xff0ba309c69521087adcc1201dc73777f497cddf0803405d3725d9e2b4598896
    tx_idx=391   0xff1cd35fdb7d638c0448c7218cba787890f42a44dd8c78f1f0509cf306662d15
    tx_idx=392   0x7d8d37d7d9f9ea42f88c60c81c5e4112680027f80de6ef0c486164c3e700c5b6
    tx_idx=393   0x79267a864a64837755ec02cb08f2d5908ad38a6d7366a9d024039ff2b0aae9e2
    tx_idx=394   0x71a334e17287930ef0ac7a37093cfd50f472ff32d8d3ec1f174422e3bb626f62
    tx_idx=395   0x1a62ad9069c70864f142df9e55908d495b375acdd757f537c77a1990b2f43f0a
    tx_idx=396   0x366b342d20ab435ef72b71806964ce3f3cc4dee4f1f603a0ada731c628605d7d
    tx_idx=397   0x93460e1c97abdc90ca808f728f7db321da7044d96e79787a50fe9c26eeed8c90
    tx_idx=398   0x2b2343bd27ddc0436cf91724f2c504eaaf12b6fb31637222cb749a4d02909641
    tx_idx=399   0x9244d378ce190155bdb55691cb1519f19185120a8c4c0474b50eb0849cdb0755
    tx_idx=400   0xd6cd8ddb5c174843c7dafd1a12e6442fee94cf38f94eff81fa73e21775e50469
    tx_idx=401   0xb244b9ec24213aa110e9d8d85b35c09b6a974f79c927d3e39c9821e206825ce7
    tx_idx=402   0xa58e67b8e11dab66aef3b657b70871e0115827a469cbd54d8f8eecfe68214933
    tx_idx=403   0xf01d92999f9f6e89be81d032a7c50ba83a2afa806c6e1af2525435e74678b817
    tx_idx=404   0x5e4a24985782aaeb96612b87be2735c0c0f230d3a884fb676eef63965ec31625
    tx_idx=405   0x69d81996d9a0c6f8b91d2fa56b8dc2f241c1323f0b8b02fd844dce94434335e8
    tx_idx=406   0x97855ece22aa313a8a89f09125b078ec5a7edc9b8c58db8ef9c45d2825879255
    tx_idx=407   0xee7f9e755783b7914d788680f83c5e968c8b5ea8a1ee9e5e7b8fc9e6d100871e
    tx_idx=408   0xadb68b8cf14021ab48ea2b8a448afef2a1e724c37b3a1c3a05db3cd49cfc84ca
    tx_idx=409   0x4d81162a9757774d3556ce0d29c7439e22232356684c4d34036acd56da65807d
    tx_idx=410   0x847aa3098e5cfd6afe6377b72a9f5366bd3523c596c6cc199e31fd5f2510a8e8
    tx_idx=411   0xa9332da7b46aa5c910e11c376baadc619990963cd8e4e4c177b1b30a3823339a
    tx_idx=412   0xfc9b671a300f6d3bd70716c1a9591148e0d5f99d8372bf60ca3d43522cc0e1d7
    tx_idx=413   0x26edb6b495a5cba9d1ffc99320951558de5bf79ad61d56a56fb8596aab1c206d
    tx_idx=414   0xfd918a345d3616bd17867545fc5be9e51d3a67ce48a9834eac3dda3f3501920c
    tx_idx=415   0xa324cc26cf6f06adf682036148be7660905c683ca9500671b6e9a7ad4a921406
    tx_idx=416   0x0d1bfd49d9e1e3ac007739692205f808e86b83eafc85d5db05957538f24d80f7
    tx_idx=417   0xfce026ae4faccb8be3be316075132806629f64837881bcc5afdf947a67206960
    tx_idx=418   0x7db16a5edad19ef6c2aeb803bcf154ba1d17364419461f6e2e565293ae1b3b85
    tx_idx=419   0x34b021488250b850f80ff297e88a6495a2fa6a8a46e844dab2cb16291838462f
    tx_idx=420   0xea31d7c711dfb3d45b9dffb8f2cf85109238225ad07e7db3317b2fe4963decc0
    tx_idx=421   0x277bca9b9556f997d421b6e75d4605a911995a2149eba04afb1615c1a26ede59
    tx_idx=422   0x384f9eddf46e039af9240d3ff31dfbad890e938bc071dd2562c81c5535688deb
    tx_idx=423   0x3ca3abc9eeb58b9fbd81fdcb1e0011b2891a7380296d8bbb33c456852ae0a119
    tx_idx=424   0x9fe7fa40033621dada5793dd25adc52eaa28839b0b11e01de048f2b2d91f3431
    tx_idx=425   0x3fa0b4255919c09c1acfe549393b086a95f89e1cd7f6186ea6606e1d8995a65a
    tx_idx=426   0x0793e91951ababb9daeb1ca7443c6300ec72761fe5c8647b9302ce4d9ccd70a4
    tx_idx=427   0x845f29a7b62a7c68dc2db3a41e8e76261d570401a2f8a1d3b1e1b8b2e4379721
    tx_idx=428   0xa8564a7040af2dcb055038cf9376b8722ca592e2cca6ece7edcb433269c8bb6b
    tx_idx=429   0x259be4c0108010d785b45782eaac6c6b2011bda3b79cd07a9becbf09c02d7858
    tx_idx=430   0x9d31ec0c8b58afe71f8bdb0129c48a297b9931543d33c367cafb88fa3ab401da
    tx_idx=431   0x8b3be40ded5631803ee5fd9089edaea26216b8690c52173f2519ad9ebec2bcdc
    tx_idx=432   0xc6cad41a850e56980452411cbb477abd3c2e88fbfed063fea0ff813aee657290
    tx_idx=433   0x959bd51d010e645823c74ecd992eb1750294aa14c72d1ce6d433518e9abfbc97
    tx_idx=434   0x0bcda9ca44358b1fe54f8757d43ad68190bc84bd3d2645497cba60213660258c
    tx_idx=435   0x942751cedebc8536edbea922f3136fd9443448d3daa383a66cfab050ac3b24bf
    tx_idx=436   0xe614b0d55dff9c7eae4d3f3b9cb9553665a59bfc9ccbc0a0f12b8346663c1ec0
    tx_idx=437   0x1ebf23a5540e3a9d881695c50d893973d019c856ea1982bdc25293ca1428b896
    tx_idx=438   0x4d478d88fc897390281a22bbb4843330064501eca1440148fe8120bda3f6e76c
    tx_idx=439   0x5fcb5ec62a32d96bed61c7a0d7fa21fa67a8d4f057548a48122ee04c45e1344f
    tx_idx=440   0x8692554caf0a7867e36cdbf2329f9786b1065f3d5d3f26880c6e2343a1483957
    tx_idx=441   0x5df28dc7667dd68109a6c538ec81cc0e77e8ac9b6108b10203fb914d46f921ae
    tx_idx=442   0xa3022aa4ceb0c1cb4eba509fe53dffd21d265e73cae088c2f815b56e1f0b4374
    tx_idx=443   0x531a4a54de66d76f2e497c3ec6f2f94974409c8b1ee3080fe124eaba2c970216
    tx_idx=444   0xa126f83a84d3aa258a1d810eec7369e8159d12f10da723d1954d056e4bd4ff3b
    tx_idx=445   0x206f0d101358ffbb68185bd6f44a3d6f99b2014c0a921665a9279c55942d14c8
    tx_idx=446   0x7f5bf7c7c4e1a27147d47d76793ea25670c0daafdfdb7a918f647c2917485d92
    tx_idx=447   0x767729abf92c80497378f37b4b5fd9dfb62906104f07263439fecfaba7542f0a
    tx_idx=448   0x7faa889fdab4851ce4c0c988ef60861ba9b31a991871a98099c5172a217eaba5
    tx_idx=449   0x40519dc223e61cc1823d7ea31d786e793f00d88cac4f4b6ed07bbd4368a4d75d
    tx_idx=450   0x116029a2bd869699c93ad471f84389a1a9b7891de6a6790d02e6f6fda9419a16
    tx_idx=451   0xdf4b7d723063537bebf8a6b6dbac2845858781578853bb538803f1f8e2c2710b
    tx_idx=452   0xdae72ecec4449d52962f0ae2121ba167c3518969032e0701f23ab3edbdcdf55a
    tx_idx=453   0x9625de4b881a282586d5b82944306edc399a1fa8f670c98909a34200ae5d3c79
    tx_idx=454   0x92836ccca6604a8ea22e9810a1b643e925271f3e2a004fb3135411700119a0f1
    tx_idx=455   0xb42cb0f588a51fa50c13fb6d6d50bf2850a17534b7f2c2bc959d6987a29f7eb8
    tx_idx=456   0xf630d44578e4e24a101a4320cd946adebc6baa4f3f6175fc1263aa5302391d53
    tx_idx=457   0x527483549937924bea8fe693abc4cb6d8e517fe89f5a5a698a75ed8519827568
    tx_idx=458   0x815caf18f8342f756570ea3d716b71b1035d200e107566ac335dde2f0f3064c2
    tx_idx=459   0xa00350a6df784b4f19779756ce0d9f33fe041077260d6c8b640d773f6e9cf838
    tx_idx=460   0x0deeacd56cba4960ccd614cba122b995592fedb47ba7da2b8534b03750c25676
    tx_idx=461   0xc2b35eb71312071c7a57574170ad2e691c6756bfa6152536b620f5610b87ef02
    tx_idx=462   0xef41786c3c5c8a6b435342851ba9276430329d2e68993223d55a32d91ff4b6f1
    tx_idx=463   0xe7d046dc3c41214c6b8f625eb682c283872540f67c2634ca3c08c2e689e86fc1
    tx_idx=464   0xfccac96a47eb696e5e50a1aeda2be0b09557b572cccef943c20801111a23ab1c
    tx_idx=465   0x8f25c89b6fb988b2b35442a899503f5d7be1a8f055fd1793627d6762c99db817
    tx_idx=466   0xbe0f97339ee20185b1e2581447f915608005f84cf9f39523aa6b990e9745cb54
    tx_idx=467   0x11a24cb05fe67df500b7b8de81e5ad2647bf7243d59f82a5fd03472ad9c05389
    tx_idx=468   0x2f610dca64788d75589109da14b76fc08beabc92ffd1e1f67e024b6eaacbb56e
    tx_idx=469   0x354d0429c43b80dac8afd363fc87dd4de2caa307ce4c98b2dcf9ca343a46d363
    tx_idx=470   0xb4edf9c526769ed2a2c6da27f4e03c2d31372ed01a1d2e46009fa06f0d7581b7
    tx_idx=471   0x19601a1a866af0d31e62d161662b538327707c449a4183b278ca1370e509c011
    tx_idx=472   0x9dece26ef3e6d75ad09f6e7b63bc9d4b13698e9e343d90bc1676a1982c3e71ec
    tx_idx=473   0xa2da0355cc0603f39601ac87fbe1da12e5b1fb6454671947fd83b549fdf5510e
    tx_idx=474   0x793474592e744aaa6e225f4feec7208337172901ca151f7b2a361bdd5012958b
    tx_idx=475   0xde437791f3b2d6359455499360496ea395453d7f237b3ef081292486dcd3d0ac
    tx_idx=476   0x2e807bb65edf1cb74b462e755a31ee221f8209f8c09d9706df2eb902d4ba39c5
    tx_idx=477   0xf1273316cac332a34cc22030a6e2903166b7a5e516867c2f55894100fe09c154
    tx_idx=478   0xd48cf598d556e08691d44be76e0f2cd720d3f804b8201cfd5601ee6ccbad05a8
    tx_idx=479   0x6da83194c185beb043259ca6749208ad771ff734eb7db24bf2510ca788eace2f
    tx_idx=480   0x32643ff278fd41d81825fa03b26c694936cd68afcf48395fc6d6e3e083ccfac5
    tx_idx=481   0x515fddc45da900763b12d3f1c2bb1267d0d5c44836444829b9a7a1c596d788b9
    tx_idx=482   0x86e5bb2678eaf7583022fe17bd7d534484bc4e6509994bcde3c195ca806af1a4
    tx_idx=483   0x81a93874fef75da8e8a2d2d68f71a2d3f51ce71afe268b8078abb70d868760a2
    tx_idx=484   0xcb8f8b1b223d7a8988b53edf5880f391591f0a815c30afa6f241f0b0def937b7
    tx_idx=485   0x59184998574e3572802b3bca623a2e3c632014c1b0d10b40bb650ad025022f0d
    tx_idx=486   0x60f3c537712c207be29f26e7993c0f6b15d2a5a43d5221ded904534694a9d19a
    tx_idx=487   0x384924012ea3ec20f9e8bd2798cda451300b99e3d2fd2887c9870737f3090c09
    tx_idx=488   0xce801b96798e48450b44f14fbef8ed3a7b72396298b8fa7d6c19cf84e027693c
    tx_idx=489   0x3c6870e7c7abd7abbbef35896acb677a7fd74417111a0d3da3c86943e02586fb
    tx_idx=490   0x34848b4601aebe06feee00e50b60272f6982c2cbaf0f6ead147c3783d7d88ea3
    tx_idx=491   0x2ae804b9361386155d67e0a39c2287376d3cdfc0819a96f9dc216477dda82725
    tx_idx=492   0x39b7a1e2065e759ada0d3ad1c19c469e5c2cf0fa591ec1b9ce51c6c0dc64a386
    tx_idx=493   0xbfd099cf342a9a03411ca6ab54981c2cbd2f58f445ec44504314ac94de6fdb6e
    tx_idx=494   0x9fe353124ac0a5a098e064e1501569b28f11a8db790fb3775261272ca98e2de4
    tx_idx=495   0x3fd643735268a671bb6c692bfd6a3a0e953f71f96bd433f0c3bb8708487c7b7b
    tx_idx=496   0x2da4df6147931c51314b7e0c0b12b70c86911eb8efbe731f9ea85839f8e35594
    tx_idx=497   0x3ad910c03f954d86ff40551c9ef99fe0525094038630619dcdfe6f40dc0a0d14
    tx_idx=498   0x1b8bee98378f18fb84c52932aec5a99122ed67981881d4407f2460a365eaf3c6
    tx_idx=499   0xca764ed4ab96aba252f69c577e73cee59c2005960684eb8433a47791680f4793
    tx_idx=500   0x5c6cedbe03f82fa0a180bf214aaa78ec5f8364e4827a2ba00946877e89cd6c8c
    tx_idx=501   0x305830c22be031e9b206f8f41f22b4bfd6ca69d55e3cde96249c6c39c6429b4e
    tx_idx=502   0x74dc462ab3ec7f7b4ad5a624b83f3eb99c68b054f81cc25414c7cb0f2aa32722
    tx_idx=503   0xa09be58a6e411216533c817d63da8c7280be98ade629fcd51986a867dfb93545
    tx_idx=504   0x9a1ce2cf4b4dcd1ff214d4e124d23121cda709901de5fc6d472eddd512799aab
    tx_idx=505   0x152d2cecbcaac05301590decfa1f8476e485bc9bc089ca37e7d4e13196a84c5b
    tx_idx=506   0x2dcd77523cf34b9246c2bfb8ecd244b49976e262f383b6160d978aabe6d4d5da
    tx_idx=507   0xbc3672bb896af8d444b0c621db3ca48f5b141d6062477d755a609fbd3e5f7e74
    tx_idx=508   0xf74aa53993dfcdcd93de8a7f33d23f905fd3c02f21a8e9b45e8f98a3ceaee046
    tx_idx=509   0x788e0bdeae57239d6a838b2300c3bb59359b44c5dc154e20658f9b3f85a58dd7
    tx_idx=510   0x5ec563786e1d6b606977a76441aa7bbb419fd421d11b8135e6b6678241192ebe
    tx_idx=511   0x281c799cfd03f73646c64216bd6a92a59497d923d785307473dca00cee3c8798
    tx_idx=512   0xe300e8966f730810c5987ee39ac95f8c438e58a37f7a5411ca0a6e7f6f61424e
    tx_idx=513   0x547b8d5d14344d850c48dbc89645d746252c67099bfc47df8ce365fd6cfa357b
    tx_idx=514   0x94d1a1b18e51efaf817949e32a30eef6469a7c50a6fdc9adf279073b104c66fd
    tx_idx=515   0x284df78059f970db2c4f13e44d066c8bf9e9f4d7f96fc8f5ed8c764526743341
    tx_idx=516   0x6a2141094f5adfcd53112947ced1537a757b12ae35ac4e2c65a189d2d93ca85f
    tx_idx=517   0xea752e2a2dc45e70c7e2068883120c8eb2dbda15711eae21256b6c90cf868874
    tx_idx=518   0xa473844046f6b02bc2391068e2752e156514f285cd127b30b253cff46d84332e
BLOCK 25534726  status=OK  canonical=362  stored=362  bc_tx_count=362  canonical_hash=0xe4a02b3122ed89ab4e22265607beac93732ced600e3b8a87a70da66ffda7dd9c
BLOCK 25534997  status=OK  canonical=221  stored=221  bc_tx_count=221  canonical_hash=0x2f0a646101734fcd31c71b4a2ab9d7249df87e93399ffbb831fe3af4105010d2
BLOCK 25536352  status=OK  canonical=363  stored=363  bc_tx_count=363  canonical_hash=0x074d1e992b7a695481811c8a5616735eee9e31ec16df11aff9ce2c9bce0787a6
BLOCK 25538231  status=OK  canonical=651  stored=651  bc_tx_count=651  canonical_hash=0x85c4131c3e543e6f27d9034173c3bab367aa7e3877ddbfa8ff250ef271b702f7
BLOCK 25538362  status=OK  canonical=419  stored=419  bc_tx_count=419  canonical_hash=0xe63210887b46ea42ce8cb9b01fa16c232b48e4f6ae6be4cb32919ea4d0178384
BLOCK 25538745  status=OK  canonical=305  stored=305  bc_tx_count=305  canonical_hash=0x088377ead533cfda3d6adacc26e8f3b073c89369a234148fce0083685e72d764
BLOCK 25539146  status=ORPHANED_SUPERSET  canonical=370  stored=373  bc_tx_count=370  orphan_only=3  lost=0
  canonical_hash=0xd71ad07021cbd5bc79a323e06a10c8f6acc3f0bb19f065de1c1643231b146a71
  ORPHAN_ONLY_HASHES (3):
    tx_idx=374   0xae117f5230995a15e871b027610588d8930c48c970406d8da9effa1d2e751684
    tx_idx=375   0xc9e07f01b462d72602942084c2a7efa1fe1e048d91f1df917f56590fb2206e43
    tx_idx=380   0xaaf19f37357170a2aa78ccd293a8e4fc5054b330b7ab8108ece413f7e3e82c1f
BLOCK 25539393  status=OK  canonical=373  stored=373  bc_tx_count=373  canonical_hash=0x3050cf47193adf6c0744bd10b8a4e77eecf73b9cd8545138848c0bff170a113d
BLOCK 25541231  status=OK  canonical=260  stored=260  bc_tx_count=260  canonical_hash=0x7990637d309d58634bbc6e23cd2aa7c110a780198e7d29cf178a76d45c3206d5
BLOCK 25541869  status=ORPHANED_SUPERSET  canonical=34  stored=123  bc_tx_count=34  orphan_only=89  lost=0
  canonical_hash=0x1e9ac7bd4e63cdb9defa0434bbf07daaecf1516349f8fbeac7609e0050767f27
  ORPHAN_ONLY_HASHES (89):
    tx_idx=34    0x4669e9537313d654fc62284406ec687273b333833c3c519984c9209eb034cd64
    tx_idx=35    0x57db9b4cd6ccd9ac7137a811177e74a502dd730fd93941ff9a4e1c71cccf175d
    tx_idx=36    0xf61b821258911abee6b7715f652394d709b403f8d2ca6710ac6d03789d4100da
    tx_idx=37    0xde2576d424687ed5ec358f8012e24d36ecdc53b0d3ca2b91a09a7e26328f769d
    tx_idx=38    0xa2cd12a6594f02a3fe3a02f9dd20760a9665466dbaefd9d83a8137a0e6d0f950
    tx_idx=39    0x871aa0178a893ea5a8de3120343edf4c34fce19b07415e785e16dbf9c61c53fb
    tx_idx=40    0xb08fad7cd97ec421d9e81d7e66a93bf31e012bfa7c0432c46f8d89e43e024695
    tx_idx=41    0x04bd35dcee494eaae272b344d300459d1955043fef6c80f9f89d7c502fde1408
    tx_idx=42    0x228f01311a5ab8d895138f3fdf146db5fc7e7753710ebf70ca21707a08a34d39
    tx_idx=43    0xa1a32b847b31829afd87bf6f7691ba888cce0cf8822dc7c02d48d808294f042f
    tx_idx=44    0xe9e50372fb20b430f478e6bab334f0a18dc530bbf95a7f98ad16d0e9461e26ed
    tx_idx=45    0x6dd873dcba71afa1e019fd906e0a2e667543bd663cec26b45a3b5de52a8e1dcb
    tx_idx=46    0xc54cafa7da164bff19b60e62bfca163956ed1c98d75b5b4b22139f30e060e194
    tx_idx=47    0x2f0e3f973b9f67a52c7398d5940b2cbd1393d7d0cba2844968890f26aad7b8b1
    tx_idx=48    0x2e2e15fcd1faf75c854c0681b72c6205e208c3bd36f274cb66f49f0909cbb17b
    tx_idx=49    0xb1f3a73fdf5788bd6ec8187bab706325b54888bb0f22df9790eebd057652dde3
    tx_idx=50    0xf3736cbf36a126a9c2e9d850477b73baa43dd84035cda6f42bbbed256d35563e
    tx_idx=51    0xd447a3f1986ce196e5ee7bbf2dd1de834c20e3607388a0f2644821458f8cc7fc
    tx_idx=52    0xa6f689a0505c79c175cec83eb9d3648ed85daa702b8f7840ee42e25b0982ebce
    tx_idx=53    0xd77ccc2214cd2a713adbf84a8369fbaeb3ab4f44527d09d204d5e02c5ae10575
    tx_idx=54    0x1a53a65ed6c551175bfb6bcfba4df93c8c726430edd1784e7d066cc3fcba6a9e
    tx_idx=55    0xe36865de40ad30843b6af230022cb100dc656535e918506a6a6c4a3e52719493
    tx_idx=56    0xd94a5858a2d749cec46c2e658f9ab220455830528abbbea1b0dc66ab1c6084c6
    tx_idx=57    0xb01673bc1b3727e0f1e5ddb435a4f419dea53d846d9892597027660a79875d18
    tx_idx=58    0x9f274490f280ae8944f2a61889c8b08bd06a20a549cc1cefd7eb843cd0550508
    tx_idx=59    0x11a1e05a812651e0a4369c8faaafff34353cafd4c46fadedf8d588e2e93e0e5a
    tx_idx=60    0x3653993ecd8af93c574a04c3a32f6a48226487979471bc9a592826261a2706e7
    tx_idx=61    0xe2056683adc80099f43e24d0911696feb32d3df6181d126f83042ed0550d69c9
    tx_idx=62    0x28c8a5e63c9a77815de8fc6ff9027b1fb1968d79f97d18e7d517ac9f7c6942d0
    tx_idx=63    0x44c0a3bfe1efb559d49d57eed9c237ca74efc0e14db2c477d6d5763c8701edac
    tx_idx=64    0xf251ff7ccb70b6ee470a0460b7156c4d521e9f516e1a3aacc06646f09e1b2d87
    tx_idx=65    0xc408baa6b628dc399928024333bf80c816fa6c42956fe6d470673e4ed7c8af2c
    tx_idx=66    0x61fc4dcc0b52c343d16aa8d85afe7b3d4a58ef71a677267170ec661be04c719e
    tx_idx=67    0xa610ecfc043ffee1382078e135799b7074bc78b83d24a890f34341f79f50d56b
    tx_idx=68    0x50ed7504a398b6e80ce5a26359c5794a2b7962f2f2b20ffaa6a3cbeb40d187b0
    tx_idx=69    0x2f2430336148fd87f1f411325a40307471e1555c50e0221afb0ed9de948b87f8
    tx_idx=70    0x56182edf389ec53fd625edefe26433950e367fa1c5a900d443d1b33034b46f41
    tx_idx=71    0x8b72a20755ac228439627dbda2d9257b3db1e072901223b6bad48f64d92cfcdb
    tx_idx=72    0x77ebaea5161c8d004cddcdfe88ee90aac2c2cc729cdc09c888bc1e9f935ee513
    tx_idx=73    0x87e0d6eca4c5743b32e6b7e4249e9fb2cd52a320918414fb73ad4115fddf9643
    tx_idx=74    0x9b2e4c6ed7873442eade15f4111be480608504e936f53ff4f8838ac77f9b535e
    tx_idx=75    0xc45bc40a7e581db4715be8a897b483b83480bc2fba486384bed5548d409ddfcb
    tx_idx=76    0x2fb94cb5f3e1b7acfeec46cd2f4be27e1e49de67ad0487c265b42f3898a13825
    tx_idx=77    0x660eec7ad23e8c50238856cdfa314c63388744006c865c04ed156bfca61da956
    tx_idx=78    0x3180a17d969f4c391bc5369b7eaca70ff38cbdaa0d845d5859435252c1cbc021
    tx_idx=79    0xe73eb42636fd0fea2631e1e4785c0ce9d59ba62f8637076bdcaea7f4f607ec51
    tx_idx=80    0x11f64ad46bf47a96833e7474c200c08f40bc6fc37d6d38111e675eac054d678b
    tx_idx=81    0xb8fd7d0ec98eaaffc915ef7256f211312c86ed2e8ed30cdd4bede8c914a1019d
    tx_idx=82    0x551282c4a8ff206b61d7434f832545a3555724231e12cf7ea42acf5b1cd063fe
    tx_idx=83    0x24742da87e190b1f694af4f41211b58ca52999ab154d7c9ad2997d2f18731e22
    tx_idx=84    0x1c670bc1f8eb56019e8584fbe801298910a2204c717cc6a1f2504041047fc129
    tx_idx=85    0x89cc2ae5cfadf1a4e227d7c35f4dab81b4c4ebbc8e1384f72fc375a991404f54
    tx_idx=86    0xe8d7f91ea47bd1c33402278eb8c6f987520e08c65d9cd2cac50c28f4480996f6
    tx_idx=87    0x26382c25f44663faa8580ffd5489e022daafe03e4e8d8fae5efbcf983cd8694a
    tx_idx=88    0xc9c3cce37004a586ba3de220a26a3204b3a1956cab863109a60006713396e5c9
    tx_idx=89    0xd3002da505a44bd2aff32e7e0bcfbc7c9d665b4beda22f540c3af6bb77d4ea43
    tx_idx=90    0x825771238e7224fb48ac9372d7765fabf36db20c8020698f5623fbb95e60d5cc
    tx_idx=91    0x6b4708d7153cdc07234f5ebb2359ad005968da151c2c4db43b5a0e4082c05d63
    tx_idx=92    0x09d695ba2545392458a7e24eaeaeadcb1c39fa63838e68b604188fdca767b9ed
    tx_idx=93    0x5987e0aee2372c670494f135f525b07382979630c695b92b79633e81549e0709
    tx_idx=94    0xbe70bdafa419c0ee1682ed52c08d228af6e8c6752ba28b465e12c129a4d7e6f5
    tx_idx=95    0x1b12c5ff282f4256db81c3c8a347984b337acee902cb0d19499d423cbac0f745
    tx_idx=96    0xc87ce1d1de6cbc1b875b7ece7c02fbe71bb88de3553fde087fa8cf91124ca020
    tx_idx=97    0x12fbc5077b78aa345bd92d8761987a2ad4c73fb8cd75280594a4d34424f5b515
    tx_idx=98    0x80671805a14a3a211010e341ffdb8fe9c4023cf67d44a050b5105f4ed4d95f8a
    tx_idx=99    0x855cd5e3d3ec8d2996e7be62fccb4c78deb336f78c71d78cc550d4ef579b79d0
    tx_idx=100   0x1ad30af5c517b36f75ef2f1349b89e26bf4e858fcac7b99df00635e2161208de
    tx_idx=101   0x80da440151e3f4f1d606b10f5ff81be94bf04c4ddddaf63747fb86017c1d785c
    tx_idx=102   0x3c93b4fb145bff04989aa1fe835cb0cfb906e6480129cdf44680b7dbe8dfd6fc
    tx_idx=103   0x6773168b28ad5d9f24f44790c66cade3915c54fb00014272ff4e7aa2f2624aa8
    tx_idx=104   0xe30a23a22ec70af5ccf099298de11b64b6de5ed4b513310a74d7a0950dd1647f
    tx_idx=105   0x545c2b578040df1bf6c9c6445da124cb8d6f1137b3fe732b12367db7fd4c9385
    tx_idx=106   0x1541564cb3fced20f1b51ca6ba32d9ea1c6f0da9cde1f95484055fb182107573
    tx_idx=107   0x60b4665aa02191506207761ff3ce480c03ea0ccc9df973ca0f7964a6e42b22cc
    tx_idx=108   0xa476b3783b44125ff3ed629bebe29175f848a04c87dda819ae0e5cf9824cdc99
    tx_idx=109   0xc7d8bb4e62fb672351c59f52e9d3e9e21ace94c6bcf8b3b1d0ba7afa4c61e24a
    tx_idx=110   0x2fe9c2939e3ab48728e1698dfca6b6ae3c5bec06d2b107d17e9fa366acabd36d
    tx_idx=111   0x613a0b2b1cb549fdd68620cafb8c680b5a929b95d01ff49a27910fde907047ad
    tx_idx=112   0xec6966b74a75d4d878adf2f4bff32756da9fcd3fd10162eac02ee69425bd8ff6
    tx_idx=113   0xb458867c56968fc830244249d51446ac46eac6e6fa932bc71c35ad4f45ee5cb5
    tx_idx=114   0xd9fdb271a9208e8a13cf3c66afa7ea7ad6fd5187a2c553ece52f5dab287ac1f1
    tx_idx=115   0xd00b29e865ac6cfdadb4ea3ae51f7a2bd1bbe70b839c26aa715b73c6398b3207
    tx_idx=116   0x8ea137b5f4eb89184a50b8d1e5a88004b5e1fce0d7d2060381666615bf223667
    tx_idx=117   0x90f6c8e9dd6afd0c1b1395938edfa5ddfb7bd567dfc9940ba7438d9db64d148d
    tx_idx=118   0xc2633e522ebb86283afbd0b5ac6ae3a605e9d66d40167cbdb2a7aa6ab20a7aed
    tx_idx=119   0x6dff845ed432eccc07d523602d6447dde43dde1637ad73c3ab781ef62e0d66f3
    tx_idx=120   0xd861b8b312a6134608d136b4822dd1b0528f1e3c4e7e365f29ad52125280a546
    tx_idx=121   0x2211a3f660f7ccdd4684209d226815e29c8974ba1b75efc093bf543a1f8d4689
    tx_idx=122   0x7274a64d42482195c853fa941831de8f0b19c148cd055caea6ca8e4e58e682c2
BLOCK 25542091  status=OK  canonical=98  stored=98  bc_tx_count=98  canonical_hash=0x18a0bd44f14a10d9433938235772be806247dffb9b577f0e39ad18d9018caa37
BLOCK 25543560  status=OK  canonical=631  stored=631  bc_tx_count=631  canonical_hash=0xa52463c6bd612fe87b9f2fcf005d6ad829aff87503fb6bd743def25413eada37
BLOCK 25544133  status=OK  canonical=220  stored=220  bc_tx_count=220  canonical_hash=0x0177d3a3117d709038375440d53245c28c4a36292eb948fd44cef6c1a32cd2a4
BLOCK 25544516  status=ORPHANED_SUPERSET  canonical=38  stored=165  bc_tx_count=38  orphan_only=127  lost=0
  canonical_hash=0x8feb4f63bc74e7bdddbc5405d91ea6f8b7feb7caaf2b02491ba14e469d5dac68
  ORPHAN_ONLY_HASHES (127):
    tx_idx=38    0x895a798b6f2122e795bb0a0622362d26296c9d032b6cd1add9f7c6c9a9558325
    tx_idx=39    0x5b401091e3f956719aae89ca918f6482c36c90dbb306f283f281214420a7e1a8
    tx_idx=40    0x9534f2afb6537265f54a658d5aa46c94cbdd15e9584f72e9953379b5e3d41a10
    tx_idx=41    0x1daf72369e97151fb4a59fb08d368f043edc1cb7c84c454f22183e849031c0ee
    tx_idx=42    0x93c51fd88c7da5f20220d649bed5d7a24c8940b67be8d5544d9e60d40daaf520
    tx_idx=43    0x2145c814c97c99be0eb8d1d1ab03887894b48574ac91f108a4e745b4bfc3b900
    tx_idx=44    0x471b869a0e25c51e245fe7c45af2fdd90fbff66d4a545b8cbf02ebac5f97c225
    tx_idx=45    0x9a091270a3301dd30c4e141ef1c37fd29b243a0962277cf02b25ae9cba75fcd2
    tx_idx=46    0x94501b2df76fb11bf70e60ebb4257526df6a40e9c8aabcbe0fa26cac8005b08d
    tx_idx=47    0x5bcd899713521982cbd27542f6fae9a16b2cedc5a04dbd8c08ec0a0a394853b7
    tx_idx=48    0xdada2b20f7e9a411348cbc3f2d26fac4b9a0be1b1ed131e651b4c41c412ea13f
    tx_idx=49    0xdd87c746256f2aadff5fbcfd3c138fb4c42e2409000475de10aadd8ea5fe65e1
    tx_idx=50    0xf585864580cfdcfad44f5d083319e32ac9c3bcce86ea7b1ba409b3101116e153
    tx_idx=51    0x8f7939633bb87164ff35a2555c4660a38db26215be24880f893a874493d54eb7
    tx_idx=52    0x5b2242baa763a3a641663876437cc03b1b2b577d4d619d51b8f094cdec1b145b
    tx_idx=53    0x07fe59611b9a2f1e43acd941a7eb1a4c6aa9d763e1da732565a7402f726bbf24
    tx_idx=54    0x74e42a9aebdfddfe01d20e88c43b0cb22c3efc6a27d556760b5d3c5c340636fd
    tx_idx=55    0xe670e4f2b59dd7df4ad1e49e360eecc80a5981185b59d3f22a909663fa93030a
    tx_idx=56    0x2a88e29666a4f2d89be93cc998ed1783e6fb110433dded8c7a06d98798a604ff
    tx_idx=57    0xc43fc99651af02b900c4c10e6b3b6c5b0e2590631da09022b70fd38105fbd776
    tx_idx=58    0x73fb3657d1cea5d98fc0e7c4dcdf07faf449f9c83d626db2fdbddfaf1c1b41d4
    tx_idx=59    0x56fca2424d10ea3acf42614b0138292396c1827a2e72d137d913fecbb55a8787
    tx_idx=60    0x3a83a090940ddafb9f98b10a8daad5d04f6418d18351c786d12a87b74f2dd7b7
    tx_idx=61    0xc22e5b7c918ab13bba1b86b2c54b889e47b82ea78f1070758376e0d88192a780
    tx_idx=62    0xfb31dfab73d08c99785835fd9ff111ccba656f6e7cad3bb0304420d700cf7b65
    tx_idx=63    0x485c0f41c2a089168db722aabc81e80d8cafe2ef26d76d326110c2ee7c825c8a
    tx_idx=64    0x94b5a4f2e68a5c7a6068cd2cf11c96ae0f9c5714bac68955b19e23cf6098a50e
    tx_idx=65    0xd68f1008db13e897784f0c76fac354c9c3cd83001004d500e8f107f0d022d8d1
    tx_idx=66    0xc96c657fc8fd4e44a5602c04d444b91f7315061fd565992c8144d7c3d3ed935c
    tx_idx=67    0x87945c80808afc8790d6efc7dc03ad3fc670e5756de270664ec65bc703449ea2
    tx_idx=68    0x9232ff17991eb66ffa5fa0018f53be66268b9704fee955e0dd31387aaedaa3e2
    tx_idx=69    0xf740e626cf18538b10997be374e83874ce734550203233e69d068e4c5bb93a53
    tx_idx=70    0xdc22e7fda1b0f8d1ebcef60e2ad3d12b583381e1add511738d0aa65a5a7c5ce4
    tx_idx=71    0x30664ace9495df934fe2d8b4e3a1f36983583ea87616053c10aa10358baefbef
    tx_idx=72    0x2e6e78733ef5b84bce547cad6201727d5a8a2b8585c129efd112beb7c568f042
    tx_idx=73    0x2478e769191341eb613aef2824e395f8b50668d1dfdafb53e1d6e8af94683471
    tx_idx=74    0x3fd6de8fa583330bb11b56c3b85e9e04d2ad8546124a0482705b256570e7fa23
    tx_idx=75    0xbe49c0022bf29a13015fbafa55ee0837c19d4dd57cf3ea40eed6277ddfd5700f
    tx_idx=76    0x4c8854443cde77619871820d167c8ca97b2de03645fcdf1255fc42527bb75357
    tx_idx=77    0xdb5b3d0cf70ea8a734e47aa7107c87a36549a11749033cb047476de2eb6b5e5f
    tx_idx=78    0x36fce7bd14b448b64d177670dcea37508361e2ced5627ab102491d8f798b214d
    tx_idx=79    0x1834edc944c533a7cb41de4af6fa0fd36f8beda352f7149b43da32391223043c
    tx_idx=80    0x787270aa3c337e9c2da19835fd18b289ea167f9862b883c0c4b410e0f6a7c2d6
    tx_idx=81    0xe8510eac60f4303545f0d4daf41f1fce3d990bdab72d6cbeefc38684026a826d
    tx_idx=82    0xece1ca5b1dbf08c1e2be14519499fc8cbad68668c5cd069e962767984b3d980a
    tx_idx=83    0x924b6f1edebc44c65af8c32096465f30bbfbb08b859b1ad04424061ed1979b89
    tx_idx=84    0x69f8a9af3fb718f11e7cacda3c14cb4398d2f4843f12e88ce7713a9805147631
    tx_idx=85    0xc0e007612dad0fe0729db6ae61327803e1c8b936c5d70616620664d51dd0fb7c
    tx_idx=86    0xfd4e1974d390219f858a4889bdc165adacbd2c0f1b3fbbe58172e971e33bcbd5
    tx_idx=87    0xf7788172f6a1f83e0a2f0296fae972ce75f1b7b0c43a88afc19f70e9aacec2cd
    tx_idx=88    0x6810061512c03a2ac629f79336a0bddd8c5ca6a0eed016fa913730c7fec40d30
    tx_idx=89    0x0fd99d8bd17611b485b2455c8c9bf3968d237671a7234a14ad6e2b2ccac14c0f
    tx_idx=90    0xdfdffa88c5d91e21b6f01c8a8b2d2555a461c82841297969ec47ff55969d19ad
    tx_idx=91    0xa27207b86727acd513aec8fa7606e7eb2e30f9c3d93238efcf522af8087404af
    tx_idx=92    0x6449454c720167c1e06b11ba2578c3235b1fc3cfa81856114c25e88639c48c34
    tx_idx=93    0x37a132c8d4b99b20867a55775f43cfa36a9bce52f2555eccf4477a441b4a2c89
    tx_idx=94    0x6135069948067ae3dc594b4a805ac2050e1b06a4304963686b6a2867646eac30
    tx_idx=95    0x7938d0223fc3abc5fe418972e4949e93dee2c7578a105d439e0277eadee8877a
    tx_idx=96    0x9d1090e40db9efdbe2337f9a874a3b54f3ecc7baec5426847bcb374c449fdaa3
    tx_idx=97    0x66e954d6dc4d0b84e4eb9eb5119cac3b7ee9a013e95ffb80e80f0c3164ded6f1
    tx_idx=98    0xa79ef7daf6d6b59d00eb8deae3d7bb66f010615d158d12c738c293d92f43ac27
    tx_idx=99    0x8f3fd67fefed7dd76ea5195d543d82e4f062fc68ab162336fc18e27d72f871b5
    tx_idx=100   0x70f710a649238e9dde7e8ed32518b0724300b1d92286a0d576d9e9a4560cde59
    tx_idx=101   0x02da6b5a04b786ef97e3f1d5a046ef7485e6694a1fd87196493037fad9175de9
    tx_idx=102   0xbf2b19228d602447a420f8fa86ef19b1d3eced83e53d6ff067e9c83b90835602
    tx_idx=103   0x5b21a1867c7843c1118f581aff5df9d7ee531cebaab3a7e63c6496d97e88b74b
    tx_idx=104   0x7e05845138e5f8b58f871655380ee35ba43aa802af2463f287e72c4b887b5938
    tx_idx=105   0x149c21f05bd84fd171235526a329dffe14556be04a814754ed11de4083497ec1
    tx_idx=106   0x53fa501a0bbdaeaa53e954e68f07ae5d03ae636458787527a0dc162ab58c7fe3
    tx_idx=107   0x4d34cfe3dfa1e6f47d2f33b4f32df1511cefc925239be71426d43f06bb2a2bae
    tx_idx=108   0x723488407afd291694968eee8f9960193ff4f462899ff4e91c002b50c108f794
    tx_idx=109   0x723e9db39194c301cf9104d11f78063883b1b84e0ab930ff164ae61d4cbd69b5
    tx_idx=110   0x69b0a16931a0ce8800e69981342ceae79b8dae9b0c6e532b6aead3e7e259d7b0
    tx_idx=111   0x2aafeec4cc6e365363640d9e0012ee6f8a62fa970ba038b8a0b6f4ddfee632a1
    tx_idx=112   0x560a2b5e82b26be9d1cee1f9e04c26220a78a9af25bc85fe65f2f25c11ba7fa9
    tx_idx=113   0xbb346cda5564cbc747591f2ed55825f33ae84bc7b1a81a474ed579ae32837d13
    tx_idx=114   0x68f4be87e4a716a8afb733de9aea3260c008dd7a5ae6c6ad790a88248250d8c5
    tx_idx=115   0xb4c6a816216e779e5f22394f251c4595069b90a5fa5314ff720868e74b82834b
    tx_idx=116   0xcbf11c4aa465025cf3da0182da2f52e5e55ba3307daac0f1ab685b01bb7994ff
    tx_idx=117   0xc99390bebbfb2474c11e402e153477ac141e01e5a771365dcf870bc0b1c6b2d5
    tx_idx=118   0x577917c2e618e9bfe08076a721349abe06da4c66f8efb7bb4ca62a8c88c2824f
    tx_idx=119   0x50002e080022df23b32b76dc5f15bd07174c063e4a789b72f3aeafe497c87a7f
    tx_idx=120   0x6c07e27bb160f6fe64466701ccfda824104113a56a7e7d15724ab6dc4ac60b65
    tx_idx=121   0xdeb15bd6b1818e9d2ca211ede6c331228e118e2d9d02c1d8292d4b373097fab4
    tx_idx=122   0x698cdcd139a9c6d85f5c9673c0be3c5c977b85400cb4aff5732c062c0d8bf503
    tx_idx=123   0x148b4e172345ffc9ce5deae5cb681fa120089a07030b8b64c2a69b2190aea04c
    tx_idx=124   0x5487b6567d20578395dbb2690f7eecb7327cd874649695c63aa4f1778886d77f
    tx_idx=125   0x305146bad5b9fda6dd3e3d9afa2dd892fdf29d72011ed76d7f234825561fea15
    tx_idx=126   0x103aabb77f4ec0f2aac440d342cf4f0770c9ebf953e664ca252dd97f2f9e6041
    tx_idx=127   0xa62e73c572fb90131a6380601a716f9994e9f216d87e2bb7084132637d6bbeea
    tx_idx=128   0x3f70e4341f9537eca734e18f17933a83d5bc50f8aa4a15f0a09ea9f68ed4d323
    tx_idx=129   0x580d9857b0fa0b788dd7bed699de197c5c8d9c78888eaf3175e9c7528fe1784c
    tx_idx=130   0x03e4676d6e1d07c01f210759bdb15d83de54011033b6aaa5df1ad4dcc36a5d80
    tx_idx=131   0x4e969167b87542e32a0d355268e9cfd5fea0bff46ecdf48b84cb91dd84af71d0
    tx_idx=132   0xa12a6d8cd79f4d123b0187ea65672dc51dd57433b85ebf7c83e08fcfbb45a3b5
    tx_idx=133   0x2293e5a6c78ea2d4a3f389fb164daa81a956d2624822e663732a4f0e62437182
    tx_idx=134   0x0e10a97505920cbe6a1382636a2bb911ea7052171d6674be37b7fdcbc1e534b2
    tx_idx=135   0x14a9c7d3b564876ef6b2a0c0392c7ae206389b7d524f6745ec06e6d53f6baa98
    tx_idx=136   0xd1f9f1858b927364f0b72716da4509c150d995c5fb505b520d39b0578e26b928
    tx_idx=137   0xfcca3d06401872dc71f90f6be2976abf72d73d96c7e3d6f8e84905f02f1fc37a
    tx_idx=138   0x7afd6a4dc19722e466ab94bdcb361e57cb5dcdfa5f199dafc9a919fb373f1510
    tx_idx=139   0x52be544005296f5d47c48d599fb6a9b63cc1fa25a84531da34ada48b894ecfd4
    tx_idx=140   0x5ce43e29de2f3fb1b50e8938ccfae6d819d282a80f2bdae6c74922e1b2a8a29c
    tx_idx=141   0x16196cbd57ef0ee4185069d9ee339c614087dbf263769f3a0fcab60226dd9f64
    tx_idx=142   0xa3eb53a645fffae68bd424b98770f9098107afa9895d651132f18b4ce74c6421
    tx_idx=143   0x1c091580327f22c9fde4c5176317320d51b70fe0768edd912ee1aeb8eea235e9
    tx_idx=144   0xbafef01bbf5bfd081d6006e964499b4e4a4970c2bc292faa94c6284783055c61
    tx_idx=145   0x4e2e9276b4b3982bcfdd7e1aad02cd1e13450da5a48d30c77ddaf7d66b494ca9
    tx_idx=146   0x3eb1d4828d9a711a8cb8cff245ca2f0ade91ba31aeade6961928edbee7ceb3cf
    tx_idx=147   0x1cdd57aad54b9ffff107349bd2cd166644d3931dcf9c88a33b568b2e0f1abbfb
    tx_idx=148   0xd9f2234f757d82c2178eb2c746f26668d102b399956e7ea5677e627d8129357b
    tx_idx=149   0xb74d313e45a7c2a24e18c7d5d0d202316f487b32678a8867666bba988b2cbf48
    tx_idx=150   0xab26a3803ee941a015e5734c610ef4565e5fe9cc8ead12415c545dd705c31df4
    tx_idx=151   0x80209e0cf0835f3e3a56a20a04fe341d2ae9ccb07b08af52d521bc7b30a81bdb
    tx_idx=152   0x3980d0c8be959a42d07b76e1bc719d2bae7bbd118c57c8640560857eab203650
    tx_idx=153   0x00eb9dd4432edce4300087e9fe16a20d18c88f341d543aa82262bc2691e77d38
    tx_idx=154   0x0534a1e6ec4973d3de2d3f620b9d8bbc1a9e123cb3853ce6c4724a9d2e8fee34
    tx_idx=155   0x8583a9b145d4867752758f46ad64527fcc6cce379efd1392391ceee91662af77
    tx_idx=156   0xc4e4f5dac1fdd04b3a377daf94140266ef43ee3af31f9eb20c6f43e1557b94ed
    tx_idx=157   0x85ecb8b8cb0005164d3c7d2a6a6f36629e896a47fa757e83d107f5e1a3c86673
    tx_idx=158   0xf32cd73bd0a9b99b0741d944ca63d56c90c591c0d8f9dfc7668544f8d0c9ae00
    tx_idx=159   0xba60c421020b50b80687013ceb706a026ba8f789bef02fc58fa3f507e2f9da22
    tx_idx=160   0xa8b037d6e8625291f4b52bce00789d03f9e39ad8f6ecfcaf5555be43d344dd2c
    tx_idx=161   0x3034f03b669c7b395d04b0d8ecec8552d8dc9ad19d8c14d8d6d1c640eeced2ef
    tx_idx=162   0xd510eb5c4ac94f57a082f4312219204020b0df62cea6fa385949c167df8b0842
    tx_idx=163   0xea101469fa3d50e1f9da7a4f39a00cbc13c6e1f44d5d01b6375952f1fe7a6f6b
    tx_idx=164   0xa01178754c3dc62cf9a9b3e237cd647bf6a9f99a7499a29a22106367482c13ef
BLOCK 25544771  status=OK  canonical=210  stored=210  bc_tx_count=210  canonical_hash=0x58e217a4fbdca1a4cc93cb2133361f7d310c58a4d2c3d8e14f50e3f009b61411
BLOCK 25545344  status=ORPHANED_SUPERSET  canonical=154  stored=298  bc_tx_count=154  orphan_only=144  lost=0
  canonical_hash=0x54abc9ee32e272e6800a42cc7b4fbffd6f7fb205170d13e14e1042f8a12ca4ef
  ORPHAN_ONLY_HASHES (144):
    tx_idx=154   0x144ded69f3b451c4303a205a8fa6d47cdfa433c22e14b1e46de158d45a429318
    tx_idx=155   0x5827afd6eca7e586909e376cddc0059531b8d4c275491eeb6602616d7e024d98
    tx_idx=156   0xe978f7b4eba6d3450b27113add6b59fdc85ab9105165d437ebee93061843229b
    tx_idx=157   0xd1636158005837089fc48b84bf50457444484978546b73e51345b7ed6b104bd3
    tx_idx=158   0x1f4416ff43b9300aeb95e249e04d8bd28a6af4e36628d0ea5c8735ed6b092e15
    tx_idx=159   0xf01232bd9863cd4e96a84068096c3bc456db02ea19c02c9293338ed8bfa2c539
    tx_idx=160   0x3b35442781c7c07b42f4ff5a5b2442d4d9143ddc1c5d4b1f937f0fa4d956cd5e
    tx_idx=161   0xd98161b52153019bb12d64678318b32a980db20770784e24019a5cc39d4ff2e5
    tx_idx=162   0x15f8985341f4015a8a33b528acc0f37b575a3a1109b33c7b0b5fcbb37e9c9634
    tx_idx=163   0xe15a1dd285132476ab047b0b0a037f363204f5379b51e717ee7c09565e441eb6
    tx_idx=164   0x11f161ec91b0a5b2f09c53944dc674f2d4862bb3b400d46784607270510d1b92
    tx_idx=165   0x5424f0c479c32ff986c446850f390fbae2554872ee84a85ebeb27dfeab14e215
    tx_idx=166   0xaf392ede361988ea4e57f2fccf7f3b3b6d0684e8c8bd4b419c2b4a59fa2fa0d9
    tx_idx=167   0x15287a4a3701bd524229d441033520c0777006540c31ec9e55c2f6306d0cf569
    tx_idx=168   0x1719a37bd7b04e58d8f44cb2349946a0673ca0b3b6db6856c5cd8d70c48dfb66
    tx_idx=169   0x6d21309d7608c695ebb63ec043d9f7063d05ea7ac1cfd7591106f920ea7ec7fc
    tx_idx=170   0xf8c97241b4377834e74d1a98148a4305382f1f8e0652f6cefaa7e57bd14c11e5
    tx_idx=171   0x138a1155de626d21c78ec9b40cfc80f20251d60746f2d7eb60b742f0421eb7e8
    tx_idx=172   0xb13b7b4788fc800cb2e3e92dda6fee920810f2aacb6173cb83befce66c593d93
    tx_idx=173   0xafe6dae3d80a4b41943ee4aa356664e312a1097c3e19f7a0753b296293643678
    tx_idx=174   0x236130cdde5ec35e6cafd14c706ac99f59d52bf04f054bbaca0150113ed7f990
    tx_idx=175   0x22b7dc723cfcc0cbb0677b3537b74945ee75579b713b893031bdaa8f4ac542a0
    tx_idx=176   0xacb6b9c731064bd7a8d7c63328afc4659f7268b3b613380cd025a09ab0431953
    tx_idx=177   0x1985c33c310bbde1ab4b2a102818659d9ee6d1fcb4e1e42085ffd0a5a76ceaf8
    tx_idx=178   0x677bbc60b7e185bf4a3ef245bf82617e806f52506cc48f0a5d12f6064737b9e0
    tx_idx=179   0xd1a4def8ea2185a024fef132c65df6b93cebc6215bb02c2e6c04f9745d3c7b09
    tx_idx=180   0x5b100b4122bc1ea61aa54f439232f8bd4f3cdf0a6918eb0dc496de459d363934
    tx_idx=181   0x887a34e0c638e8ee775e0918faf4730a34e13014347580f938c6054c5faf136b
    tx_idx=182   0x0c8156458bba8b009919c1605c359316b0ff2f14624fc9e2dd5577f480a2f044
    tx_idx=183   0xe67c51317de28e14ee9489aeecc605eea8e2137bff0b10715a41d0b15ff37328
    tx_idx=184   0x1233c035509299dbc3b145acd8dd209706266acc9364f4d49d20e40c733cbae8
    tx_idx=185   0x6bbb299625f703b649d13473aa0cad51f8a79235eb63e0d68657d5404ced7d31
    tx_idx=186   0x669b11233000f894a4c99e32a7606f5cf4d72f9dfcfb3a8b1ba141e5689f0859
    tx_idx=187   0x700c62edf0c5ee976ed71a8d1a5ff8a3cd2d7968f83906a294b8ba3fe52c6a0a
    tx_idx=188   0x698e6564bb0b913f4dbde20e8ff8aa2f9f1acf6379681bd75899ad185bed3d55
    tx_idx=189   0x336db85938c459e47d351deb1fcce06873f168e382894a2d24f7fbec50c9b91c
    tx_idx=190   0x46801f35a4d3f1343c5ec4784c3ad4c34453ae44e440c3249919c31f823ffdf0
    tx_idx=191   0x561d30bd343cea388dd36712dd36d7ad72168f1ae509a562b5872ab68d76fd4a
    tx_idx=192   0x22aeec29070ae77681865f2162faf40d37822f9f9bff05a993d73b1fc6da5c5b
    tx_idx=193   0x39e7198bbe02ea8ecafe19da32dcc4fe502e13d4760c314295b95096eed3f559
    tx_idx=194   0x814d65e099a4a60ac5d57852d7960de9d5f5d5d920a6a9eebf2a5aa54a391d34
    tx_idx=195   0x1629a05062b1efb2faec20618e6b2d064c832149b0b390bc18e73144f47f5b49
    tx_idx=196   0x3f481241c443e78dcf228327b6ce2a3396ab0b588598de3c4d4ec8e1734913a9
    tx_idx=197   0xe032f55d8154b336dcc0d372b3a1ec22cc47f476b78b750a997c817324fd9d03
    tx_idx=198   0x780c6aac77955869c5448e82a8e4548bd0ea67b14abec640d62e8a15df6dda89
    tx_idx=199   0x6adfd62c2c32915346e105b076f77810baddfccce71745802ad98ba54cf16d1e
    tx_idx=200   0xce9477714b24842f32b586ee0da78f7179c9db3981769448667a144f7589db83
    tx_idx=201   0x1fc2422b8ccd6d2b32f3cf0526781c3384a16065c07a13947d76a13b6f94f924
    tx_idx=202   0xdae15af78db74e92ccc395364c185b91af5f0da91088f8b5403c3fc12e8c5892
    tx_idx=203   0xe09b2524209ecba8e2a4833ba6f76c7497b708950044834f7ced0af3b5f320e8
    tx_idx=204   0xc8e89389d460fe20d8993414b2a01e3be9e380d46c586e1e6816c94fd1486e52
    tx_idx=205   0x02dba35fdab6e1cceaf65b8033ddcf93d2dd997a8efbc3186acf574b864ca73b
    tx_idx=206   0x902f294ddfed35b38fa4cdbd5e34e1dc089abc397ffc1ea27627eb9d1616882c
    tx_idx=207   0x8b51dfd1efcb7c06257896000e85e84191c1d5d1f7cc2746c9698072cd3357e0
    tx_idx=208   0x114e173abfb250c28802bbbedf8ec87222c1c1fa7804fddf3dca66d845890c4c
    tx_idx=209   0xa6aade51ef2610343d439223a722e3f4b5c48fe7cd565f93031388a368c504d2
    tx_idx=210   0xbb6eda7000c7fcd26c6a57cbb1142cf76a64739f5a929631908d88381f2c2deb
    tx_idx=211   0xadf6327c290ccc77fd2de1efd708acb8d05d6d7b554582b694dece44368f9523
    tx_idx=212   0xd9064201be24886078c4f4b1808f38c94e7230a8f27db28df45ae20d544008b8
    tx_idx=213   0x4ab514c9e7568b051ab1fac0f4c24fd32b6e8901b3e8b727a46d734778d711f3
    tx_idx=214   0x90261fecc7a75521bf29a11b54e1cd59f4662433044d6b63b04fd87f48fe9831
    tx_idx=215   0x62066b1c51c1b548142b7c38d3ea4072c02a31abc8657ff1193b3e67e6df4e17
    tx_idx=216   0x6dab5ff5c642940a5747a5e8114a3bda7d28be1a683f601a7c0b8b26ec2b5d3b
    tx_idx=217   0x64fedcb9f73e88680c153d949873f738bf44a34b4d1ec69900f352ed1a62dc59
    tx_idx=218   0xb64e140a7aa4684fb0185971cba7f1f8ca040bfbc46931fb7a362cd79d369236
    tx_idx=219   0xed1d8a7237a2f22d611d59389c06584959290e8722c4ada46d33412778927b11
    tx_idx=220   0xe127be5c8807705ce38869f7c6cdc2927feff134f4536f8bda12ef7d228e2c86
    tx_idx=221   0x51751f6a8f83313e63760d5c5535719ce3050470bd559bbabd69c1a96903c79e
    tx_idx=222   0xbb2966c530aa0d4646cda63f17aa993c1b69ee2789d06d8308ca44d89e43f48c
    tx_idx=223   0x5780b6d3447d2a03cccf40101c6e402d85da14fb95752c499c65bd1e88f25429
    tx_idx=224   0xcfa64b6ba3a9e67b6713ed798bf2e055985b60de89ae24be1f643db0f6a7a6f1
    tx_idx=225   0x47ebfdebc0db2df4b793eb23fd6713076a9150bb49d2ad4fb5467d7dc44c53c0
    tx_idx=226   0xa0b972fe11fddd56d9571cff811db810f1b3c1085327299bda94efbf127fb524
    tx_idx=227   0xfc45a264d3f768a503ac837604af28f146b89c3aeb0e25f74b389483affbe3a7
    tx_idx=228   0x13bcad0e6c81cd6c38de91a116ac7202cfad83aaa8f2468273af4b28ecd5f94a
    tx_idx=229   0x8ca787497c93bc581e7bfc1f32f1a7073e39e526b6865145c1c17f916e20b371
    tx_idx=230   0xc222a39f032c31456bc3fe82d7262149c4e54293332d0fc14737709a2137dd7d
    tx_idx=231   0x5299720ca952a9100ad3f464f4d17a3a768596d47817da031811bea1965fc809
    tx_idx=232   0x29d32e8d09a834fe5287d7ef22dd92ade220d32934b5e66c41b28e90e5865934
    tx_idx=233   0x822fc92e03c20e6009bdd40b0c207077d0f6d3e4fd397b477b044a5b6961eff6
    tx_idx=234   0x43e3df9ece622a3a9a2b8c451cde9ffb050c68ec33e1fc15a2549d504bf599c6
    tx_idx=235   0x6b550348f6d46400fae5c6f4e79ddd8bcdb82d49c5ec61183254d18d2fc8c215
    tx_idx=236   0xc358a9a2c38571722b3965c423b29f74ae6d3d710b8dbbd8388ebd405253c3d8
    tx_idx=237   0xe96fc51b25a5cf4ec9441e906c1816ecd7eb2a24444c7ade13aadfe0c2a33a33
    tx_idx=238   0x251d369f46129cfe86d79e08814c7149860e6f272eb4653105b15c309c27bdb9
    tx_idx=239   0xcfdfa7b4c63317f2100da1ad92c32e333e9e711aaf07344256b31d3d8b196fc2
    tx_idx=240   0xae3dcbcde8e22c42b15ed70be25b0a40997675869c57c2ac1e9ed3e729afa4cd
    tx_idx=241   0x1acd2ce486d35efbace700755e83385c8833f340aca2faa435ecf7798f23db33
    tx_idx=242   0x36e436a1356b6af4429ed0d8f5444c636ec530638539253d9add9f3c66d412d1
    tx_idx=243   0xd0451bc2634316c87824bee3d1461fd12d3b710aa59422d87b0141d9f6593617
    tx_idx=244   0x71e6933ab1bb110966e4c8a78b87278481a55cb1c9bc71cd3422bb343a735ebc
    tx_idx=245   0x8b79250b8bf9601835e491a27855d8e78926864f8fcbb39548b87a34586902ad
    tx_idx=246   0x619937657badb84c55afbfe01c6b77eb80068bb968f68b5c0cca052e540c0ffa
    tx_idx=247   0xef49e0fc98f8b84e999d00e0a69b24ce17c45f35aafb62ba025d8d8ff2a96412
    tx_idx=248   0x8853577d36e3177749f0449b6ffd7fa07be1145bd76a1f7824589fdd105196c1
    tx_idx=249   0xc5c91df9abe2cb7e653815d04126eba6ee5f71aac8ed144a7e5dbb6662583ee9
    tx_idx=250   0x171f74bb742bbdf2a2c94f399084a6a5dff5cfdb0cf51e62613de5ec6739f469
    tx_idx=251   0x7c25a2b275ae1b2434a8b9d91c297fc0fd6274f39f2fd5fcc9039bfdf857cb7c
    tx_idx=252   0xefacfeb2a30cb3c4e31f7d67fa5a7718e8ee4ca83636f324805872c6981b715b
    tx_idx=253   0x267ffb4f1402e40ec678102939cd94cc5e80469ac5d4df2f71f15f8493c35d04
    tx_idx=254   0x9c1aae1cad4652394372474dbc349766c75f18a7cf12b92024ef0a3cc8173e12
    tx_idx=255   0x238986d6d6673870e9f0b40c9c5a70389bfeb2b3f0d8fbab829e025f5bd0340c
    tx_idx=256   0x144706e355ced4de774b5ffdf5ad95ca9e30aa71090eb141ffe9aaea2e4d23f8
    tx_idx=257   0x03f1454926dd204b198f5537efc774b2b3d0a519f07a3226923ba6fedf4e01aa
    tx_idx=258   0xeb72f81e8163259047ca16580b4838be45849c9b4491f5a463d53c7442800902
    tx_idx=259   0xc4c7e0a4ecaac378649859124163044a987a82e895581d4896b257e5d8d061d2
    tx_idx=260   0x5ca3887ac2a3020396d87503def4a98ea92afcc3494e02cd72b3ea8c24a17026
    tx_idx=261   0x1c3a9fb7760a30bbb898514af63c0eeca3bb46ac3e223db23f4550259915d3a9
    tx_idx=262   0x0555fc72f61ee4e38170d1f41ac552207ab84c4c856fa42802b997f8866619bf
    tx_idx=263   0xb55761bd9387ca596f7b5f678da59cea608148737325eab54174e71c708c24a3
    tx_idx=264   0x609fa07840e60bb662e959e5c061b94bd496ef9df93f3c7f380ca1c0d49c4ba9
    tx_idx=265   0x3cd4d31025fd7a30c9edd40cd137fa5008b130b22e2d5baf3742fad16fa6855b
    tx_idx=266   0x99abd6e3fec021c6a4cdf6e5e8b32049365a2c3e2a8de93b09a0bcd5c2e4102d
    tx_idx=267   0x30b90d4ac652319ee5780bff969b8a40f7b7d48a870153b600d2735ba81f9533
    tx_idx=268   0x98bc4bf1857e299b36938ed87ff40338848688935fef5d01ee66d09b4ce99269
    tx_idx=269   0x8331195489bbcdbcf972bd6b1c9c19787b7228e925117a6786581e740926bff2
    tx_idx=270   0x3421fe616adb0d29c0422ebc349c50c3d7781e66ee8c896b6eb4e11f709cbe59
    tx_idx=271   0x01c621906d4cdba291cb7dd3d233db11a1feceec5a9100fdf7e3b77c635d4be0
    tx_idx=272   0x26f89e4affa6ede2f805b31eed93b1b3727c31e3f39650be073d9354b2a0840b
    tx_idx=273   0x28d9b4d2518a1dc695f979f656eaf9d2c944851b6742d85a9554eccf8b06989a
    tx_idx=274   0x0dd3bb1fa8a3d55167e214baddf699007c3942d2fe64a997d5c1dfafba985991
    tx_idx=275   0x7e33a227024b37b6b8f66e5001429a7482e4c28796bb6544512f9374aab3e1df
    tx_idx=276   0x2e251c11726bbb9c763f09f73a816c9bb5240fd2403a00183fb330d0b5b9edf8
    tx_idx=277   0xa728f067a4387949163bfff14e51fffc903eb5f1b98f50345a99381b7c56c6a9
    tx_idx=279   0xce3bd116ee39403f37ea5f278ce61ae9303cf87564ee22c496486e7337f3125f
    tx_idx=280   0x5a1e2339bdec0f6b326f112b8c0eda15923404b57d28ff6c3c2ec92f2bcd9480
    tx_idx=281   0x4c919e2eb645af1fc80dc1298f7578bfad55ea723d33c7629c846b781a2f7a52
    tx_idx=282   0x2a18caec6fcb5dd0faff9feb57bdb5308f7896d6a04aec7981d4e61f589bb96c
    tx_idx=283   0x5f71ff06c5b43a4742176cf59fb188cb9a39336892bb774ed3697b5eb3f2924a
    tx_idx=284   0xdbc3e0e01f7883cbb26889375c622f290084ce71afbde729fcf875c0ad02a117
    tx_idx=285   0x24320609c6a1342a2da52bc8657bcf6a324b50061da954866cb6885d7e915a73
    tx_idx=286   0x4ade41c1e34584d43aca1fbff00088f79d3122276fb8c1339cf9b530961d7e27
    tx_idx=287   0x72fd0cb2d5d7d31e337a345cce5327f211174f6b7d759ee9c1e03941c5433db4
    tx_idx=288   0xd56a765b1f06564214bc07e67ae561639ec44e58fccc7f80b289e109d54e49ad
    tx_idx=289   0x2ba27890f3060c8b7306d0cc9ecec037ed8ddaccb9f7be7f81627beb4f5cf2cc
    tx_idx=290   0x4df4488e6590413aac2331a88b0af42b2908792564aa22ecfe45020c3b757c30
    tx_idx=291   0xad5e416ad78cc2bd14409f46633175c79c60083a804b3ca54f8be50a3f76c3c4
    tx_idx=292   0xf902aeb80039f7e4a3fef27549402ae6984bc5e89f5c1df9438f4f361d55a410
    tx_idx=293   0x066b53c2ed6617457480df5f4fbcb784217401cf813caada1bfb5d9d51e9b7f5
    tx_idx=294   0xac87d3e871e60119322ac052f2118bffce3aa9a84280b89d1cc47d0ab9401086
    tx_idx=295   0x8bfdb448e4a31fcd807122ec2f2e0ce880280dab470fdc42af7dcb234606914a
    tx_idx=296   0x28e49f1e7332e420fa4ca76809fe1a730b57dda5cbfa7dd3900d5a54b47a36be
    tx_idx=297   0xa1be7086654aa42efe8f1dde89f56e04e68650b013609ec0db274b0b8fb9def3
    tx_idx=298   0xe46a1ae0df882921c6d06af7d7389b982baf431b166b014f7c0fe55f83a8c127
BLOCK 25549938  status=OK  canonical=328  stored=328  bc_tx_count=328  canonical_hash=0x49a731cf6120f89fe2b3fe3269184eda631ce56e27b0163da447094ffdb886b3
BLOCK 25551606  status=ORPHANED_SUPERSET  canonical=37  stored=573  bc_tx_count=37  orphan_only=536  lost=0
  canonical_hash=0xc607a8803abf30ebb465ff2cfe3b3a9175c7aaa47c67e76ab4cdf36cd5dc129c
  ORPHAN_ONLY_HASHES (536):
    tx_idx=37    0x3bf394365b1bee8ed304f04099829d29f02eac6ef1a205fb1657886c73bc1c55
    tx_idx=38    0xa2ca1efecb172c3ae047961da2aa1b9d237b8e7b1175f434984dab71633372cf
    tx_idx=39    0x1a0e2671888bf7e30a1259ece195ef9407dcd90cfa0bdbe998f2e555a9122d6f
    tx_idx=40    0xc66297f25679071b764edd686bf214bd8942fe7463d08e9b9dd9fd304dd51aea
    tx_idx=41    0x95375e6dc11e6ddcdbfa4fc19bcf156262f5a851a2c85897949ddbda02677bd7
    tx_idx=42    0xb9625c97a1114bd8ffe8abf4c5abad70b7e8a393df6f7c7c8757a2bffc84cd57
    tx_idx=43    0x9aaf1e8538a248b70ace43532c8d3d07bed7693940ec807877485277543ed167
    tx_idx=44    0x398585a194cc2d3200fddabed58fc8c54424304727959734ba9eaf434ab51666
    tx_idx=45    0xf553d1353c11a57656696e29b1defadfdb9ea063648203d27afb3b9f696c83c2
    tx_idx=46    0x7393ccfc5189c3376dd22b26095320d67559d415e508c12691212f5d34be1be6
    tx_idx=47    0x93dbf34f78f9dc35ab26a31bdd5c453f0caca59d55f9ad0235c3acfcdfa8648e
    tx_idx=48    0xd4241603070d07ea4123dedad1017b291acddaa49378e82d2cd3f107be898fd4
    tx_idx=49    0xf1d85f6a04d50a464319584ee66b88227164ed7955e777a4209752bdb4fd5ca1
    tx_idx=50    0x2b9aae87deec40707354e8cbc8470203405b239c37e369fbde74bb1454124232
    tx_idx=51    0x828ce46445bc67eecf51d42c2c5dc57e1ff4f1f6de29501672159c3cf5cd7a4b
    tx_idx=52    0xcee1225861964f4d1954b2c4d8c689540ec9800044b60a23f80fe9bfaa456cb5
    tx_idx=53    0x4903ded5fd9eade10f5f8eede504045c6e540519d97503f458b21b648848d054
    tx_idx=54    0xa8b7709b06bc45fa93858808c363d858a10373ae99aea5baf6984451df212713
    tx_idx=55    0x71416ebbc43d3676c8c4f6168065dccdaf3f56b252cf5e5bf804147cb422a836
    tx_idx=56    0xfdc65bb89b87aed50e178dd65c86abfca777287a16a5149d2962ef6660a97e44
    tx_idx=57    0x01946e345ef607d570d36c376adef676a9e6013195a2000f639f53e7e28d96f1
    tx_idx=58    0x19c61ed0e580711bf05396bf2dd3bc291f9cc23b9a50d7f4951e983efd214d29
    tx_idx=59    0x8c152c1909c0d2c2c176de746e5308efff28d6bfdc2f7c962ab2ef49e37a3b1c
    tx_idx=60    0x6aab3637724c4171f40ef4959c7c74c0ac209a07de22287633d22c8e441df0e1
    tx_idx=61    0x07d972272c2683a0c4bb1489232f92e7c5476bbd089402d781c700f898c66ee3
    tx_idx=62    0xf40b370f11a4660d16e2af054c6f91c2936e166183910c4de36eee23fbcf7229
    tx_idx=63    0x068b3bc5d59080827c98c25d08155fd54b2260cdd797a243c5376c3ca24e89be
    tx_idx=64    0x7c490786d2a627c9e95b1344ddf5bf4d62ebd95474eedde2734cbbfa61b7e2e6
    tx_idx=65    0x250320a64b1c23bf36be505faca82e1c647d2fc92f877678c64eb4361c4cc4b2
    tx_idx=66    0x58b48aba57d6969179bb4a2d990ae86705d899eb3aad93098a5bf743dbe09d5b
    tx_idx=68    0xa245982a3beccab53afd794c60085fe375f4f73cee9601eae7f941d0b38cd061
    tx_idx=69    0x3b8a9193b5b8b1913486df6c8a6cd86fed37fd7aefa08eeac8e7afaa5de5c6bb
    tx_idx=70    0xd0df60ce514d2125eca4f0437a09d234a4f8d065525c0314f5e10fef5851d251
    tx_idx=71    0xd0d6e74422ce4de65de43aedeeb859260bf242703a11323904a2d4cac79fceca
    tx_idx=72    0xd7333ec3a63254c4df80cb2b9a656f8dff92d0eb9a1ae3f756f9f7939eeadfd1
    tx_idx=73    0x3371b23e0213207567dfa2891a99e2950136df7da0bcfe3fe670649fd720fa48
    tx_idx=74    0xa80b4f8345fced420314847b037f0e9d13a48fa40d99855be5817498e302f063
    tx_idx=75    0x17d5319da9356c28bb31041c99cdb4b4d4c37c5cde928b3ecbaf1f34f6ebb1c0
    tx_idx=76    0x9569215c909f0f7ab6ab1b1eb0b7c76b1769f0a01740858f390a1d5dc727b757
    tx_idx=77    0x97a0272b57546e71265e17f83ad787a19affe53a8a80638fb7d4e8a13fe28ac0
    tx_idx=78    0xe13d6828f8e171620a7e4d93600acd73f436459df9230d7fed60153e8462623f
    tx_idx=79    0x90d8b3fbf64e3e1a333677364b7e60ae272638b50d1a808a1918772b2251e1aa
    tx_idx=80    0x4d70d7c7f0ec136a5541b11658132f0d364d65d928b3b1c49d3c4480398441fd
    tx_idx=81    0xed48269c13e61d86cee420d3642a9cae0dba7ac35422f40405879b00f411255f
    tx_idx=82    0xbc35e715faa96eac936b316f8514d66c1a532b0b168091d816eaf69ef9dc4408
    tx_idx=83    0x9bace1f6afa5e11582b1ea224cf57c10835002da076de95ff5f5b77b4d8a1e98
    tx_idx=84    0xff5b94912787453a9d50594afe85fa25d090cc1ed787b0283cdc6e173b7103cc
    tx_idx=85    0x721ca0c24468685098367ce3f81fe538edd0967494ef3e4ac0234b54d3381ba7
    tx_idx=86    0xd626b6a044f159497453c81bb2ce1b0505b7152b6a6ac4cce48606096f0f12ac
    tx_idx=87    0x2e5239b60b79cf414fbd48f76f6cfe003978c635c16dd28aee7f78a141d83e6d
    tx_idx=88    0x1e6745cf0e6fb0e23189fea0c4e19d83f56ad84010e7a9af224b0784ef8b8675
    tx_idx=89    0x24181e1f1a758bc0e21a26be15622e76de4997e3ea7f35740d49be7684ca85b2
    tx_idx=90    0x81bfc6ff5cb6eb2c120220c314095d6b7265a0d7418827eb22d5fed007356e46
    tx_idx=91    0x5c1f8c509659e682ef0a0990bfabb01278e46c5754fb3bf5c377c3803c5b5f64
    tx_idx=92    0x8a9f1164c363567df7d00a96e7eafda2ea8fdd91477f671d976d5d18fd9b97fd
    tx_idx=93    0x08b0625393845a2e1dda8e8b46608d19c0ea1c926fa4815d25d1c48b32663199
    tx_idx=95    0xfe8132ef95d5d23894af1ba6a8f83e9fc79533f0226e3434ab6ba99601d9b2be
    tx_idx=96    0xb9aa15f5b9eface906fe36a72546c41d698b5c9a71585eaf1f57a5efe23a555b
    tx_idx=97    0x13cde75cb29bb0156cebb607a4dfa92a4ceb395a4036463c0d7dfe62b0120b48
    tx_idx=98    0xf43deae27f1fb832688c7d07886c9e819a4938b099452335961f0f1829000dd9
    tx_idx=99    0xf2065569003c06102a0699c3dba4409d29b80b776436c88dc7e4821772644cec
    tx_idx=100   0x0089e55d4841f577a574a396af380a4314f56cd197547793bcec3372baa2e872
    tx_idx=101   0x71699b4023363ca33a758c018c0e87313feb064b65499c176a58080b19dc2373
    tx_idx=102   0x65809d4e34d61af14b1b4a2501b5cf1f13d2046bbc9e917445f28b2f054948b5
    tx_idx=103   0x404a1623e0804fbb884648167e0f44415622ba568a5140e1e9f6e004bbb34db1
    tx_idx=104   0x1cb1587efee3be3b37031e2e28114605403e9be0d2d69b79908ef8c2035f0721
    tx_idx=105   0x883fdd85501426ebd59e51df7da0891be5302b377073ed4d1e9011f2b26001cf
    tx_idx=106   0xf2b9592df471e023e48b90d5d6716678d95c866977de8eac6c7c3bc9373ece1d
    tx_idx=107   0xeb3dd37e46251c379eff519bb557905953b5ed020bc04f3b48e98c6ddf8f153e
    tx_idx=108   0xef543aa41c4731331ce347b6941e0179aec949151d51209ff2224d96cef395d6
    tx_idx=109   0xedf9d640e434f1b5c2d76c72ec651ba148dad07c4513d88e2ab882589144c050
    tx_idx=110   0x6d8750a241ab99e8b2dfeca79857ea71a2cd5ff94b26a93f890183c142edd941
    tx_idx=111   0xd4a537269badeb91cd9933e01408f62a42c26018d4ddb8dedd047b107cb74bd7
    tx_idx=112   0x6e8347da87c286796f50700bdda8a3f29700e4f3c719022673ae40c33586ed15
    tx_idx=114   0x6372cd372320c6a5c59faef582d66fbf326a77e2060f403ca02fbaa3040e420a
    tx_idx=115   0xd0021d30deed2b9735b1afcb9ce2f94c4b6ae04699147fcdbee5c14397bd5d89
    tx_idx=116   0x6d9068015c83ba58c3560d1e84c9e0eb414bebd1db203f257093fd9b8b752f71
    tx_idx=117   0x9e4a2d4800dc962faf7e7064446a6f5c65d1d226fa1f465555314f1df9723693
    tx_idx=118   0x44fc19883e6db8b33033849a22d51c56bf94d2be64e1512aed007030a1c761f2
    tx_idx=119   0x77366300f354635601cbccc918462fe680b25f1cb5617565721794536564b963
    tx_idx=120   0xe6869e0468314b10c48f85e248444eabf75c4f5390e073f90ec48c01eda3a4a6
    tx_idx=121   0x1cfa70f3773ba9090de9107120acf2d8ef95f3a72fd6f09d4faff962df26cdb2
    tx_idx=122   0x033ff4de320a71987c88fad5b143531b02300390f973a962414eb5ff62893ff9
    tx_idx=123   0x2dff392de2feab2f2f4c6eff81868fbaa5a6d9cffbd2ee90af11d94fb4a02c12
    tx_idx=124   0x00d577601eb2c10816c594fae6af00a688500e2d0195ec457c562a719e4296ce
    tx_idx=125   0x3c5c65ca58c00bfcc607b25d09ddda5d02af6967199733b8b0b62688e1b44860
    tx_idx=126   0x398e56cb55e63a3874f0ae2ed5f9bd7ea2ebbc057f2e885724ef503b6be6f77d
    tx_idx=127   0xd81b065b1ec51c16eda260d130212ad441e334dbbf2a8f6ea19d3caad228f602
    tx_idx=128   0xbc336ac147193278f3daf82112adea2e7a63776353340958c4cc335074964e18
    tx_idx=129   0xb2dc51b7115199bfe5f359b4910087d777d1b2ba12e6959dda045885ab54fa59
    tx_idx=130   0xeaf1f3b9989836d75efc5be6f61dc6042a3e1c2573d2c85a018bd51cd74d8f6c
    tx_idx=131   0x731c23edce22ccdfa79f3414fd5204cd41cac9b7989d5c3f7c3cc217c2edc780
    tx_idx=132   0x05a385ef3491c638a4855a6edbda134645139f1fbb7964bb3c09f38149d9df65
    tx_idx=133   0xaceab6d866b205130a34a128ccf417d11186832a91ddf3cef337781d94c4fe65
    tx_idx=134   0x14e62abad21a2ba6f697d2874b4311f8bce5c9c29794a7231b5083b99aab6008
    tx_idx=135   0x6937683e1f4432a21cbf8eac8f90ee1fd41aebefd6c34a4ab3fb937b4aa67e67
    tx_idx=136   0xa824c4e3eb620cda0283203268eb4a6c713b52a24fbbe2de1dd3390a9a05a1a8
    tx_idx=137   0xd31263d8a5b5ac407fb9f9f70a6d06de472751bb17f976b0cb9ac764d0fc7945
    tx_idx=138   0xf04b0e152547eef7bd97aa0adb80da10f5e2ee4c6b258b3af5d24267b192c525
    tx_idx=139   0x39568f40ca4719c6aefeca684bcbe8667c610f7717756b21e98358f5c9234abc
    tx_idx=140   0x3b3691ddf79938f7028b55944ac8b7b51f19236a689a25a21fc22d02e0860bb8
    tx_idx=141   0x19902b192a1cf03df75ce8b257f85f2fa2316d438a77ffa2031ef49b05a1df3d
    tx_idx=142   0x784d173c63f29dada914403fb90a103b22f96f34886eb66d4de8463652e90d52
    tx_idx=143   0x1c7d3d8198183d88c3302fe876fea909573f83a1ce96b99f0bbce46c0c80a259
    tx_idx=144   0xf0f6d04af5d5051b909f4558011087c6f82d3a12c5ce2afaed2610a8923487b0
    tx_idx=145   0xf909141e1407d79fc1a4a918708644a72b3bb7fc3cde387a7f251ff0878f58e7
    tx_idx=146   0x4f486570310feb77afb7578fe5cb8e38ec7bf51cd07da31215b63ffef5702b3b
    tx_idx=147   0xea21a5bd6d5a72eec9c7ca2316a5cafb70ae853a1f997c6a21ced58849869c82
    tx_idx=148   0xff67c17d8487d75d59d47e0acc09cafb3659c0d9e464ab9c568799f066a23d03
    tx_idx=149   0xe7b24efe0f9313ecb71810d205bc7c9f2deb16a126d4ea6f670aa642d02a066a
    tx_idx=150   0xe13536e92a4a901ad58a5e8e3d7eb84e5d26725018d9c8f4afe538d536f3c906
    tx_idx=151   0x033f20ad4749980b8198c87f8dd687e3cc710d1b08b13f68352e9aa2cefcd89b
    tx_idx=152   0x989c24955b7c52337f1d33add5560eb16d43bbad26998d08d76aa8c9bb2b0140
    tx_idx=153   0xab8d0609111440a73228e6b2c0566980966383a2a800a6e42172667b9e2b547f
    tx_idx=154   0x156893e43425b5e53a5ad6abcf3a9cc1de5c69ee91ff3fedaac4d2ec84bd4755
    tx_idx=155   0x9fcecc6c0c750388eb3b4cd96a9ee649ee39a09a7ed837c9f105db206f076cb9
    tx_idx=156   0x48e4ab2c29f75bda2293f9b3899245c533c5fdd91f2a9009ed2c908d3f7de2bf
    tx_idx=157   0x894b18fa2b3dc4d8a0c33a718afdb0d78b57fc8eec9844aa4430e77da9d60e4b
    tx_idx=158   0xcee6e158896df14114730f70216302056825a9a7e806a3e6b5d22d98c787c812
    tx_idx=159   0x989a11b574641e67bdea5f6dcaa9e4ff208ce60ea24a8f521ddf41829dc74f92
    tx_idx=160   0x2d45fa8f019b00b00e5cd1335130501c439c46cd32dd22fe3e36e171e6546449
    tx_idx=161   0xf33efc82f8001c78136c71c2e4a568855b4d7e93ee79e056fee7b76406ab524a
    tx_idx=162   0x8ae93d89bff27622144538d39608353415339f5d8928b5c9979dd0a00501bcb4
    tx_idx=163   0x656cbf15bfc0ce0731cc4dbfa2ba529c0204e4b09381da53c127089028128e5d
    tx_idx=164   0x1394604eeb057ed43b7a66545027eeb9d9f4e9b00d9e3527a925c577094c9b84
    tx_idx=165   0xa99ddbbb8ab9ac6db5bc7a1bf26ec79131fb786b497201ae43fdb05af59d3ce7
    tx_idx=166   0xc471784f58eab265c43cd1b67d3ec19b008112e4a40814e30c7c90fb305ae632
    tx_idx=167   0x20be0c9131c5003bb15b84ce915d2acf351898fa519ecc8411301f94bccd2c9c
    tx_idx=168   0xad55987f81dff39d2c7a28f90d1cb9fdde6820322c8d44d4734e40ff793efbe2
    tx_idx=169   0x8f55a1b62f706e4297e616d925b780ee8fb1a76c4df85b453cf01699788fdd0c
    tx_idx=170   0x4763a5f3f92fead94a30b0edfb03e5a63eafecc1f9ddbd7d86476bd01e4a00fc
    tx_idx=171   0xfe1c8a096746561c56d69fcba402fb83387931a70ac23c6a2299a406965fca86
    tx_idx=172   0xbf94104956690a1191fbb6a5e8129026614eb28c780b1f2db1f9b08b22ec7f55
    tx_idx=173   0xafe2871125cfdf8e377054262f83964d29cc08f2990bedfd9bdf99de015d0824
    tx_idx=174   0xc1d33fd2280b1d28382c985e22242da4a29385cf5cdc9738fa0b94e9599a697b
    tx_idx=175   0xc838755a67795f7623fa7e1996ba24cc073c943b15f58bd788e303e825ff6553
    tx_idx=176   0xced73652d916386d1632fb883e6621869e62c185986553a204440fdf4a4ce06e
    tx_idx=177   0x2c0f099e6d97ca5a848099195826adcf654a65b21a43898f550a7161e74b45c5
    tx_idx=178   0x38d6c79ad70478b0656033f38c8f469eeb0dc242e698d6f1bf858aaeeff069ae
    tx_idx=179   0xdba27b9b63128d4634c5f96416421e2125857b38161ea435c085728636314211
    tx_idx=180   0xba215864136f2c875e57c3b5c3c7a822a1cf3e9c585fee416ab4c0d46a73d584
    tx_idx=181   0x5ce205225955a9383fd3676e27001294076b098de191027985c9de49cde485ee
    tx_idx=182   0x879dca9b8e2b3bde358406f651839dd3483a9c4f94be5bca4f81afadf27febd1
    tx_idx=183   0x984de7cce95508f1f5eb8c4afb940e49f025a39cbb17ab125edfefd6ca9b93e3
    tx_idx=184   0x612a70629e44b5b3c9440b42be28bc44caa1580207b6e580c63b5f2844925fcd
    tx_idx=185   0xc59688a59c5df7afb51e91f707252e3b59ed8be39614439fcefd71ba732cf3d2
    tx_idx=186   0x0f95309adcf17ab626a9aff84f88ff401ea9f7d557e96d7d0b49b22761210d39
    tx_idx=187   0xb352668c12daad8318f7450b155235483553ae332147d35532ec54727d461b2d
    tx_idx=188   0xf71a36d71cd6f96959cb06711c36190208415f27b960a1ed1f1bd7d15438aba4
    tx_idx=189   0xfbccd20802aff5cf4730c6ab3ef29381f296649c96352fd83d2114428f9aab44
    tx_idx=190   0x0f146c4008cedb5c89017300d7245e7760a83fc3e38130d07a873c4457f3fde8
    tx_idx=191   0x49e272ffd905008b71e0cbd2c11ca64aa1701d06303cb78a1e8ee0aa3f9e5409
    tx_idx=192   0xfe0da96b80999bf8cff0ecd4dd97150ee846d8a87bf3b712194f8de48a3b29ff
    tx_idx=193   0x7e5b7f39d3c00f4be3a6304b3320b8d721b6234997714a32ae058e485ccd73a8
    tx_idx=194   0x090b2fbbea6242af35e786ff96cffb71871ef29b4fd6ebe7f0cc1179e538616c
    tx_idx=195   0xbfa46a08a54f4e932ea89a8fffd510ff6d385888e5f21aff9b52ba765d83e2bc
    tx_idx=196   0x647287b645e854c1fbaad832ae2e0173ab8ff5bbf21245304ff33702dfc85f1a
    tx_idx=197   0x36e32defb8e8f6e3e7dd887e19cd810f6245eacde2ef842fd23f573a4d54be0a
    tx_idx=198   0x337c7c445724f609a1d686a7edcc6ed2eccd51a90a3bc78eb712a77cabc06874
    tx_idx=199   0x5e8a1fc11b3ae0effb668ee90b0ef1f9d63ff6a5bfb9a239d3f8a782aed1c240
    tx_idx=200   0x1c35a3f4b554b6499824819c4b1aadd7377e2f7f699557d36f7b6689a956367a
    tx_idx=201   0x0a1cb45c58c96b59ec59f014b3dac8cc8454799eb43148b7b9cbe8b93a93766b
    tx_idx=202   0xaa16313cc6b5c5ba64d171cb7288670973789341e235018957cf4576b993df85
    tx_idx=203   0xe41e80d45feb202bb25697d60994043fd587aac657a234000fa9c1fd45eb39cc
    tx_idx=204   0x3d8bba440e22daa036dc3f8f9e7eb7080b743dcf45c95e0cfcb865c361aed9c8
    tx_idx=205   0x5418842ebf4703b3e62d3ec535a839e408d44fddc54ffe8cbd2a8bd8a31d5a2c
    tx_idx=206   0x5670eee12c071e9a9d6323d27c7ad2251a604d7872b318c2a5ff65c07cb7814f
    tx_idx=207   0xda80fae0461e504620fb4b1fee0ff724dee4a11683e7ebc067ce0fba8d0fb359
    tx_idx=208   0xd4220088f3c939f028e6a0a08ed5fdd3a16a4b24f8c169ff3756507ba758d24b
    tx_idx=209   0x4cd261031df0809bc88ec0d289c56e7073bf29a361f20d70a6901ec21f1cd4c3
    tx_idx=210   0xdab394ca5f5a70323bf0c75149f571a4fedabaadba6889806eb9c9590bb1bd66
    tx_idx=211   0x3477a412fd85cd8c58db4bf5472ad2e60038b4ab973189b69d007321d3634210
    tx_idx=212   0x07e7baee0eec11f43cacdc5e9817e4e0840a21eaab5915b9315c0715fdb2492f
    tx_idx=213   0x54d65cc702a482699b000e09fdf82b8e27af7ecc4fe80f690ea3c7f92cd78447
    tx_idx=214   0x2e12aa6f0e9b1a3e580defbd9cbce57a474316ea80f98dfb399ae3999e36cc06
    tx_idx=215   0x3141cfbef3d4e7335c24673ef025f09b7228a8a3b9f624a99f6277c20e9d286f
    tx_idx=216   0x08765a2407750849a2a13a333177cbb2555ddb8b23fa673cd4957f190672784e
    tx_idx=217   0xfeae59eb1879741683176b5db67d5e4c1469d314b8a70852caa9b2c171a5a737
    tx_idx=218   0xc2ffb3f8532e342c6d9f466c3157b34e8bc6739de0f9b1b6e5cee350f4486da9
    tx_idx=219   0x61555ff4450f6b6eee06c3e5ab7112effc98bd019cea55e7b6877c9d2e83ae4b
    tx_idx=220   0x2b671204ab2d2269eb57c5fdfa64d31bb6ee229586f01d9fe101bf04f389cb40
    tx_idx=221   0x9f2db27f1b417e525e0fda4013dc7a82f7a297d74b47b5260f46228636062bbf
    tx_idx=222   0xdcd0f7baedcc2138ee469419bfeb86fc728ae7893272e7ee967da2df52c5d4af
    tx_idx=223   0xb50690af2afacbb677d214bdf51b588fb2145b5b24fbabb970ce7d2850e39027
    tx_idx=224   0x247170b1ede93b9fcd13dd577c75d58439c4085166d1c5b61bda7ef2a2efd65c
    tx_idx=225   0xd59c66ff5d6d3181831253e848ce341f113c722815f5c267aedf2ddf98961476
    tx_idx=226   0x418367f46edefc9eda10c738874abc7fa6497c763715cbad7e6a6f886d74f0ed
    tx_idx=227   0xd5a96d88f0fdb87af9208a2014301648e366b3c0798fe1f323d3460d2508d1fb
    tx_idx=228   0x15a53ad3a732ba7b78d28b89e0692b1806b924cf7ccb76f45c83f14e71c7cfe9
    tx_idx=229   0x515416305ace93b0db5b4fc597504a5b6ba6703734639a3161a471cfcc234230
    tx_idx=230   0x2d64ca9179e9a3b2accb41477904d4ce1dc72a70f07ce0affd2c003d908fec1b
    tx_idx=231   0xa5294bca6b4a6a807566052a248f8afd3b40ed646c5e6fb68e0efbd6da0b302e
    tx_idx=232   0x13ce20a1480e3bd93277ecd4ec9e4363efcccc636edccafe04897c56245b6b47
    tx_idx=233   0xd57a3f638158ceacb47f88f44524535174eeb06683aa6d92a6b13bc83273b271
    tx_idx=234   0xcb29ffa26696abd7376ff540607d279ec74efa635bdf2dbecba14fcf2fc8cefa
    tx_idx=235   0x25759a5c3fc1f985fecc87793401adacee066ae54c3e2078c343a913cdbc99c6
    tx_idx=236   0x0e3cc1d262d9bcb596f6e274a949d8705d95d918219dd6870420411e8c231ec3
    tx_idx=237   0xd689686537831bcb578473b1bc5994fecac261fb18b2c6dbf557044e377396dc
    tx_idx=238   0x3b35437d011e616e66820397a9380f271300b0b8cd638fabdcb691aadd6a83a3
    tx_idx=239   0x12c15dd1b7f35e17c94f08711eb8409e4983a17b0271b517d32d5c6fd50d4ee0
    tx_idx=240   0xf1e24b0a6313024099f80b170c76a5f133be3e7284b0d92c0061a17c0f5490f9
    tx_idx=241   0xe65b1775ebd854df27c5f79956ee15b072a719b01a93c4149198fe653ed72e78
    tx_idx=242   0x2e2d9ee8d417a729d4f9465521d9d8da2a123fc052a968838c04b46363505713
    tx_idx=243   0xd04baabf74041d804b47a0d3f8f23f09ec9cac8418289456466f581358ba23dd
    tx_idx=244   0xdc4d9d17a4b1fde11474a68582c4c3a6e3ad749d15ea9a417143df602e87b88c
    tx_idx=245   0xcbd1d497645ca3df2c249220fa033bbebd7227ef87fae4f96bfa552f6854092f
    tx_idx=246   0x2578728ee9a8c7504f042688bac6957fa12ec937121d720306c5ffd8ff1789d4
    tx_idx=247   0x7e2dfbfc8698e76148334534b4fb5fcf5ecae5d82c64c813eda2f5d9302741bb
    tx_idx=248   0xfb3da053c45d498a0913e87dc5ccf660c195bcc0b83522482aa4721bd6bca99e
    tx_idx=249   0xc345d01bba87bc2e4ca9e24bc54cdb8fc0ac4ba107c864074088661152c23026
    tx_idx=250   0xdce8b74ad507ee5ac610244d7b01ee2465c36270da9ee95a84afaa976291d4c3
    tx_idx=251   0x43725d6d1e37596b5f35c47620683ea7cc0be4761e2188a7cd9e4fa13c9bf5b3
    tx_idx=252   0x2632c8c38307f6a6f22190280253cda634d4be2bf107528becddd866695d5619
    tx_idx=253   0x2fbbd16db21ce75382a8fc1ab8568010f4b0ba9b67d462337ff36ac6aae22a0d
    tx_idx=254   0x187e46766fd021899d47154fb766bd06d09c1780853a5305ffc9f5e733ab233e
    tx_idx=255   0x6a6badc7c73df146f17cb5cf3f6ceb85c0b8ea24532105d2a12bb14866e53bce
    tx_idx=256   0x938b34339d2f10e02609bd78d214d8bc92c586a64060e8df37794397ec907637
    tx_idx=257   0x95087821266ae4ecb90477c8c785b3685cda4a98280e2bca235732f36f6a8cde
    tx_idx=258   0xe437a904850c596f11db9f73aa797b42dcdf12e7bb476922db8d70ebcac09df3
    tx_idx=259   0x7839e7ec362f6ab114fbca7ebc8923ad43b5e147dab521be463d4f89943daccc
    tx_idx=260   0xf4dc45db6a18c59e0255615204f86f80237149aec7ede1ed00b3f157178f8eec
    tx_idx=261   0x54dd6e1b24e710aa19246e8f79bbb8ca5ed981183654d2c51637aa38957caf3d
    tx_idx=262   0x6baa5fb0ab4db1b32b1d820a4a08bec146589dcc4095a6da8398206994eaa8f2
    tx_idx=263   0xe9b39e21692f042eeb29a5a1ccab46c54ce0a393eebe4d486b33549be7e5b24a
    tx_idx=264   0x04dd152223a9c2ba8a947ef538bf1f49dfd4fa42ee5099ddf630d9bd0b75118a
    tx_idx=265   0x72505435193a9052398882cc4bfe54f7d3a02d19c663e56053eecacfd1cb47e1
    tx_idx=266   0xf34e144ce4643096f2847668b9d0b7568c565ab8b48acf0a84d69c8800705391
    tx_idx=267   0xe58ffd9b93f70b4b57f03847f36d174f44fbef21f60cca78fb2d725bbccd74ab
    tx_idx=268   0x5f1ab55ad0f10ce7a9d50a827afb65a6a201f9937495c81ee3491eda93bb5a1e
    tx_idx=269   0xde4f6c65003b4a6cb3013ca9e4e1b2ca0bc1b07b3692cb9e18c535307f4b460d
    tx_idx=270   0x2344b01657afb2449a7e0f88d9416dff894ea5ef3ff84491af75ed13f717fd41
    tx_idx=271   0xe8821a6c44c6fcffdaec4062b4f3b84fdf67e1bd8aac43a2a88fcf2cf86ce263
    tx_idx=272   0x2209d104a1716841f523ca0226a3d20f16afbd958cb68581d1325f086f3fcf7b
    tx_idx=273   0x37343cde60b1fbeeacb2b5621292a733fe76d16649c8d3f4dfa8522b6cd85074
    tx_idx=274   0x661b81b9ff42ae76400b244ff37218a687c3416e1a32ad74352cfff8be731532
    tx_idx=275   0x16e7b57cdc61f07e6036459eae11194d8b191f64ea03e21778586f9bfd21e298
    tx_idx=276   0x4c5aac634f5c39a750d80fb222956739fb13a7e2feb9f6129d886d947c81213e
    tx_idx=277   0x8d51f09792fac65db748d8b742c83914ce92a76b8f67a3aff10ada0f721f5432
    tx_idx=278   0xde2c272ce2c1f5f93b91258db58795b2bd249de5513a0a5d968b1ab4d41b8329
    tx_idx=279   0x34e023be10622ce2d66fd96678820f72f0fe260000128b698c029d9ec1911665
    tx_idx=280   0x3e0bf2ebbc081803e0b440606853507bf0f96e0fced2025af59ac8cdf48a9aaf
    tx_idx=281   0x6e655e9807fa44c8a8548be935bfd5aec4b46a4400c46baa9123ca66c72e87f7
    tx_idx=282   0x61079d46c554c57a80b3609b824c7e08bc00c51b80906d8b63bce4dfd1212ca1
    tx_idx=283   0x0921b6090dac90cb1069ca169b8eb8051fa309e97c80733c4fc6fa2ada87d5c1
    tx_idx=284   0xb2d45c39457d5764610eb261a12116634ad44fc3b8d074ada46cb2e4e89a3d2f
    tx_idx=285   0xd894e72cc07fdc23f3a25ae1091e046e9a1b299216c7c580f3ebfd2267473bb6
    tx_idx=286   0x942784fed49068a51932d1deafff1eb444d87d07ba31862f5cdf12e5cc03eb9e
    tx_idx=287   0xc65451130c4970b76c85d292add9de9e8be95eb6b7e43195f527fb6e09f5a276
    tx_idx=288   0x7c93f83e66daf83d8eabc3d77e30063c00443b06ac3fe48b403611dba8f98021
    tx_idx=289   0xe88fed98df3930266ecab4f61e04c90df6d8c0bd2398462d2d5007b2e5d26576
    tx_idx=290   0xe51f644292ee3f0962b34547c2d60752a2372571b8200c63e3b4f79c166da8cf
    tx_idx=291   0x68a341d6d7302d95fe6712550f770aca5146118fd126959e01f3cc5d5fd311e1
    tx_idx=292   0xeca9ca85288c81d0c7d0dbccb0c9558a8002c086312ba05715849cedd557af09
    tx_idx=293   0x4e8101f1f17d8ddea66419afa83f0991ac640f3f3fd188535d19d94b40b1fc0e
    tx_idx=294   0xc6965a6053d9cf9e511dca862bd03afe7ebfdbaee32b3de8bea051cddf66825a
    tx_idx=295   0x04da5a68a405a03034d6880c1c012def48faa0bc182c0781314197cb71e177df
    tx_idx=296   0x031fa43f9d56ba25fb016e77032b4c236eac923586c8f0cdfece7884b3abf0fa
    tx_idx=297   0x442312e658723f1618d5566e941a6f3ac459555ce1ca2234e4f222fdb0b7ace6
    tx_idx=298   0x9190a4aeae689aa192bf0dfa52ded561375776440904e3df3641644345ec4075
    tx_idx=299   0x1eff5d92e4127d609b286d98d08c3e4bac407a793c391a9ca8c29c5d47e80dd0
    tx_idx=300   0x3c8ed62f518ed4f49dc5a04c680750b766dcc50c799647b5251d8dd9aa83d540
    tx_idx=301   0x3bf2dde598e654011e761547149fd047e7c63dce53dfb61b60e0a9cd53de9233
    tx_idx=302   0xf6e879c7c2dd311421290987d202b6c33081f67b48ebd6a6c05a17b83e008491
    tx_idx=303   0xf7466fdeee4f689c5460c9a48967203c1b1b11748921e190d31bf54b4b3383de
    tx_idx=304   0xdac979cc4ea1922ee79b271f91ad54953e568a98b9d25b719a9e0f4528a55f3a
    tx_idx=305   0xbee3b6f6b272e399b91a1508490e1e5cc088023304cab6105b794b12b08f3f7a
    tx_idx=306   0x2939fb659677655337152fa1a71824a98c16b60c18ce5a6c317afda8c6e367c0
    tx_idx=307   0x62a1c97d9dfa5314a4f1205429ef9008e0bd412330b2b1891abd12911edb08ca
    tx_idx=308   0x28383342821dbc0ee1ba2d9966f23398b209cbb137b1fe0b75acce470bc9a5de
    tx_idx=309   0xf18277a925c7e7fb36a72ff3825f1c3ce4918c90f08c1226e0ec5146c5e6acfb
    tx_idx=310   0xf161f4f5199b6da040505905fbb45bdc77c009248a4180953ee88659e6c70774
    tx_idx=311   0xdd0ddb65fd0a8e0d8a0ce4e00a918712c40594ef25cefb06563a071472a9cc10
    tx_idx=312   0xa9b458ada33c0872033c8d17695519760804e44aa8dce4fef8b809f707c0a703
    tx_idx=313   0xa446f1ef7b49c6db2f2a7799fe23c31cc77392f26ecbb7d3ec28125948dcbfed
    tx_idx=314   0xff92ddfe6b3566f02a79d641c1460248c9e1dfc3fedb6b48f3cdbd4c0df9ef67
    tx_idx=315   0xf2e5e61bdc15a8c70f5b8cf9d9c01f3ecdb4c451c9eb3eb7dc9ad304905ace19
    tx_idx=316   0x6aed1243d15828e455fdc70da31606e90bc3f550011bd5f54cf2a6d447d38d4f
    tx_idx=317   0x8035132c3165ad77fa2ee7a435094117e40c74bb1ece538375312b027d9712d8
    tx_idx=318   0x991ec7b9c523946548acda78b56fa58e4ac9459a1defd16a10cce9b5d89eeb23
    tx_idx=319   0xa88bf43ca6a45823751a6fd7cfffa720cd801f7a763b0744fba0464818916b0f
    tx_idx=320   0x8701d695296c7a9280eb2646b892efe0944c712ae201a4556b85dc595df8b3ae
    tx_idx=321   0x54fab9cf4f927d4352504436914e13ea74d1684af6927b01c1c16820f63e89da
    tx_idx=322   0x535add0122b4bf6ae9cb451689f0cddae82a652b01d1c9a5fb65ff985d18eb2e
    tx_idx=323   0x16c668ed81a683279cb1068cd474a480d1b41946abc811196ea3aaebf82bf9fe
    tx_idx=324   0x6725141c1c9b42a71e397fd84acf3583c7d01c28e26487cced8f754d854691ad
    tx_idx=325   0xa554b0252e98b8df048d1154d9b8f30b18f07372bfde277844e5f64f3479938f
    tx_idx=326   0xb84fa60097648307bcd9cb07bbe217b5458faf9fc3498dcb31788dc99151d1b6
    tx_idx=327   0x925f1ebd0be96bac103e33c23e902bf2844740bbed1f2c82427ea9b94a582638
    tx_idx=328   0x7cb3d5033bb7bb0c1194897814a3681f4868f22884df8b0ad043e575513e49ef
    tx_idx=329   0xe5f4aae4de6908099911e332a05d72698bf19b3e5360cd739d28c2a0ffb67a05
    tx_idx=330   0xd574f4ee7d0f9ed3dd4449d1b81d7570d66f5d593c505395ae970e4a097e1020
    tx_idx=331   0x1bc2e32610b662eeca59d2fdc1aedb1b085636cfd5a7eaa2daecadb2c6ab2984
    tx_idx=332   0xcbae0baff5bd3fb919ca5055bb88cdbfc842811ed13fed8ebba1be8715b20ec6
    tx_idx=333   0x1b0f844336eb26743f0a4967cd2ed9c8e586e6384d0bb7cf929f6303a4b21ba6
    tx_idx=334   0x53e1505b7e7136f9b2ef50b33acb298144ab3178763d7e0baa3ec295ba5dec30
    tx_idx=335   0x1ce104e530a6dc08f3188f6552355b761ce9682025cc81cb34245844dcefb464
    tx_idx=336   0x9eef657104bb3e6785752e796bf778ea89914efbfa52d4ee12e968179cb93503
    tx_idx=337   0x2038f5b017274b3c02f90bd54d7f02065eb82cac21f25cc1d9de034663be31c2
    tx_idx=338   0xb88b911021cdf082fc6045bd7f71e12b2de6a5a363f39d1b9be11e56193bd142
    tx_idx=339   0xedf482ba2ddf960eaa26962c28983a5c0b23887355b6d006d8066ddd8e574c80
    tx_idx=340   0xdf915179983c44f7054b6865f0d8cf3060f5cdef8bb1ed62fb77b11cd855f183
    tx_idx=341   0x287aaabb0f33d1e62a6b681949a5aeaf83cd581b861c280e5d15a5e6a3217fe4
    tx_idx=342   0x865d4b3374ce0190cbd9c91f6c13bff18ca0e97ccf902a47d5d724a9f0b0b3d6
    tx_idx=343   0xafcb0de298490dae1261e79acbc8c23c4dec2bb1a58fe8f65e63114baf9eab17
    tx_idx=344   0xd0689fa2d9f4db5a3fab5ea1770b68899da3d219d074890c705ad41301a74b4a
    tx_idx=345   0xfa491760ed7c26d3477eeff73d0dc7b71de3541ef57e9bfd873959d47b20c944
    tx_idx=346   0x2536d58a2a5c03946f9ce7be2fd324714baad817c1715f13e414bd9bcc4c1b2f
    tx_idx=347   0xb2bcfb1cd70c55b73b739c32b255cb7e3fd89b2820ed2f52fbc22eb6c7128b3c
    tx_idx=348   0x8d0002411268e100d36f7312ebbe5bfee8cd39e0f95f73d1ad1d3f70340690b9
    tx_idx=349   0x2ca1588f4319b8902fa02a81776deb3e546f923d2be5d81e859c5a649a5ba7e0
    tx_idx=350   0x2321fe54f352e7b6a389d4957b04df0704e497aea9c6bc162a24a67e9fa2e8e5
    tx_idx=351   0xcdc90088e7530d6462b48c399cb75cac66add16c1e4524a45d08bb0faa9309d0
    tx_idx=352   0x70c6668b09e9e9b422ee2f179c32e6bc2c423048c3d870fd65a975bf22601880
    tx_idx=353   0xb5131afcebb5b07dc62029c64f990077a1150644aaa89d095177392781f8d8e5
    tx_idx=354   0xc2e2e529798455235592cf01354978ed414a08e9d9722931ddcd8e01e2cc1358
    tx_idx=355   0xa0235576c51aa3b97bb53602aeb694969a39f76e55ca1aa1683d6fba9835ecf8
    tx_idx=356   0xb558cd67350e59f9137e6adc906e704491ef54f223b078668ed16c089fe34bc5
    tx_idx=357   0x6bf574462447746e543b9cfc33c2c758b1af35a8cdef1a9c80e78846427c8be0
    tx_idx=358   0x9f6659c59cdb2ea0a7f5e5077222ceb22f3158e30f345d774563859bcc731105
    tx_idx=359   0x1bcf1c33005c4cc6328b775c10d9a87cb3ac485c278cbb96a44da8fac391e792
    tx_idx=360   0x2acfbb802fd1ecb2e9266b51914e130c8bafbec734f3b710fac67e69916d5f45
    tx_idx=361   0x1693b77ed4d2c8adff63dd0374381f2061f1b9553eac7e61a844ef4362f9a404
    tx_idx=362   0xbc60743baceae0292ba4c78db07cb6fb53cfdffaed334ddc4bda754b50aa99bf
    tx_idx=363   0x078a1a899c904203ca021caddaeeadd1588328a2e31b174ab7b751ade37ab6ab
    tx_idx=364   0x12ba8b8d15aba8224acacc8c9de3fda6d99a6ebc129580c1c7777cf4d1abb89f
    tx_idx=365   0x384558e1eb5d52814e8308132ea39a4555739209152f7d3fb365d87541977a75
    tx_idx=366   0x49ff338b6b8ef0c85e1217dec6fa4485c7e1151ac583f638dc95fa379fefa4a4
    tx_idx=367   0x3dc33e54049b6c9514b917f76b920ea9a5c09bfad4507b9955324ed19d058c80
    tx_idx=368   0xcb81683819ed95ec1419c3ff1ae4ceff4574d4264aec1c0284e6cf609e181d8a
    tx_idx=369   0x729163556ae9dba75f9c621ccad3dfeaf80ee5a4b2a844a4b993de3e51945795
    tx_idx=370   0x4cfe9915f77bd8cefe696cf20066fd4dfb27810ae8455427d55360d166481c84
    tx_idx=371   0x8eb6fa2808431f5666d05062a3f1bbe438973a1f4c34360d81b51a1cd326090e
    tx_idx=372   0xaac7332b6385ed074ee7adce9ad7407f3cf53b7530c08c79364d003e6630e43d
    tx_idx=373   0x0461bca20ac18c6da5e32723838dbf9e3bbf7f444d523865ed77d62d897fd842
    tx_idx=374   0x9134083575bb116f9f6f9f89040cf06504149f2a1760a550f75d3df86bf4a767
    tx_idx=375   0x760a5a5ac48f0cde5ce5e689d66a964609fe69edc0be3214c78f4ac547d716a0
    tx_idx=376   0xdc0d602d4c8e8ff736e9f15e14d175e159a4ac15afd1332f2f2b2aa8bafa40e3
    tx_idx=377   0xdb4e335d043b822669395fc752ed7fdf4637f6c7ae1826533d64e6b4af64cdbe
    tx_idx=378   0x8c5f3712591e89ce98a9d39ccaea2d851e48f917bd40f7f02c520440589cdb2e
    tx_idx=379   0x05a47c893b04d9416bd83db8563a2540c24d7ba14d28b6b8a93b74c4482e9d6a
    tx_idx=380   0xa115579072b2396660381fc02eeae7fd3b252a55f451d59f15e9d62ce6726506
    tx_idx=381   0x3cdf34814f0f090d6eb9f14b8d2ea95ec0798112a64f93144b1925416322784c
    tx_idx=382   0x44ed7e2325545e2d937f723bd63793aa368186b2a5107e108ac04677b047a30e
    tx_idx=383   0xa30297b421c73249ae53dc8e82b652b481ae3af7a3373fe84f01198b8744dbf6
    tx_idx=384   0x3eb23bfad898b52adb498fcc7cc642f0273e317211282528247685961357e888
    tx_idx=385   0x353a548e1076005b5d9513e113b026af5eafeda9d4a786aea4022de471a58026
    tx_idx=386   0x3aaf1b6565b212b7ca55eff706b84697991ff6dda509e9359e17cf3598669ce0
    tx_idx=387   0x9ce50106d3742160fe34c58b035966d113b83f6125adc5c350b46e6e259ff70a
    tx_idx=388   0x11f9a7884d1fe0a8b20001ccd9539cad7097c4c5e7171d1f594b3105a893b192
    tx_idx=389   0x1f318aa66b9ab5c9fcc3d74ed00cc4bf370003829944a917191afa5a2e2def37
    tx_idx=390   0x31f727177f7bb838fb1dcd516f31034fd53f9dc093d9302d17ed05b1829260d0
    tx_idx=391   0x8067d8f0a4887f38197349fcd8ebbc97e541c18402a8fb510fe314ff762b92c5
    tx_idx=392   0x757e81783549b5305b10ef46059c039b8285a54e2f6ae89346841e3ba773facb
    tx_idx=393   0xbaaad3e5ba6cf93cc6724418d2db8a2fe4b4d865890ed015dec829ae066a716a
    tx_idx=394   0x251852cb90a875d0ab565ad0b207a781e9f452eb6a897eff162b20966ae07853
    tx_idx=395   0x05327811d2b5396df26f1211175fb4644090450ecdf25d9090f70f4decb4239e
    tx_idx=396   0x4487fa053a039b7cc0d76db489f60bca08a2cf7788e3f549e76a62a3b3537a1e
    tx_idx=397   0xa42ff91f0386dfb8d87a5a5ff832f7a47ce46dac9080df901d529a37c6ca5ece
    tx_idx=398   0x667dd9de8eae5148ae9cffded7da66894e9347be3c3f00faf2e1a65557540c7c
    tx_idx=399   0xc8ef61f616d5bf7ba64e4ac19f0a1b34de7084d7a331e082c9e2f20115b878e9
    tx_idx=400   0xc820c20237baa03aac7e22cf597060468d64077c20197f9c6e20485e5e293b8d
    tx_idx=401   0xe99132c427670e3fcad681cbe02dee9295c4000d1483e4aed8fb0cfbd9d2b130
    tx_idx=402   0x688849f06b436f44ac37509886bc8c58c0fc072dac4ce35bf6fad0f00911c84b
    tx_idx=403   0x6642a53529c4fb9ce78c291542875fa92a9eebcabb36fd72f6a0b78644160fd3
    tx_idx=404   0xf0e0cd46664281df887222ba4653925d6bacbc317765f8daa7dd330ab91128e1
    tx_idx=405   0xcd6b59195dddbcbb29415c81c19be22b81b41671343b0e4249659bfc87fa05fd
    tx_idx=406   0x0d2c5083e291697d2d51bc53ec253d46f7c88114d2cd850ae3448cf53909afdb
    tx_idx=407   0x1377e0c729afbfac30d5611ec3bde0a0852c567540df93e44f7b25d9e565aead
    tx_idx=408   0x877a59abb3de422cd6bbb84095646f97f200fbd3cce2e438029279b2f0b90b29
    tx_idx=409   0x2d0165f48832473604cfe3f0650db67bd24f8b7e42c5ee3006a54c538c5d6a29
    tx_idx=410   0x9c1e07b85d8419186ea8f1d0d3137d706606f7fa592d7f0dc20be5c5227d3e15
    tx_idx=411   0x24ccefc162ff71821d66b099bd9fda080949ad47eb816d660967b7ee938b2068
    tx_idx=412   0xb781830ca48b06e2f017735056deb5d17fa783e50520422856863822d7209131
    tx_idx=413   0xedf2bdbadd52d24be3396af14168db3ea4e89c56ba614a6920c0ae8c0f454240
    tx_idx=414   0x97e6d3f280964562072e62a85bb73cbe95c6d775541c14010921cd3aa80ab75f
    tx_idx=415   0xa1dfab7307526e8a7177261e1083f16d6942f85a69959543e8f556bea5fe81c0
    tx_idx=416   0x43a405763e08340d74de89dd02b2791869650b7bbdffb4b6a8e1535d6ab446d2
    tx_idx=417   0x409854659df2cfc1baf0a572d22d938552ba99998e84fc894cff9f55f010ea0d
    tx_idx=418   0xe47e3bc187d8a92a0ce1b9fa2f90d117c4872722b47605c94ca75527869d18b2
    tx_idx=419   0xd126303b05e5beb5e4d731217072413a65ff310c0024deb72c0896656b3bda36
    tx_idx=420   0xcff90cc8e6646f3ec189bb551f8c8a791bc9af4ba276487c5a62524a67360580
    tx_idx=421   0x7c572faa93172ee92ff2d2676b333069ab9e26693e83ea1a9a2eb75c110f116d
    tx_idx=422   0x0ee4ce4d68ec2b08e75724154bac906172b8888eb7f3c722f6851302229be490
    tx_idx=423   0x0275a0b27794b71a29a936a9ede1c834969c11602132a7a1b75850ec96ac36d6
    tx_idx=424   0x0b9bb5d3f3f1cc3ef9f98aa7acd8ac2b8a6dffb821d9a782b258ec543048a6a3
    tx_idx=425   0x608a1e275c365fecb4ab0b754a8318c2c6fe29312eb8f640b10f9fa17a4e68b0
    tx_idx=426   0x02f27dbee04eedde704d6a7d94cda72d8d2f29db4c48f649bb24118b12f9e3ff
    tx_idx=427   0xdc426c09b7a8a3632cbef12c82d193a91f51a3a7fe695231abe4840374c17fd9
    tx_idx=428   0xd34c78270ee2c4a0536e092ecc4e2902b5715c99bb2622343145e33de0f4662b
    tx_idx=429   0xc58e2c447a39b8a2c850bb88ac696502a1290a6ee7db93b9d8aafbaad131aa70
    tx_idx=430   0x02a5223d220f63f369ef4ea45ac89d81453a3d3d479f6996eb1a1aa8476c0831
    tx_idx=431   0x28452b19ade5c737a61e044ee107a1b6ab191dcec06fb7a59b00fd66b37528b7
    tx_idx=432   0xc97c3e7d78fbdef5484259486b39a418ac141dc37e9205d06b347e40264c7508
    tx_idx=433   0x81fa5d525565677f36f62bd11a0027b0ec3f4c3bff52420f7586d21812e90161
    tx_idx=434   0xb3f017daa4980c7bda8ed67c10332bd80029d1a031197fbfeadb835bf1ee6b77
    tx_idx=435   0x326fce3650c132c6bd22b85601712b0453d90e42ecea34ccd7a4c13e524025e1
    tx_idx=436   0x24d653d5ed0b71069d27e8b039cd31b15cc2010a4182ed0a3025feb68a3fb097
    tx_idx=437   0xa72e5c212e4a64d042dc171646c38a5a86a5496f021718699dddb76956435da4
    tx_idx=438   0xb201841aafb02fa2b1a65678f33b95a7b61bd4839f856944f215028142c54583
    tx_idx=439   0x283651b44e00aa95159417d17d99f840a04473be61619037999617653b182c5d
    tx_idx=440   0xedcf6fef155128094d07e551262b92c7efe5eb47d11200e818d94b61cbea35fc
    tx_idx=441   0x7bf947dfc610aef81cf9235770425f5e719ff6f491ea81292fd25174b96bae25
    tx_idx=442   0x52fa55d08aedb51583d0a344432ab14b4c5e7d70574bba02dc0bd65df99391bb
    tx_idx=443   0xcb2ff846339c91da44c92bfed1737127f61f08094f80e5234153722a6a204fcf
    tx_idx=444   0xb242aa526f93c918e327d382e27060c9d69b83ebf5b6c6df37f8a8e7f56c3aab
    tx_idx=445   0x021237496829ab63e6fc70df27cbda0d2e49912a57df2ec9d7ba3924c41bb249
    tx_idx=446   0x679fc8e794101e2e08f8c8cce9abc2e52bbadf9f84afbc67e4e4f6dabf4fbe5d
    tx_idx=447   0xe59fa1892aaef12d9571a96b498a8b8d87a17b541110bf7de589d9e5a161fd89
    tx_idx=448   0xdf8b0def2ed06008e0dd12943296ad58133fe796425ea998b6367e5428605f8e
    tx_idx=449   0x0c9a612dbc501682d6a3d4adaef9c9e2636764d05cd68303ec87f84ee56f83fa
    tx_idx=450   0xb09fd99627c82b84da8227c321de2b089422d92553e9c62b02ad27f9c1c64914
    tx_idx=451   0x68a34e020d9ff81f98b26fd7f7b7c96cff5365a5500cdcfa3f6b5d734be8d153
    tx_idx=452   0xcb9ed67df01c789dcc7d7d406210998891061fa24e454d1cdac74cac2cfe0c06
    tx_idx=453   0xc7a60e3c9ffce388494f8463cd86d51ae3116440599d51a1249e95c5d7e472d9
    tx_idx=454   0xf4ea442f0d188034de3601d1af18f201eeb09cc8c3c3c11db2d6ef2ac4e1bdeb
    tx_idx=455   0x69bb16194334b99c75f2bf69e3708d5f7e61a0632c0153932cb1fefd0ed57cf3
    tx_idx=456   0xfa56ac6943f35ef5bb5bbb97b1318d8f89e94e4eaa8cd095b5567e0ed736d86c
    tx_idx=457   0xe78d48560163eeb917b7099a012f7322f7b1eeb664975c7834cbeae97949253b
    tx_idx=458   0x047e3cbd1c8b006dcd384e50011fb145d3f5fb23b3d2595fa7f30fa922af45b1
    tx_idx=459   0x5728f54cb5f66c81dae45f628b3d8e95ed37adfa217a2797bb793c443f0162a1
    tx_idx=460   0x7c7a86e6bebd800ede87d7164bb1aed703e65afba88db55119e076641e23e9b4
    tx_idx=461   0x90a372c00509d8f1554f8ac6759192ba83c311764731cc440ae3927a5ad11b3a
    tx_idx=462   0x715b260deb7f45daa8211a582375f228409202c77e61e0aa62d86dbf6b23e2b4
    tx_idx=463   0x74d61e41bc1aa36b2c085637d023081b3ef5b7594bdc369be37449ced0080323
    tx_idx=464   0x72c0e6db82bce8d3e43e834463026841b406015fd674784198c7cea06cd2d8a3
    tx_idx=465   0xe3e49550bbcd1d4e3bf777331a0a559756144066031a12e2d8de1576a47adaee
    tx_idx=466   0x8c0c56f03c5de6a9d5131f7925738b0ab55eef2c17998adaf4a6fc0b53d9fc04
    tx_idx=467   0xf552f7ed93d7b12b60939347361bbb4e46fea9279c328b46f9aa83c6df184275
    tx_idx=468   0x473261dd3ea44ac1a7d257b81ecf0896a3f8031aa70c13888d44348ce2d12823
    tx_idx=469   0x3246ab27c535df6214f2bb89b8fc95349b2e4449e8f0af05c58ab933c9ad123f
    tx_idx=470   0x5ad9882ce1275ed3e6a8ed432595b70b32d838d0f37e4c6e3de3283430de4ccf
    tx_idx=471   0x9e4a9f7e527876ab0ddeb0dbb4b1c3acfb06428522fa4f3a6b802074b560fe69
    tx_idx=472   0x1be2f046449ab5228aedecae5b44066d8b9aa227fbea5a61bfc719917c866ea4
    tx_idx=473   0x88f1f505331f3c8a7d2f20ccf911c850482dbf3fa803a03f7a9a804ddada50ff
    tx_idx=474   0x1b27f072af6189c7bfce596ad73f2c0241dfd0eead984a4a00382468ca350b42
    tx_idx=475   0xfbdac9ede2558795a616ef7d18a275fac4715a694dcd4e760b83abeecaa3bd4e
    tx_idx=476   0xf1903b55750b8595871edde866708a33ac2b113c69cead11a67a43f792c2c1f5
    tx_idx=477   0x11b482957210f77e9d0b9fbc4cca371e690b4b0fa047f0d7578f1a64b58e4671
    tx_idx=478   0x78503944c89723bcdc196785d5aef8c4a5c97599ac9c0893aefcd0753f48a8c9
    tx_idx=479   0x37dbdd282da1066cd9c3d529f506efdf356b8b26568bc5e9e5a02bc147c890b9
    tx_idx=480   0xe203546cba918207994a0b552941d0e75438138d51d3253ec6fc40124b2da9c9
    tx_idx=481   0x0b9ca0f07f2203ad74430d7df89075b099e7ff391c97323ae5be77594805a260
    tx_idx=482   0xe770f63f7c5015b37ccf4642f4c50374443b134c3eade8dcdde47cf377008192
    tx_idx=483   0x5d56b8044cc2a8734c66b3c7963aaa48dca69b62251db69cfd896d712a2f4d97
    tx_idx=484   0x2317eb3f919c6512a9b50d23d7ced7f9bafd7722af28deedadcaf72758402d1f
    tx_idx=485   0xad6ba52ef7186fa9e020cca118f2a0e1800a120d6f274d8b31d37d5cc7ba2c18
    tx_idx=486   0x69e058ed0cc25aec9b788408a61dde5f4728285ee30bb208cb0db23482ad07c3
    tx_idx=487   0xb3fd5279ade6341ce8a3061bc3da246c4b9ec9187111f5320bfc54a6ca8465ad
    tx_idx=488   0x43a106bc17de6df183bf62752786e9a68eb0f7e3279d02b01e181d08be677f63
    tx_idx=489   0x0d9877a4cd0675509412e02f6650f38847c94c1a69435187026e4c81a056ada0
    tx_idx=490   0x60619f7b82d6e70dcb48628609423ea933512d9e1b9778b6a8bef4013e5a9f52
    tx_idx=491   0xb6f25fd6db379d974873122d56278099637c5e2335073d55e9428f14994c47a7
    tx_idx=492   0xe2423ddcdbb3ace866bca2034983a1eda66e2c9e38c1efa8a52ae257cc348944
    tx_idx=493   0xa46d4d9efa91fd8d4d994dd394dc1eed0644aa894d05bdc4096dc6b500bde4d7
    tx_idx=494   0xe328405a570f83977ac6b2976611890b3fcb2a219cfaf992c0c6a520cc4c0205
    tx_idx=495   0x7eac766f5dfb5ef493f5e6f7e32ca0caa508a51abd25e139a1e7c8b3fe2225bd
    tx_idx=496   0xc85f0b550ecd04dc16f034bf08e09b091d1837ff13bd67faccf7030cd839bfc8
    tx_idx=497   0x97aadd6c052caa4879c032681f6e9965fbac3274fd6fa8abbb84bb1d945f0bfa
    tx_idx=498   0xd12a65f36329e9981baf4b3b2ea619bb7ad8eaff98622696dc383715d39e1160
    tx_idx=499   0x8b45b0265a4e7bab197b2c0d2863e0db0fb95cc10f5b6bce6927dfb37b7937bc
    tx_idx=500   0x06e761f9ce1befd093582faddb57210ca7aeab91b2f31f8f9c37ba8a0cfe6f3c
    tx_idx=501   0x5711192d970ab4d03de8fbfade457d06acb357403f509b765d924d56d756e954
    tx_idx=502   0xdaa6d3ecee1b4edfcc6b9de92de546e273dbf5c7451f4f5d22ab6c9c9b768d91
    tx_idx=503   0xd7a2d4ba41795639ac26c39152303b8eb236be76790be93c9188ccee1f75512b
    tx_idx=504   0xb3afff427ccd8a09df7ffb270ea092e100c5d0a64a9070b386baa09f0ac188aa
    tx_idx=505   0x504cc8471702690a01dd6d6e9b0416618fc63e94e986eea68bc33bd39873237e
    tx_idx=506   0xebdd4ad69b05e62f43c913311551654472d353f42601533cce54de61c3ef1db1
    tx_idx=507   0x58bbf7e7584c3f2f0a316c401429b0db78b4bb00eacba8701b3950ae2b43228e
    tx_idx=508   0x8b5f3214b6d34c222db98ebb9bf6301e74c3bf2bdf596e5d6968bb7ddd9ec09f
    tx_idx=509   0x9423a93bb53a2c2c62aa152e30023ddc31a6c62e7ed0301046f96cb2fb715cd6
    tx_idx=510   0x1807e0545ae6ad849c224ed753a5fc01ef7b0166e75e89aebd7f8b76e546640f
    tx_idx=511   0xf22bd33e7bf721eb29ff78cfd5edf7ec3b25bfe395cf698ec738d609631135d0
    tx_idx=512   0xae217a273dc0c780143f1bdc397aaed48d5bfae47c2a20c890726ab78b8313c8
    tx_idx=513   0xea19a3d57498834b478503e70a4926c43e70d86f60e22c3ef14462015a8459ee
    tx_idx=514   0x6e9383a6156f64539c16f1dd8851164182025013c1a4722df8b6a1fd8a965e2a
    tx_idx=515   0x7aa7944c7b053464725176ea101f53a7316c1f4ecf120beab01051dbb273bc77
    tx_idx=516   0x0e9f7ef02be42208d1379688f32be61388f3f53393c0a92b2c17b3c7b1f42355
    tx_idx=517   0x95987643e0499f1d9b8e05b206683eca9e4de90e0a80e8d1c8b5c1a75e07f97e
    tx_idx=518   0x51ef8db3be558d3822135b53c8e3abd77d02d7df37a614140d35b71eb3c3a230
    tx_idx=519   0x1966b7bcc5d754aa34f9f52d399ca35a7e9d2cf686da7895d24f41c04c690617
    tx_idx=520   0x5669c9e0d76df94b8f2d7798b5a8c0f6a28fb2e45478e5fdcaa450822f3032f5
    tx_idx=521   0x4bd18cee55eb2da3d71e9d3a81fd5495f7a06f5616e95d34fc1426128858dbc7
    tx_idx=522   0xa879a45508d46bb6f07611cd33515deef2ddf5504dfa0a8828f5d452bbafb30d
    tx_idx=523   0x0daf7d7d1db6e57411fd0544e42358c8174ee92b224b9c9fe263caa8bbc317d8
    tx_idx=524   0x7208c9d111b719596e2c2bd5e1d3821a30efaf9df4f5b1f5c5e6584b4cce16f9
    tx_idx=525   0xe88a62a3a7e35f9dd36ad8d75dd48f61b8bfe2170be452e50e5a9f8a9de1ca34
    tx_idx=526   0xc347d2ea1803888e94cf1050473e52df473e796cc62425bc854c0251c9f4d082
    tx_idx=527   0x670ad25fbddd20ede787f1c31e9941e80fab589ccab71dceee786c11ac7a3582
    tx_idx=528   0xf17e2d5a9268b56cdab43d48a70b1020c74a68a1b7d33deb3fbc161be95adbaa
    tx_idx=529   0x7ca6f611f81b2f17b1662f3b5ff4f113db1fc972aca0f673e9674d9ad7a73f56
    tx_idx=530   0x952099dc8eac15272d24dd80e7c0cac2697e6553d36180813e0f298f7023bc4e
    tx_idx=531   0xc06fa8ed3a3733616933e53d1abe02e90193fef86c64e3ae1ddad2dc8db764c7
    tx_idx=532   0x5886e1fbd82167381d472ec67e6c3e2d3df7930db35dd943c13a12f268201fdf
    tx_idx=533   0x4dbada1e54cf66583e0668a99b570dd76c1a8f33881f4e5a536ee27df85d4995
    tx_idx=534   0xb5d7844230fa6c2309ca5797770f9496d564b6029fbc0c809b55bbb75711d872
    tx_idx=535   0xbfafde3f9b8c529be635b71b3e9fcb27ddcea53acca65063862b267680eb8364
    tx_idx=536   0xe76e33871d435257ba378cc38ceb2fcfca8e37b873dc22c5dcde5a75d9f62868
    tx_idx=537   0x745a7564ef267f2d6b50594e7ed59ce0036e15f689ef76854eca44f4e49844f0
    tx_idx=538   0x7a4c460d04d228a8ba4d757d7613d9e319b19915b166fa6df4e503022c417692
    tx_idx=539   0xda2a5a1ca3d7d03cba6b8948ec4c239331c760ff6cc9791249ad2d2b54f2a086
    tx_idx=540   0x06c08135fcbb61d8f5fae28b5dbf17043d1e823f87fb6fc8d3f63116f41b8adb
    tx_idx=541   0xcafafaf444465fd6d13e8223241aa171aa4e4391ecf5700961b79116667f2f34
    tx_idx=542   0x109e87f72a214a254387be9900e9e2b7c02041a2725ec2188eb88c4589ac411d
    tx_idx=543   0x00dc5bdcb4dca57938819802a1f3cbcafc5336f32a88d0bfaf9c12a5e680ddc8
    tx_idx=544   0xebcb4196a743f42bb2d2e7aeba7cde6fc1c3011c85d52a1fc97f07d35ac1212b
    tx_idx=545   0xe2d6476a6d6011952ebd3936e4522b901a16eb454b05fcdb4265dbb59112e940
    tx_idx=546   0xfac214f50233a593ad58af0d404f24986522b6efe97b96694f858ca4c81c64b2
    tx_idx=547   0x047942225d5f670a9045c70df99770e88d29c3eb090ad6fbe84890ff6cc795c7
    tx_idx=548   0x1783aa6c5acd338a05abca6edb92ea97cb0e810db9a747f3e59d40054aa480b0
    tx_idx=549   0xc27b0e59c0d7a90dc1d776b8305ed5a8708bc0ebe0cc3cce5ae4ed6ca539437d
    tx_idx=550   0x1f256325824dd8c907a5576ce42cd1413777656a5ebc5f30526704911c83d8b1
    tx_idx=551   0x4a9ac49ad19cfc2f011e5c9274bdb35567a5903277257295c8772105443f8e6e
    tx_idx=552   0x3930a1c6298d56eb8f49ee63b2da77f7c99f70cd1d6a2ac71084fe790b606b3f
    tx_idx=553   0xd380235733308e89200890fd50349b9c4437279241998f006aab9e3bedf8c20e
    tx_idx=554   0x26c3c0fc0ad92bb352bb2eafd99ef5b7dddaf6a954f025cba43d78e11947f476
    tx_idx=555   0x799af886ef8abec3a74b47a2066d51ff4d0d03a55a7f48ab0db5ca1a83fb8ab2
    tx_idx=556   0x340f40ea0a4a6aacd76bd5c49b70bd562969a897a52583629a68e5bd28830b5a
    tx_idx=557   0x446e85ec91364f0636e614bba69f2020d64276f3336deb28fcba4c23e8fad3ff
    tx_idx=558   0xcdc1b270051ea671a24f6a581b8ea1470397144e5656187a53a1cddd2bb631fc
    tx_idx=559   0xf907d1fd76a59a1cd25845104c02f2d889741a95849c4d97b91b19d7d2ebb139
    tx_idx=560   0xe6294d107fae91ebe5b5edaf32144c9e132c05dc58ebe1d2f701c640341d812c
    tx_idx=561   0x6b478f3f9d7302dddf840ad27be02959b0f2078281075f384109d71d69d7cccc
    tx_idx=562   0x10ccf7ea7cad50b83d145b279df8343cd27adb03fc0c3c2b0c4859df99e18318
    tx_idx=563   0x8de7b74e35c5d8bba5dc0328461973b74d818d5c111cbbc9d411467d91462428
    tx_idx=564   0xf0abd0ffb9d467440d9548d9f55ff8c198f92d4f4a9d7abb3182376bf1f2e19c
    tx_idx=565   0x9ad04fabbe9a2280aa53038b901cbd322378a903f5cc698eef16ca8814850dd0
    tx_idx=566   0xfa0f312b0aef4078df4c3a0b25b33f5e602b60a7cc72b7b8fdb0637a7ecbe6b8
    tx_idx=567   0x62aca058ca734f403ab50b58236f88b912e6bf8f55ba6d856b35a947651ed36f
    tx_idx=568   0xeb542490740645899c3f69e6d5d412709241cc7231324eca84f2949c44453025
    tx_idx=569   0x972a90a52ef24bdc804191e10e13861eae95d704bec08fda56f1ce2a2e8b26d2
    tx_idx=570   0x376805e7fb498f0b7a4100015bf0d923b33652560b59dc138e9f36805eaccbc4
    tx_idx=571   0x88a80ee4efbfa296a2fb210fcc8b468f1b64fb968cdfc77a7521024b0d911ffd
    tx_idx=572   0x71b88d167f50fe13e03cfdfbb862166c4e12857f00507e0885eebb00d489c8e9
    tx_idx=573   0xe7d3a3c1791bab2c7dc2388d1a7a1c88858e74d47a02409f6349a992cc23741a
    tx_idx=574   0xc1f763ce8814d8ffc6af15bbfd0ca5fd95a0aef6405afc445a1a70dd024aa331
    tx_idx=575   0x6e7adf4bffaae7798a7b36c134d196b6f79fc841ee6274a64ec07ba91b290925
BLOCK 25556323  status=OK  canonical=395  stored=395  bc_tx_count=395  canonical_hash=0xb46ec9f714c28e6160116fd51624476560d1ecd45d1a4cd9eb144eb57f5797ce
BLOCK 25556863  status=OK  canonical=129  stored=129  bc_tx_count=129  canonical_hash=0xd27584e83a10cfdf66c2f0e789600c0e84965b2fe0a4d42f5a9433381f2bea21
BLOCK 25560214  status=OK  canonical=712  stored=712  bc_tx_count=712  canonical_hash=0xf021d17010c72d06d93506525cbd518d8a184467908fc9f5ce8bbbbbed767711
BLOCK 25560293  status=OK  canonical=681  stored=681  bc_tx_count=681  canonical_hash=0x18a1a610d4c49d211eb47898c88c4280c9aeb0b96a9ab92e20eac7d9f74b12f5
BLOCK 25561490  status=OK  canonical=480  stored=480  bc_tx_count=480  canonical_hash=0x2d6523c84034607bd13c6ebcf41bd0ee798312fe5e802c94f0711f450c3204d1
BLOCK 25561872  status=OK  canonical=210  stored=210  bc_tx_count=210  canonical_hash=0x5a9e47122d7f52c026ff11eed6f2cb0d011a6477fe0a534934d5b72129ad69e4
BLOCK 25561903  status=OK  canonical=495  stored=495  bc_tx_count=495  canonical_hash=0x765e56d53ed278ea2540ee230a1124cf3016a3ac6f7b47fdd1b2193815439bbd
BLOCK 25562253  status=OK  canonical=194  stored=194  bc_tx_count=194  canonical_hash=0x8fbf1e50ad980b367b28ee1f478887e7d9b805597a0be21e5ecc143d99ef33d3
BLOCK 25562316  status=OK  canonical=178  stored=178  bc_tx_count=178  canonical_hash=0x5c7980f6a90e0214465cde8cb227a58afb01d6e2d547faf702c5c2553649f691
BLOCK 25562890  status=OK  canonical=175  stored=175  bc_tx_count=175  canonical_hash=0xe14aac8f5584c7894f2a08f8fdd12233a1d96cb012489d225f52d52b626ee4e3
BLOCK 25563081  status=OK  canonical=215  stored=215  bc_tx_count=215  canonical_hash=0x349d4d3f75edbedeb902342390c1962c67d15fcd012bd652374c4ef2c9303075
BLOCK 25563909  status=OK  canonical=189  stored=189  bc_tx_count=189  canonical_hash=0xfad59f3aa72556ec4af795adc91264d5fe0303579408738959e45ce78d0d02f9
BLOCK 25564160  status=OK  canonical=202  stored=202  bc_tx_count=202  canonical_hash=0x17184407bebd8cda4a5d1e1cc72fd8f9619ddb5acede595d88c15e2e296e69a3
BLOCK 25564355  status=OK  canonical=115  stored=115  bc_tx_count=115  canonical_hash=0x4f2b725c8e48e3b3141296ee1be053ba43f66ceba3207166aefc68d5fd158589
BLOCK 25564900  status=OK  canonical=162  stored=162  bc_tx_count=162  canonical_hash=0x72d50a8d42a512087c411328e202544c62d7d39544ebcffbd3ae041931b0b984
BLOCK 25565692  status=OK  canonical=226  stored=226  bc_tx_count=226  canonical_hash=0x6b528be1aa15d1ff806b8a721bfa8503ca81754307467296c6988c78c5b0411b
BLOCK 25565979  status=ORPHANED_SUPERSET  canonical=54  stored=76  bc_tx_count=54  orphan_only=22  lost=0
  canonical_hash=0x9eef0acfb6d1c73b064d21a8cd4be9ed05ec0364077307ce47c3d59fc9b4ebb0
  ORPHAN_ONLY_HASHES (22):
    tx_idx=54    0xa813b6772b5d1c7eb0066b7ac8927e0745cf5e08e54c4cbf90e8bfe49d5e4f99
    tx_idx=55    0x7f815f78bdd53cf450585e0b0fa6975ab10f2aad18a1172a00975f964dc4f0c1
    tx_idx=56    0x02bfafd77db0bfe53f68c6f9ed9f034ac73c0ed3fe38e23ec8c1d0ac727c2c14
    tx_idx=57    0x4ee2aebe53b85256eb2008363df3e3afaffca1e9e1383c6694dcec2cbf359fd9
    tx_idx=58    0xc5aa7d83650b8d10fe6e6becad1d559f3d3c4cee54bd5721a1e03c60483ac2a9
    tx_idx=59    0x1f77cffb0f4ed0d748842a38f4353a2ca38688f1f7e69a214b24804c28c66b83
    tx_idx=60    0xe8645c797a3559e46a16f0e7add0c970283ae2f820cb06f9337ed8e77ee8def5
    tx_idx=61    0xf1a2fb5fd11b6c22d645c8da654ca3cf6d8a2374c8a26f530dda1a2d3f54ae6d
    tx_idx=62    0x06989badc9c5ac884b55bda316023c2f3e52e36c2f6f1d2ae93f3299aceb2664
    tx_idx=63    0x25057742e923e625daf5242c3fd679295605ae4954974f65b65a1ea41367e420
    tx_idx=64    0x3fbd17fd5219b5bc410b5a782153ef3cee908ed49c0b9e0c8643efa32222cb13
    tx_idx=65    0x48d31a8e7fd6935ec522df3041d0be8db575d58ee83a587c92974a2044e544a5
    tx_idx=66    0x54af9b3af637356453360fd966299bf5277ed75fff014b3537a694e7a2f64b9d
    tx_idx=67    0x7bd7ca8970aecc2954d752cf3a9805e1315d53c89c0a9c78b0a2a478800c69ce
    tx_idx=68    0x9d4bd31c285b357f2967500f28994f862eecfb1341c9cb35e18a13e8580d2b08
    tx_idx=69    0xc897da760145103ce37b1a4d13ec387def175cfdb518ab3e29323d6d03fc641c
    tx_idx=70    0x06647dccf339600cc4d0a137c63f0c6563720885da29f466769926e502a41ee5
    tx_idx=71    0x2507851cb11553e59bd84698953e42fbb67253f60684da355badb5c77b43a734
    tx_idx=72    0x7724849bde7ef99d88c02b08b3603539d7472fc43905162ce15b4baf4a9445c1
    tx_idx=73    0xeb786b96a2fea3bb061d68acc9f582b4e5bab15270cbc8244f1097cdebd88b60
    tx_idx=74    0x0f12ef0f10d414006684379591c34f96798582dbcc7fa6147cdfc09462eed561
    tx_idx=75    0xbf5dafa87f33cb0a8fb3df26d5d0e93cb00becaf0295902a94736a38bd27c1c8
BLOCK 25567445  status=OK  canonical=391  stored=391  bc_tx_count=391  canonical_hash=0xec5f43974458240abc70893731db515f79c59f3ec25b96e5c1d3c4c8bcc809e9
BLOCK 25568402  status=OK  canonical=341  stored=341  bc_tx_count=341  canonical_hash=0x119793ba70be5605372d57d9a32350d96ef83accb2c21afb1b14860106089fab
BLOCK 25568527  status=OK  canonical=359  stored=359  bc_tx_count=359  canonical_hash=0x5d5215a098c2512c1824d648fd2f2d01de1f122f1e5e334a9362932bbf80a9c0
BLOCK 25569357  status=ORPHANED_SUPERSET  canonical=129  stored=137  bc_tx_count=129  orphan_only=8  lost=0
  canonical_hash=0x008b92adfb7b90f35cf0ad4ed7a719df31f61829f56e40ccddc9ff7092ec85ad
  ORPHAN_ONLY_HASHES (8):
    tx_idx=129   0x6377e591c78d4e5d34ef0d1979c1c35d1934ae7057460d3767b34aca836143ed
    tx_idx=130   0x9e5146950792382601795da5ba9af7290b1df80738b7a60c839e6c35178bd6bb
    tx_idx=131   0x029be9e224b1f93a07fbdd78e7d8da0cb12d65684b1ac576d36a2f333970844d
    tx_idx=132   0x396a62a96b9be9b77123b728918c2d7150a187c2e526eb7b51c68082559b9712
    tx_idx=133   0xf4e27c3bf3479d226862efd3b85ce0e513e2bd4404c5d18586401598fb79dea1
    tx_idx=134   0xfa21d3a3ac4b18de9d7dcf2f68ec4b1efe65ad5c4e8b24087265f1ada0996b9b
    tx_idx=135   0x9101fd8403effe7cd07f7a13b2efe6cad4646e04c2faa1875a34b72689dd3388
    tx_idx=136   0xdaeae551d4b557e1ecd64a706f03b5d40fd100a6a49d20e059a4f32c1cbea94e
BLOCK 25570730  status=OK  canonical=666  stored=666  bc_tx_count=666  canonical_hash=0x18e2c801191d7c6aae46c495758f0079709bed5c8849d798bd2c29f2877f8684
BLOCK 25571462  status=OK  canonical=325  stored=325  bc_tx_count=325  canonical_hash=0x7c6a6a5d5a41bdab4767dc282c2cde5761d033d62d1e4dcdb7fa9cff5a19d6a7
BLOCK 25571811  status=ORPHANED_SUPERSET  canonical=40  stored=175  bc_tx_count=40  orphan_only=135  lost=0
  canonical_hash=0x6e6ef7d02b2bf313acf63acc3e2ce26ad38b4a7ee240ad992bbd71986792657a
  ORPHAN_ONLY_HASHES (135):
    tx_idx=40    0x257770be8674f7ac5defb3b286091e3199e5f7829b23cfc6f3eff018e2a7914b
    tx_idx=41    0xc500856e5253197209736fd2a3283a7079295c54cd86cac2fe51e79d3ad5ebde
    tx_idx=42    0xc43dee0b5953cf2f8f308eef98061fcd84631ab38eb366ba6b124e4808a19cc5
    tx_idx=43    0x4aa99f6d9607dd1f3cf4c7f2ec8dd68fd0c7b2a5b4592a822fdca7c796116a0a
    tx_idx=44    0xa5947e2c0aaa3d3bc35b2cd835567e8e3c002d6c76475d91a30339102e86262f
    tx_idx=45    0x280f2dc2a0923776b2d62e7f6e6257d377a7c0f5c4050c7593b44e0c91b2dd02
    tx_idx=46    0x7d1d75d8131c975b675e2b5acc96f7156ebb1cc15778ab77b0a4905ce1dc2876
    tx_idx=48    0x797050bb80ed4f3c314de392547f0c3bb936aff3b0ddf9ddb40d0fa2401f31e2
    tx_idx=49    0xfb0158fa3f53b18d565b3407ad5d89591a85f38851f620d010e78a05deb6b726
    tx_idx=50    0x09723681b1885d25f6deb0921c022bb2f4d32533768df54ae505e5c9d94439be
    tx_idx=51    0xbe4c632453b0c44d9f62f3fca81961db2a19fa5f64edaeaddc643f6d85ac4975
    tx_idx=52    0x701caafaa7acdc9f92002db2a9ac0a42be90d429000d33dfe4cccd28832e93b3
    tx_idx=53    0xd11a1071134717fb0db7bf70aa05ddc72c4b789a33b872f8a8f0409f8ebf8698
    tx_idx=54    0x3f63c9e1adb11f1dcc4a395700debfb21adb33da0e6ed3b8aa5a62415d97f67d
    tx_idx=55    0xbc11edcd4a43252775f3472c0ec043a7f5df2705fee0c12d2fb3c1b7e8b41fe4
    tx_idx=56    0x597dfa98c481ef13d373fff386e498361977e9c23636b9f9c7c3d0d09ab10d9c
    tx_idx=57    0x995fe61072e48defcaa6d17f6f19fbe13dcd39fa73252a0197245555a44331e1
    tx_idx=58    0x79c41f1e69c42372a25fd28b851cd313ed276d7b6bffe5e81b559dd86377f4ec
    tx_idx=59    0x9ded7b5123af2b4b536562cc399e8a9fe4d2727474b7d703cd455aa88e3c6c30
    tx_idx=60    0x207695c47ca54b81a8db638268fd476ea925f18e4dde076c9a16aed06a8cda18
    tx_idx=61    0x0823d08fd5eed9fdcbe39964ba69aa3f292842cc271a8d2a846d9916dfc81af8
    tx_idx=62    0x28505e564f29c20fc3bbee45b8300bb1227d22e42fb53ef5be771f6772a3f60a
    tx_idx=63    0x4382a2cb7f0fe51bf3d6d757bbfbae4283194d2122c2d0d2569c380e7ffae404
    tx_idx=64    0x70803497c4b1393b7cd73c4ee19a627966a204b5d0a805144c9e5217633d3357
    tx_idx=65    0x9a4b77d512f287c22268ebfd6fc48363d2d273ce61f3db90f8c2eabb5356405f
    tx_idx=66    0x6148a0ea8b9f5301bb085d27003f63b1bd618ae5e79972e78e8990e30344a010
    tx_idx=67    0xbce6e5ecc96e7c676088ee6a1c3fba79d5674f5e81c4c15faeb0a9d18e49d01a
    tx_idx=68    0xdd62f344185b6de9c77feb3c0ccf1359113b8556108d06728c624e9b1890dafb
    tx_idx=69    0xd1cba7c7b99bbf43ab1418fa83fe548056d26e7f6deceb28eb9d5d97c2ec40aa
    tx_idx=70    0x2b17ce6fa5948e196b779a35318e96cf0b1ce8edb83fa0f11470ed4c9994bb33
    tx_idx=71    0xbf86f2fb99a006e32afa2e3d6e3db660beb3bc22beea7d62e16becebb57fd23c
    tx_idx=72    0x9ed5f0c91e5141b16eb4c699d6b64edc9b12cb512f02f7d0e8b52b676247b20e
    tx_idx=73    0x7caa3457a0fb10a1ce3742fa4aeae78835ee4789235e2d4cceeb5beed63aaabd
    tx_idx=74    0x01406c0997c0edb40d6f5fdad857c43b70e1696119f236f8460c9d315d3890f7
    tx_idx=75    0xd7cd4edcc4686829670c8f1649a55eca734059a9a460b9409430fc8686f948fc
    tx_idx=76    0xf68e879f0101a7c1e9f3d9b5468ccca681e234bf9bea1ca6848a26d8c304b83d
    tx_idx=77    0x5a16d9bc5a3e7a1ce825cda768e04a2f7bface40aabdc5ce5e6d4bab296b4275
    tx_idx=78    0x45b8efb0a3680288a1a85cc6535305acffe8b0deced68d0d68a55147025aa88d
    tx_idx=79    0xf2a91caecbd897094f1a66216e7ecb352ce8c5c010a5c077b0c747ddc4f153ec
    tx_idx=80    0xe41faa278d890221ed7167566d678ae9072b3f719885a0f381f2cbbe7e3158d8
    tx_idx=81    0xa1362ea88fd583e1d14110def29bb24718d7f6baf045f26a69c5808cf0ada060
    tx_idx=82    0x64dca77e7848b0f6fb6f6e85dd22b149b202a99b961f702de7797cd1eca5fbde
    tx_idx=83    0x6278e4f01b9a524778a1cd8b3d6380c0fb9ad38ba520dc6dc3f2ff93c7a7932e
    tx_idx=84    0x7c2c6b6962a3caf64f0fabe912fb54fb73eab596867b417d7d79f086e90b9a01
    tx_idx=85    0xf408cb629240317f227bb43cd339879b62ca64884499a8a8b07c4d782d6546d8
    tx_idx=86    0x2fd1570f2a6cbae039824d4fd1b03716ee4e49c728f2d0967d3ba4d999d017a1
    tx_idx=87    0x7b8b9d9af758aa6e449d5bcf0bfb4deae22f63e313d28f8f05f06c4c586737d4
    tx_idx=88    0xb5bedce0654e56460ae0a1a327b05bb6b48561ff21f0e7473b485dceca7e36c9
    tx_idx=89    0x9781a1efa233153586f27cebea7ab84f3b77a36d36e7defa68960bcd358233e9
    tx_idx=90    0x9e7fa66323dc4bceaf54eeee2f7ca102a0ce49651722e9d197691d433390f0fd
    tx_idx=91    0xefd8a29881d5d9a09d68b7ec2691ed7af67cc1835e0862c4ea5d5a4e1f716517
    tx_idx=92    0x00485b7c1ed388b722198f3e4ed5d1eaae0a64f7d330aafbb2717ed670de169f
    tx_idx=93    0x6dd276c494423fff97cee02576f7b9e270cd315cf5683098fe0205ae1e70512d
    tx_idx=94    0xd2db72c3089d874ff11fd33a63a330035031abcf9be952478239ed23e4337808
    tx_idx=95    0x1d8fd1b139ce83ac8a0bbc42a734ef6db8044cafbcdb411261cd61de117aa9ef
    tx_idx=96    0x022f832a1592737d77e18d08c1f1d2edf1d4edbec7f1138ab0cf8b002b879342
    tx_idx=97    0xac00b67da342b5afaa74738d2da428491bf9fac9ec9fe9d10fdcab217f3d3187
    tx_idx=98    0x9cae2e77edac18cac56c120383c38813550247f2203fdb609ca0f70eca8e6acd
    tx_idx=99    0x42c868cca73ddebb0dc2e581a1fdcea20dd38f86ec7ade0960af20fcd1ce05db
    tx_idx=100   0x94632d4674bc9d4f2783d9934e44bcdb3282bf236522274767a42692468c7c12
    tx_idx=101   0xf91542620822e9b769c0e41f2c364d5fdb9c46b0b66d21d9ff25edc736de0917
    tx_idx=102   0xf4865128b74f4619e015de7e9c269d969b979f857b3413693da54dd4654e7fca
    tx_idx=103   0xbc9fd61f2ec80b11272f08f29ae9b951c1b8015a4adbcbd213cc4c6d8677ef5f
    tx_idx=104   0x8d5331c3d64659c1307a79f576e98e1a49d7d50bc6f1d507b30afd3dbd3ab8be
    tx_idx=105   0x3220b80b2c604de09c1b11d1c3f9f831ad5e8c15aeb1c2acfc9f721d1c270d9a
    tx_idx=106   0x1997661c70042917d90c7d26ac0a767510b687d3c858a9cbe4afe3377ebe6f0d
    tx_idx=107   0x33f326d502a612700197348aca0570990985841528a6b7f9d5896066f015a5a1
    tx_idx=108   0xd4088edfce6a98f2deb3ba9432f4a81f0cdd40ea84866ce7b2dbbeaa10c992e1
    tx_idx=109   0x9955d7215d83e665c56ee96946017f4d116d9a44ad3afca055281089f75f743f
    tx_idx=110   0xa30b2805571cd63d7b7037c636b8fdc5437400fb54329416a9562d8927005e57
    tx_idx=111   0x6c0cd479964478ef4f47fd77e255805e727b28c04bacca17a259606b78344390
    tx_idx=112   0x513d48576e8ab21ca434e6a0787784185b54818f0cfa13d11b86c005864cff40
    tx_idx=113   0x8a0386806b8f0923fe76d627b5da0e733b93722c205458bc4ce4774b28069071
    tx_idx=114   0x868a995903b514b73ae42e82319da87124a7e2838c801853593bad92f5b3063f
    tx_idx=115   0x013e8cf495bd4d1efbcb54b682faf3f55385edc2b88d36203b4c750facdf6e79
    tx_idx=116   0x488d63aa5cf3140a01c30f553b428452d004eac37c6960c244f641f68847e9e8
    tx_idx=117   0x9ef1a97b586373f7122a5432f6c684076b732a47939b6552317247e1239a26e4
    tx_idx=118   0x2938fa608b3214deecc85e945c3ee0e78e5dc7c9798f1c7b0b2f46a30786cd4e
    tx_idx=119   0x47eecdb16c5412538eac2aaa72167ddb346305a536fd3ce04d77bdbd84a2457d
    tx_idx=120   0x4b9096bc7cb2b91a717af41b753555f03911e36fad1e63e381b36a07319e60c3
    tx_idx=121   0x3c52b0c0eb52960b22475016b43ef0538b486b72e3e6c1451e746545bd105280
    tx_idx=122   0xa635f0766c3c0d49e26245ac357cc66cabc98580200a6059a1f0a0065dce974e
    tx_idx=123   0x2bc2eed0612bd729a165e58a0b13a6da0f38ead6eef3c9bc6752ca390e2e7cfe
    tx_idx=124   0x370ce8cfd20299a834c23863dc618a1889285d0c798c5fdbf73d805502f10fa0
    tx_idx=125   0xb7209de51356cd268976bdf3674d9a7cfbc78e9d2025722df63a858fe119e1da
    tx_idx=126   0x3dbc16276740e6747c51f02f5dbf8531029a7000cd346fbbb6fb6318b1e5887f
    tx_idx=127   0x00c28525eebe1cf0b47fe3644f0a939526722fc417718ad5a627c9c4e70116c4
    tx_idx=128   0xa7ca7504169eaa63de3a080de2069fb41838fe5c0330529978b4c2633e562f84
    tx_idx=129   0xa6a6d131a033e65b08b6d91fe83c8f569da55613141ef21f077919c0ef0c528b
    tx_idx=130   0x0db030452d25094616d21f72e158a771560830e88dbdb912d9a3ca727d0b7eef
    tx_idx=131   0xb62034227598cef925feca9d1e8eb2041117856de2deee4a9cc3dd442ad73375
    tx_idx=132   0x840eec8f4c76884913aa113e9e24228ec4eba20a1d409b908cb91ad10a4c43b9
    tx_idx=133   0xe31b684342098a4465a2465b388c850927138a4a47641da76dc77057e659b036
    tx_idx=134   0xe92d25402e8927023311ac0393774d9aa80b33e50d8ea9f461fdc9a7aa6071a4
    tx_idx=135   0xdd8472bc01b332f6cf437d883afb0cf6e51ca27c463d7bf45cde159156623174
    tx_idx=136   0xc20661d35f650c6d3caebbdc4ed9f3bf2c4a39a706e207772a1d01a3473eaf99
    tx_idx=137   0x54d67c1822b9f324f88f5caba553c971a686ab0070c2dc792d644adf4e19ba33
    tx_idx=138   0x6d66fb4afdf7e681b809115bf02595935d83c98b4a6f6072f598de2490a0c5c3
    tx_idx=139   0xf9568f69ea62970b67071c57d830bb21ae2967b28021620bcc218480ab3c5ed9
    tx_idx=140   0x254cf4607b1f573680c3d5d8992ad8ae6dcc98c1e57802d58750064849b834a2
    tx_idx=141   0x815faf68a0c91c8fb42fe21705a3c1b6e6fb7bd88c401e4eb7d4e6b0ecc39896
    tx_idx=142   0x4c0a3c30959f05a5691423fb7dcae8cd5de85d613fd8bd24224b87c6262f4ef0
    tx_idx=143   0x2ac77b9d2d3ec63684ead41147d2ee77bc444270ceca060664aa366c725cc49a
    tx_idx=144   0xa6c773e5632672e2fbae32359ccbb718375e35b406f76a2bf4e8108a538a94fb
    tx_idx=145   0xf2c7649e53f9f089ca93d958a25ea4829fdc8dd711bb87df9e8b7dbb3d6ab408
    tx_idx=146   0xdb9ad9828f621184af174cac845c01802f1f5e613c6f951fdc5e18f5f8a2720c
    tx_idx=147   0x3fd0c416fa814cd6d1a381fae5dee3cee018d430c963706d62d63f402990bfe2
    tx_idx=148   0xdff4999258383482f8c9d8e365924ce90e8a5398bd2b04c6020546dd6460314e
    tx_idx=149   0xb65ceaab3d29bb22d18ded0684bc67e706156e173ffb382836e8711cbd9c4fe7
    tx_idx=150   0x58f5160137ff2111c375d5d74e8382041d41656cdfeb65175e5b83cb1aee8947
    tx_idx=151   0x399b93c6acfddf034ea81d20562e7e0187221af0c7b181b3e4eda67711b25990
    tx_idx=152   0x776421b34045260a318024d813ed8418dcbe3d65a6bd8ff74636c8d089cd923d
    tx_idx=153   0x65adb3f26ded50fcff0916293f1571a378b4e4a58b8ad1669191cfc99fac095d
    tx_idx=154   0x3c05e8736182ab5590324803962978d0e087ea9a53fe9fd2744046a4ebc69fa7
    tx_idx=155   0xe87ad77e4b699c2b379fd28301d890a05a402141f93e92d06a0d5b50a37261ba
    tx_idx=156   0x756750ee28cece4cc7d0588ab2de070464ded417eb1e7c658473242b138aa635
    tx_idx=157   0x2f220c81978dcf1fdae0aacacdab5861beb991d46cab8b6a5ee6f050cc47d443
    tx_idx=158   0x194d81dd918239e45b0b8fb0ea510a68d42759b22b5206a0cccf69fbe727caac
    tx_idx=159   0xd4ce6b890d74e99b3fcf38e8789995cf323122486713d4b8b47e77d6e2c32da5
    tx_idx=160   0xaaadfd9eeacd7b1aa1ce322684fe4c418423e7884ae438b7fcf74d0eb2fb23d8
    tx_idx=161   0x5c4d06386ce582b0a14921a49606fe8df63e5ad67624e914d9419e7acb60d42f
    tx_idx=162   0x1530ab7531b6f1ba02060506c05152ab60e34c9861c6fc4acac99f4385c91d93
    tx_idx=163   0x88f31c84c2bf2f09742eb17861392245892c815932e2d7ca6caa4006ca5aa21b
    tx_idx=164   0x7166b016eb6899374506f8f99dd3724f5b020bf1c8f62ce2f228acdb0cd2e43b
    tx_idx=165   0xabf94469ba7d053d22741a1927ad0419576c52d74f2e1d1bd4c3abfb48b49c39
    tx_idx=166   0x70f8e6a13a1546da836ae3e189b3923d0768ddc286ef3c39998458dd2c0d1132
    tx_idx=167   0xd1e22e9c502973d3c2dd7e50dea119ba29b192a4620714ac0c097d784c665946
    tx_idx=168   0xbc083ff8ff8d1b2e9428227fc54b3840d5d2ac11793d799aad5ad3c80adb93a0
    tx_idx=169   0x3cff45f9dedbaa6b32bacbc59ccd8bec07afde5b85a5de871b5b8b5ed7af2f81
    tx_idx=170   0xd3e76b6b44c17b061c59765188474578b80c84a184c2439c1bc719c20b3973bd
    tx_idx=171   0xf16418855e568937632885bb2020e04b9a52a3754edbd39710044ba9de19c89e
    tx_idx=172   0x34debfd9fa42b619c5935ad643a12217ef64d307b4864ba883a2a7ff43fe553d
    tx_idx=173   0x7d217e4fbf821cf8f070a82f9c670a5ac566ad5684d3b729036e81796c57d741
    tx_idx=174   0xfc15bfa1bc50271be762e15c9bf527008f346c80644e966194b2e0813c37e8c4
    tx_idx=175   0x892d8c89b62ef59e0e6ae6e502801cd22e6583e89ef043882e1c447c092658d1
BLOCK 25572983  status=OK  canonical=229  stored=229  bc_tx_count=229  canonical_hash=0x9120f6c5a44a64f80140fdb3a3d0bd4b2860348d60ed08e5ec4110cad1ce4b05
BLOCK 25573085  status=ORPHANED_SUPERSET  canonical=53  stored=234  bc_tx_count=53  orphan_only=181  lost=0
  canonical_hash=0x6c512ebd7482b44f2055d4c9eb8658209a2a46a77333eeaf460769a01b7711e0
  ORPHAN_ONLY_HASHES (181):
    tx_idx=53    0xd02b96d3dabc3a8d5e0ab2139ebc4c4b8100c2e281383de6adf09aa6afb25713
    tx_idx=54    0x416d23b6dd6c70b64f60a187a82b9dd4acde7e08a4a8d8cfaf4b5dac4ebf04d0
    tx_idx=55    0x9bbe847486360f6239b8d89812b6cf1a8e6a1d2253d3116c4af8dab5a6d56187
    tx_idx=56    0xaf234895e7a9c8b33b6acda1ea70905892157d54f2d58f289034ff7f68d88459
    tx_idx=57    0xd5cfcf167848b9a5b454e7130a79f8952f09eb63492b96d56c7c198454526f74
    tx_idx=58    0xf37f239c9f0138d325f2efa1512fd415b19c76019a5c1143cacc5d87a84f6e45
    tx_idx=59    0xcf49d34b02274445cb75b996bef6cef4dbe7bdc7642b495cbfc63d3bdcbed1d0
    tx_idx=60    0x79da21a978f28d1a471ce389d941962ca3a9da1be28a80fa717dd1e884b9f5ba
    tx_idx=61    0x03807489e5100c080d670ffcc11e828b879babbf7b5d9c92205591fe1c79f8da
    tx_idx=62    0xeb6de7731cb2384e8d74587cba4aa24b09df033fca3543b45a7256fb97b4f6f8
    tx_idx=63    0x4a92f0662e73b9ec54d05ef99812e02782c66408d89c0902023727bad1e2e88f
    tx_idx=64    0x58b1405ac47eefa262c6fca8c386a3b1153de2f37c0e3da1010309f23f7efd0c
    tx_idx=65    0x0799d4dc7669e18eb771fa230233f915ac57c43af933b29883e8df95b3b63f89
    tx_idx=66    0xf417fd4651c208f4c3f91f181860f436fb86801c99cc3107bd9c72abe366edaf
    tx_idx=67    0xcc32b83b60ddd91dc508edbcc316e84372a0b43d6f5a77c91088665c0ad5956b
    tx_idx=68    0xb2e0c0364ba981fed5996b42534873da0776c8643e27026f8882dd4c4fac57a9
    tx_idx=69    0x69028d9900129acffbd0b1ed026adab599f9d55a819c247ef3bc068f4b28ca93
    tx_idx=70    0x2f34e9ed346a98e02bb36aa226080f6460b195db6097ca0c8d48221f7b2df784
    tx_idx=71    0x0152ecb71491c52ab9dd6a121e719bd66f41f9918454c4cbb8ff60cd68ed1e0c
    tx_idx=72    0xac1cc4423b0000de34be5ee76a0aaa111599bc99e2da75419d244513cc4dba14
    tx_idx=73    0x2d274490c7f11c5e369af7bc2697499f3b7b4bd11ad6ac341f2506c4c7757d3a
    tx_idx=74    0x8c082e5a550fefa826b8a7177d7a09f6acb3a3ec5ec3994f85b1aadb9f802783
    tx_idx=75    0x827c1443ef0fcbf77daef83a96c8d93cb05363aaadf5b2e6421d9012131e1bc3
    tx_idx=76    0x5f4d824d1839f7a52386c05f1393c11f5d6199007f41405c3cbfa9f3f5eb7234
    tx_idx=77    0xa43b2ece366483e3e002295a7c4eeaebd984054038d2a6f045d4ce24c7e51c8c
    tx_idx=78    0x0d88723ddcb15b1e1263a144b9bb9e4dad96f2c206df707bc6fb1795b3f14127
    tx_idx=79    0xd182398d591badf2fc1a7a5ba3681a974e709a2057cd93bde433db66bf9ce261
    tx_idx=80    0x47abbf127d3bc1af4cdcd4069a6924b429cd98dc35712ce4791d7121cc2669cf
    tx_idx=81    0xbc79de65f730ff425b576515c75bd3648ad007440d6bdad6a3d71b423ff85a41
    tx_idx=82    0x09d1508a40724b6f75d781c009e6eac85d4e4b6d6ed7b19499c1a4c25090a68c
    tx_idx=83    0x214d92ba7ba4d20e120c79c4bfb2cefaea8dd7750605fef5e2c63887927d5d00
    tx_idx=84    0xb860f136bef063b421678509f152dffa16dce19654fad0b61a70c7528b729f13
    tx_idx=85    0xe2dd95d35eed12640818a2f9dbac40e093cfc3eb5001d2af98d3e6a015c1d9b9
    tx_idx=86    0x242afe446c5cc21f52efd64f7c10e79391be9e0d1898ebd313add70ed1ddbadd
    tx_idx=87    0x0281c773aaab4ff376675f41ff59fe4a99b473635b374cb6b35665f0c6a140dd
    tx_idx=88    0xf4fc1486cefc77d24c25a15bd4683afb865ce44d49889866196b1135bc7ac6ed
    tx_idx=89    0x9a401dee6526ea1b596dea6d89b87043918c3bb4c1e8c8e244a602fca495c7f9
    tx_idx=90    0xab43f3fb9338a3c62a6c8149eed8d17fb7fe1b87d5f6e8708c8319e072400b6d
    tx_idx=91    0xd4cca138b34a7e9487896fc452a514575df3dc0d9dbb8cb58cd8f688c7f72204
    tx_idx=92    0xd0421788ac108d190188fdd64b6e69bb8d4837fb6086cc3cdc2f3f9da39f6cff
    tx_idx=93    0xee47c6865952236a4c163ee3ab0bbf7ced1f3f1f5603caa9afbc7454fe9d4d7e
    tx_idx=94    0x8f816b8c894ddc3cf097327beb4e6db41026c9fe45152274338342069a828ca8
    tx_idx=95    0x398b9ca6a4be96dad5aec41f21cdf4319c31a485b56ee87a681c94da194e2efd
    tx_idx=96    0x813f23ac3fbe1dd1207505a31f72b503177560ce39cba9f9e1f352f9026db298
    tx_idx=97    0xe44eacefd0a0b75750a478bd0b5b3288ad15bf24a6a18c2b662c2cc0e7611fdc
    tx_idx=98    0x37ff4447b405661aae44d9887c277ed754a499dbc5fc3061775824e90e95a2e6
    tx_idx=99    0x785d23c7f5a336dab7994e0b80fbb4436a2442d4f1714d415d0459d0e7073bb6
    tx_idx=100   0xaaa6aaf66e51e9713d7a28ca4e3b848dec3c932f9af6ea69fb2305ad70ba10fb
    tx_idx=101   0xec6b68825fd9c8eb3502e2b8e53d55d1f6a3ed6fbcec1e00da7029d647b8c155
    tx_idx=102   0x9fee8ad9f74582721114477304966f644d81882a926b73f8d01f22b71645e6eb
    tx_idx=103   0x0702d430eb3087f29c533e66b68135b929a6edd269a6a2cc9147f9ac9971f0b8
    tx_idx=104   0x6e4e494c7d1f7f18769561a6d02cd5508e1e5ca984994199299e2cd9bd1d1175
    tx_idx=105   0x777c7b1bec6dd72f7f61de055e4c727c8645fef35dc9f861875145c31f688436
    tx_idx=106   0x03977dce7ffd286e134bf4b6713cbb5167831ac194bf4ffeef1be193d3026fd7
    tx_idx=107   0x13aa9bd5a080ce752278e5959ed204cbc4c1d9b8ae298d8ec0743d7acf6e0f21
    tx_idx=108   0xbecd3ba18e55cd0241e40b744e16627e9ab2b4923bdc4e5015d115f2e84963b0
    tx_idx=109   0xef323be6eeb4b5d00b52ba4436111acb2be722b27bf28558ef723b3f1fc1231e
    tx_idx=110   0xff05b3549161f353267f34426aae859da1a2523c2a8f5696afba93b02624c748
    tx_idx=111   0x5bf95d6c4207cc1d4cbbb761b7dad79638eec7c04a69ffe2fffaafda60889689
    tx_idx=112   0x4a8c1da7781f31f385feed7676faaf018334da8e947a79f6b3a6f9bb06c20a9c
    tx_idx=113   0xbf5c20a2ec211ba112a5c53fd0a4748350cc3b3190829dda24c16e2bcdc6200a
    tx_idx=114   0x8cc564a51bcd1ede4be050c22acc7f4b3fd972a16fe17c7533ba3bfba7ab1532
    tx_idx=115   0x822650c1ae8bcc2976be2b420582120e62e11b42a218298fb44df82277c4da81
    tx_idx=116   0x450648d7818dffc1655f92a39a80eebd96107ae54b745170930638ff1b28f435
    tx_idx=117   0x69d7d1d6eb6013ac1c0742ec4d40cd0b0568f4476877adec443e9d4bacc8f418
    tx_idx=118   0x39b6c8d8201fe4b452c65f8e1beaf30837ad3bc74232a454bfcf49a1176b87ed
    tx_idx=119   0xeddb143a554fd47beeb90fd7732ba26d020c89760029dd74a2b596e417923c85
    tx_idx=120   0xc941254e2ba7fe8c28197c926a3dec946bc429bb453cf5de69eed3afea96d33d
    tx_idx=121   0xfd5639f0be49de1e0fc6ca1ab4f981b23ec59459b47ae3a435e7031fb0693483
    tx_idx=122   0xa4406cb1e318ae1659710b2e2359ee96ef8b7df17ab409d07eafe79b5c2efba0
    tx_idx=123   0x9c6b558ed9c6eaa749730cf2b2717f8724bb0740ab3da3fbca9caa1e7c40276a
    tx_idx=124   0xc7dbd4ffc47efd996d19bc41cd1630750bb7f586ace16b5d708f25f0002c92c6
    tx_idx=125   0x1fae75adc231e88aaf5c78eca5cacd4b22c77e954b20446e9ab160cb41717664
    tx_idx=126   0x07f2052eb412080f5a1626062fbf216fae70190b00d7353948468fba8ed0a04c
    tx_idx=127   0x82f6c649592d635b04a9b97e1b67f4bb51b57f4aaa075f9683015adc2995f3e5
    tx_idx=128   0xa8b243a4cfc93a00f0b0306e7b8500252b3123d5bf04c059ac5b95d05dbf53b6
    tx_idx=129   0x5e855834ff752753005bec5a4ee14dcbd76b99eeab54f9d02b1c40c66157c8bc
    tx_idx=130   0x31c56a03fdba954032992c926493943acec6615a7aa1f369af68ddf77106beb9
    tx_idx=131   0xbf47ede921c3b2c611683f85d5e5d85efc07a5bb1fd77b122c2c3ff8f2cebf41
    tx_idx=132   0x803ab8e2fc82000951d4f807bf09ebc6969b422ea8a8150bd94f177fad17b218
    tx_idx=133   0x3fca0bf6e74db69461773bccd1a91f9f72446417305c6fa57e02d00b6f18413c
    tx_idx=134   0xdb3fa9207b00f93defbdc68c0463a0b123db9e6967f4cd602d4054850f6b5e1e
    tx_idx=135   0x074eafbf5315eeb9f90d7d3cb157299ddf2a1b3f7a3a661ff1782e9bab5c0c20
    tx_idx=136   0xd69b3d10347d1608524cae2f867d90047c22aba1fe825e0077ba7d1b183e1c52
    tx_idx=137   0x82c8e6f829088bf9efefb03709030ca29ed95cebc7939934f642dc2afe694dc9
    tx_idx=138   0xb1830df2ed081be70fdcb7e441acc5e477aabf1e942a3dea51b5e1ba2c95dbb4
    tx_idx=139   0x4864cfa2a1f6f4a6d8fa58edee2d3a51875849ada877e96496c04396f4f69531
    tx_idx=140   0xdc27a27c92f0e76b5bb2d0f136a2333e93e5083ef93cc51a726f5c99a1dfb14a
    tx_idx=141   0x61b411d0768806d00d24db64f5f6734694b6e69e9508b59c6f0402f31e67de73
    tx_idx=142   0xd0a45bba03e195d0dbaf1a10c451ba4e5b35d5bcefd166d112e741b96e94edb6
    tx_idx=143   0x38ae06a132d1c516377e9d14957d77bbf8d6da692ef22db96a74409982fb5cd2
    tx_idx=144   0x0394d3c29680afc3b29444fb6a576a919742e52c48e7c16becf9f6978ccc588e
    tx_idx=145   0x299b2ea03ffb750857bd379735983e160105a5a796a9e25fa106fd7ac3213f6b
    tx_idx=146   0x6fabc41c04719c3280438d7198c8cd52ec4a0180f4638af89cad7c3816aed8c5
    tx_idx=147   0x3057010a649f4682fc32b2f9fa6e4a78887671a733240aae4e7135901cb1ead4
    tx_idx=148   0x104a0791c14ed733dfab34dfb50da2d223cfa727534f11eb4b0ad6b9f51df9d5
    tx_idx=149   0xe304725edf60160c792a9ee4193ecce3134b191006784d0166ab091ae6776382
    tx_idx=150   0x63f6966e687f0f0356eb2d278524425a0e80b590cd47832545a7ccee01b12c3b
    tx_idx=151   0x342e705cb2d94f2aab2627731331a42ba60c09b9f53032dd32a875fcf909527e
    tx_idx=152   0x65882cb5a18cafd23884e4a3426b3faa45afcf5ec8585b06134628eec4ec26ec
    tx_idx=153   0x3262c8da603c57fbadc78c96144dfa07cc27f7f28c5d4f98dd0e51d3e765e3c1
    tx_idx=154   0x84578213d979d966fc37b074ab969491e841c43c6c9bf4ff8405dd1c568f55c1
    tx_idx=155   0x4208d3b50dac987540508eb2d5194bb0b65964a85c953029c10a9dd09f88c5e3
    tx_idx=156   0x47e474cda314a153435d4fd292174cf70e0fb22c15a9a581387de80525ac5626
    tx_idx=157   0x4e4530da929ab87ce46786210a0a09d82f8b5cfe22658cef4c455b78605afd23
    tx_idx=158   0x13ea3c8d061169fe7f221b9b7faa5e16689a098217e2235bdf4fae1fc8ee6f55
    tx_idx=159   0xda187a5196c3add099ead88756de85be8c9c394a08e14aeca70dadb553eee823
    tx_idx=160   0xb46173359577d548135e3c7844df893b5e3a58e96b08bfac18167958ec410da4
    tx_idx=161   0x2d22f6e9f05676d3db88c86a174782c577978f8b4a060f0df9e519eb648e0822
    tx_idx=162   0xe516ae0987af1984e9008fda177972890a3cf96a8d5da75e1b08164f84d178ae
    tx_idx=163   0xee867d4cff328c7c1773ce08afd3409aba831e10041a83f9a2b869b5b0e4f33d
    tx_idx=164   0x820760704433a68275572b79a9da1dadfeebe76cccc4bd3492f407d9a8023fa8
    tx_idx=165   0xd743ef9fa90af014d865907bacacd846a9eb3e338bd56371f16d30cf555ec92f
    tx_idx=166   0x6ab2ab808198a35565d5337c1a868939ec45c9a8c44121dd7fbbd831c9c15a05
    tx_idx=167   0x8809287aa0f0370261a236af24e67e755b4b82dec3c2d95b348d3ccf67e4f8bf
    tx_idx=168   0xc6635f844ee6adc121efa97692654c63028d5a653ac59bdbd62e1f5b93843666
    tx_idx=169   0x93b60a2df1e09788763d9a8360fe864508cae3d6c0d21f8108f417025fb230c4
    tx_idx=170   0x17308191eb868ad8f331b6bfa43500d7a21f4f80ae8fc9248fbb9b42a2d6bdbe
    tx_idx=171   0x38d9009b7b2fbe6090a202e1d14a291b0c5e63d6f319462aec8793546dcb367e
    tx_idx=172   0x8a58074b8d057011b9999f3e769c6274a0b95cc988b44c3d2262ddc34a36316b
    tx_idx=173   0xcd95aacdceac6027e5530d32351a177dfc4338e9b22d8bd9cec8f82fe297a353
    tx_idx=174   0x231b390aac0435fdbe50830e176bb6587df5970b6e816a067787bdd2353fc2cd
    tx_idx=175   0x027e91bcdbb03c2462a81291e48986248c7fddc2f0c02d7cb7ab7a0d57a28bf6
    tx_idx=176   0x2464a031f4c683f229f9037c49bf55084e8562be6155294c953d201ce83c2388
    tx_idx=177   0x13951893b6cf63922a604bd6a5008e72bf39df87c7acd2da56aa1a4c63b01585
    tx_idx=178   0x05fd33b164c5a0df8f0b8c137f43b85ef35f252419b205188339df27ec511ca6
    tx_idx=179   0x3451a65e2919e2303a0cc90bd7b45900c3251dde61db87e9fc2c429c238aa757
    tx_idx=180   0x108cc6e3c5ff40a9badbd8c7a17757baf5fdfe0c259342cdb8c81e94aedaffcf
    tx_idx=181   0x6d09602df8845a3a634824eedf59176fd0db9adf164b6ea7ced02c102a1ff845
    tx_idx=182   0xb434f35bbd7aeb237c78434f637939364f067cf4d70b2f198066634d2a3abb5f
    tx_idx=183   0x19f7962b47727e934f41fdba194bbbe855fda68a868ec343f0fc79b39460d5a5
    tx_idx=184   0xb01930506898fd53fa34314e96e9a4d38812d355c561613fca6f53a1544b6cfe
    tx_idx=185   0xf8db8cea90822caf2c52e9122563a4d49cf94aa8010ca5abdc46da83a58d1c17
    tx_idx=186   0x2d4009bc4f36370dca653bc0c972c984be037e1635c70a7a42c929dea910ae35
    tx_idx=187   0x4e682101e205b0d6dfc178e0241309518ffb94c5491bf7e708eb6588f9572f4d
    tx_idx=188   0xf3fbe33e08d6d100a898820a33a06448d6ed5ca40376aa7a96eb0a0d3d7a52d9
    tx_idx=189   0x8f54b814b81474eb76bffd03198f2795f3acc3200021ccda7cd44458ee06a1fb
    tx_idx=190   0x6c54bba1acdb59e319531410f081a1f548d187c9bef3f47a42a94c6d639cfd9e
    tx_idx=191   0xb0ca6f7a8a6da9a2550e75a1bddf0e467d686b573aa2e58bce89a013143db172
    tx_idx=192   0x1cdb84ebac439febc00304e4afffdc7ecd0ae4935e3fb43b4c5d379eec6b486e
    tx_idx=193   0xe7c56ce8212599d43a2ce95dd75389871e88b3f6b2ee779cec06dd7305551155
    tx_idx=194   0x545592a6147a8b4cb790aea6e04bd136a5cef5925292a23d8b43577d5d0847e7
    tx_idx=195   0x2a17e9a2b75a4167fe3ce3366bb3b8446cf9085bf92562fbec3d0757cc234c6b
    tx_idx=196   0x5e73dbab0f0e296e9a000c84e9a203f4ba94f1d74259a938990e21f95575a9d0
    tx_idx=197   0xa869bfdfd4b32ed0bb3383f61427b56b7cbac5affcf611a967bbd08fd4e85d3f
    tx_idx=198   0xdf20a35f4a0153a5e9f9318efe10963aed6ad01990dd698b6e1fa86872347477
    tx_idx=199   0x2efa67ea5c74e6e1adae918b380f874740aa558285d972403e10861e4b148ea9
    tx_idx=200   0xf73b4098fa2ad644e754967803eb84509c57160d336aad2b713f3ba8b889ca13
    tx_idx=201   0x611c3788d9d997c36002694cec31e073a72299821a5a9a447064b758475d99f2
    tx_idx=202   0x43130aea8cca7fccd72ff1723d8c066a2dc3fdeae494a974ee9867f1d1d1f163
    tx_idx=203   0xa6c9a3e02d8b8ea2a9e0a88494c3235fcf96ab11147904b0600aa763b262598d
    tx_idx=204   0x09c8bf5782a7972dd6514bb410a74ba21808c5ee86fbac34a6d6b71646d2b56f
    tx_idx=205   0xf376c4e9ff67baad7b2c8d609b18b981dffc3cc648d09fab5749f702f2e34696
    tx_idx=206   0x6b11984357ccd8c3027d1644fa1f389ac30443b18bfd580709e26278eac24bd4
    tx_idx=207   0x5f4dbcc6eb38355fb62cc9b38780693640fe56d39cd45db3c986301bf9d7a298
    tx_idx=208   0x7054ba7348853078f95c22d5a4ee6597b65ffe66a7d989819c45542c4f05004c
    tx_idx=209   0x1b095f6478bfd2098d4a4f00ef2eb8bda660ee7e3a9837fe41bb2bf731d9a1da
    tx_idx=210   0x56b696985bbc730990af1da870411aca665f8e49c6ef8ae0b6c744a752bc3d3a
    tx_idx=211   0xa4c80d98bc8ae873793484bb16c11cb42dc18eeab3d0ba439b277641d265393f
    tx_idx=212   0x1ccfeacfb3199caca14f90742fbc0afb604e5e10d1f4082ec6761d47909ff5b7
    tx_idx=213   0x757f2502aa1d8dbf00d73de237602d26452fe66dd4401d69b1b9f3b831729396
    tx_idx=214   0xcdc6158053fc92abffc4ee654548b743a8cda43efdc999b26877ad68b5673743
    tx_idx=215   0x75d955fb2adceb1ae84f7f3b281ffd097344a4a2e9b7cba6ecb2226268987470
    tx_idx=216   0x18c8ffbe009c63fefcb4825c40e0a0e698b17cec7b8b48c40c861a77fc57a6d9
    tx_idx=217   0x405e9fb6b4a402614c315cce0bb8347373ec72c66d5ae469bb2a1b08a160ff84
    tx_idx=218   0xf43ce119d7e62a0c6e3a467ae71de4a8140e6a73ef4226f2c1d7b9e356f69a81
    tx_idx=219   0x8e5565ca47041c5a43cc8127352acc6ccae9727f3468034d9b479452e8c300cd
    tx_idx=220   0x02f3dfdc976b4081a59d732c1ce839e281bc2057311355df1fcaeba17361fbd9
    tx_idx=221   0xc6384f6d49c39bc859f4be8cfd2b1091ffb993e9c38a3a35aaabb7408bbb5b55
    tx_idx=222   0x1eef4515f9aa910a1f8b4a6d92d73200b0aad47989f31c5411f99a463021b784
    tx_idx=223   0xa7967e0b9f50c18e8a685f4900c47f3fd4c58d983bf28988be25fc15d3b58e53
    tx_idx=224   0xbaef253ed74ac82aeae0c12b3dc5f4b5f46951da99c264b15c6284893ef6df17
    tx_idx=225   0x4cc9c20a0f7563001d5f49d18fc58be3b35b2512d95f5562a967a3d4d58663a7
    tx_idx=226   0x3002c3be79c3898041b005d4fa6847e6bf70edcbfa1b3c2b8895559455f35d64
    tx_idx=227   0xea2b4aae2c88e03153fb6603664c278ed1614b105744bceb19c93de39b8879ef
    tx_idx=228   0x4c6950e36f14a92d4e85900ea23b9dfa150fcaa721f4c30ffdc2d58075655c38
    tx_idx=229   0xc6e3d35862b9b9510e489f0d868b43da797c5cf08ff621dd10ddd8a8f44ee2cc
    tx_idx=230   0x4f25d61ba13452fe26e05f5e095aa5a95c42d87026c561f63fa4d0c509cf8d0d
    tx_idx=231   0x091451a5c57db0b7b0804feefe5e978a32d787a283e41676542eee84f128e89d
    tx_idx=232   0x52792e3b4efeb8c1424f95209232b3637276776d3f514d0174125e69d40019a3
    tx_idx=233   0xd5f8828c43d5a31fd4837dbfc6781babc98a265a5a0ea8c80216fd8a4cbd522b
BLOCK 25573915  status=OK  canonical=341  stored=341  bc_tx_count=341  canonical_hash=0x240a2ac77c5f7018a943afb6d5b5d7adbcbad721821a832c17067667cd272fef
BLOCK 25574010  status=OK  canonical=233  stored=233  bc_tx_count=233  canonical_hash=0x7a59b92a916633d4246b38d40cfc4c93b51b0207faab0673f11525e5f28f8b99
BLOCK 25574314  status=OK  canonical=372  stored=372  bc_tx_count=372  canonical_hash=0x9863dd9fc0c8d7a3f6ea16991ba67ed5f88fe0637757108d817f06f6cd98fe83
BLOCK 25575346  status=OK  canonical=256  stored=256  bc_tx_count=256  canonical_hash=0xac9230d38185d7c9b6247b8e9552d9c07f6f84e2b6a9c30ca7d42aa33fe4d14f
BLOCK 25575600  status=ORPHANED_SUPERSET  canonical=60  stored=437  bc_tx_count=60  orphan_only=377  lost=0
  canonical_hash=0x567813d4dc5fcf387f74592d3916d2f294425fe3e1131328f4852b8cf7d60f44
  ORPHAN_ONLY_HASHES (377):
    tx_idx=61    0x20656eb0c6aad38e23f692fba4d77c79287eabce6b5fcfb5f64a9694eebc7e02
    tx_idx=62    0x1640c8a12e3302a0a7ff480fb1d598a001afbc447aa1545060652380a010cba8
    tx_idx=63    0x2ecd36316f7065305eef3dcad093dbf487c2f1f2dd45f8ace14f75d4dc1b27cd
    tx_idx=71    0x609ddacc241ef4cbb91947e2ab2a7a75dfe6d797c7df328c4914a2d27d0fdecb
    tx_idx=72    0x8a7768fc16e89c79663265745d0ad1dcbd1ae106e2d82e38c20a16a4b08983a3
    tx_idx=73    0x651ae743c50589375c63fc23c45ef20c681cbd3fa8ec60292924ba377e665169
    tx_idx=74    0xcfa176a42fbf6727c0f44c3205be422bad1b794d5819d2bcc16e63001c0b4f1a
    tx_idx=77    0x9db6b68e76b905f30a790b1e262041df6ee06a0e7c9b92d89bed1f458838af51
    tx_idx=78    0xc9731cb2ab0f1b13b5881989a719a7425b03f43194552542872c7e16eaabc0f2
    tx_idx=79    0x300efe23a9e5162f82d1a53ce72d3256d952ae6b7e06e2de8549c3a087a03d23
    tx_idx=80    0xac0eb91139ee000e81ca899038eacac3a676f3890424bce7fc75f7c81e3fcf76
    tx_idx=81    0x139b84e0ae1e5d2d1427db0b28c152e4618e1048dc57785b2fee240ffea6b4bd
    tx_idx=82    0x04626268d0211ba7d7e2673b4720004f53d5267b1fe1839085884469456e491a
    tx_idx=83    0xce56d7e01389fde6231ad0f1fff82eb4b57c2a4ad9b6191bfa6832fa7c45910a
    tx_idx=84    0xbc947f0664d86de423c2f41cc20cd1c4e3ed0bc6d11a6a8a05666b5e00d07732
    tx_idx=85    0x8345e907be1b30569cf0de7496bcb6a7c438db7eaf0eccff86ff0ac079befaff
    tx_idx=86    0x5a8762f13abfedc1279fdaba339cf7434fab35de94f6bd6a382a0cc8cf64f378
    tx_idx=87    0x50c03a8a0dafdea873b3f65b8cb723ae03b8b01c0b20bb465bbe297f9026271f
    tx_idx=88    0x25b2fd8306e3b9b2ed8dfafbeb2ff4fca31ccfbb8e48ceb54213dd337223d669
    tx_idx=89    0x2c71138a4e3a29ba6e966305e55226510db4fa332613a99ea0a13913c19cdf34
    tx_idx=90    0x9d6df020de52143afc2e7c18dcfb16440803b09fe383478ac905964fb40f80a6
    tx_idx=91    0xbc1473f1edb25dec7692b6eb41c32bcc016be126574d232b310f21e52189e6f7
    tx_idx=92    0x3b446fa562b2bdead94b90c496f31f7063f3a2814d5252ae12c061c72136f41e
    tx_idx=93    0x893c9ec5402ef36c1942057d2324ad8ceca8fa4de2b9a0b54bb96e0e63424374
    tx_idx=94    0x651e7bc53937e2a01124d9d6ebdf1c69790c4686afe72d38df872bb8293b989e
    tx_idx=95    0x08991a82e5270c4b484fa42c22a153fcc2db0da1d8004308db6ce56030c91f7a
    tx_idx=96    0x1fe648fb2ccc2b58bb9e7f038bb2cbe42eaec008dfaf3e7aed848b15d716f944
    tx_idx=97    0x5447e327a8ecee8fa86b39b515c83529780111b106d95847126b35daffe8c6ed
    tx_idx=98    0xd6c37e0d8d7154032af8282ebbc778d3d62f703e2082efc8aff69aab3b8bcc35
    tx_idx=99    0x316516a27f8d0fda71e32c802654db9ea5ba9561da22c2e2c01107bb8400a5ed
    tx_idx=100   0x53de62603c29f0a3f76701b7e663846f1cbdb98f91736dfd14d4e397874ba792
    tx_idx=104   0xadc3f4fad7a1bf7667f440eecb9c6a00719ac07b19b686121d8cac97c0098e98
    tx_idx=105   0xbf0a7e9994da1c04ab9fc593717642e0ac53fbf838b47e0dbb13f6eed0f71e5d
    tx_idx=106   0x8d6e8ac54aebdcd76b00387dd6d1b2c585a92c5db346dfae3cc3f0d92a4ae903
    tx_idx=107   0xbcb0eb2461b5f4a3ca4c3b80c4e76de73ec07fa1b6c88001bd48df2661f003a2
    tx_idx=108   0x4d0eefe697fce53dcc1e35e4c9a68c3ae9a905c902be130fddea51966b8c6a86
    tx_idx=109   0x15beaff9e0b7379295da26bfe6831eebceb26fafbaa7236e3f8df9e61c2be6a0
    tx_idx=110   0x59b9f8dd87a80b3afb83b2caf276ae5cfcdbf43f6c2e6e23c46f1907a5f652ef
    tx_idx=111   0x9fc7a6c6e1a0277db4637a399a3d4992d1876048d8f261f9aa5f8a4b7ff1de86
    tx_idx=112   0xc3e36d049972878b37df1ac431104f738492feba51d3bd4e8daabf9736659a21
    tx_idx=113   0x76c2241ae1e1590058d5f515ca320fce613c4dcb32c5bb4d6fc5231a70cf8afa
    tx_idx=114   0x4ff87b068931d90a9c20ebdf69ebd664064e7571bfa13ff53713cd8a6b6db0fe
    tx_idx=115   0xadfea7b618686dc43ea083a6aa20c3e8a4e33bef2216f65b82c65f4a5c0309fb
    tx_idx=116   0xd957d6162192ac879c8dd2a96455b10a19954ad746603d349090bee8e0bad533
    tx_idx=117   0xfaa1e7343028de82e90a3fa67d5bcf3d1aedf9a701b5e4d469fdb8882e9ff67a
    tx_idx=118   0x4a4b2b95e54928f8ed28ddcfba4d09f021eed665bc96ebce804a927b4ee5ca20
    tx_idx=119   0x4754b2b4506bb6ab758f386a08ac22fb98437f7e3533d7b0ae37d8a7dd184a55
    tx_idx=120   0x269f9d1d4928d7c617bac5bcab863df98836f5b23e8828faf4231dca2ae4db40
    tx_idx=121   0x814b2ba6d0998fd1e2b910bfa94ce7c49e5221f226e5cb17538f459cc2bf1113
    tx_idx=122   0x1de31a4268045e039f75ed46bb99af775babfe8e573c73d58d163b5488801c5e
    tx_idx=123   0x29226f7f430ca0ce76839c252d6cfa5f40600651e58cb0a75ce8512de5f44e29
    tx_idx=124   0xc505630df5cae528711d40a4978f4064a54c84784107c430cfaf302e49f583d7
    tx_idx=125   0x391690031b709f1ede5e2e60a2ab73f6522ae16e486bcfd21d14c5e6fd109729
    tx_idx=126   0xf29216bfbc0eabc1939e06e8618c56c560e2da1de5a8ce4fee0aca81139bb81d
    tx_idx=127   0x1bba08de11724facb2af24b52e01a0b498478f1cffd84d83ae4d538962304b83
    tx_idx=128   0xea7c995734895c1225c66ba0a45d24c2e8e901d23515a83ae937d0ef74faa024
    tx_idx=129   0xc97f99f62bceee5ecdb0b72a7b249c2477c7c61314415e006d519841f0e1359c
    tx_idx=130   0xd28c02483dc2f553b06438ebf3ab05900d586ea55bb1e1f8739fc78a9e73f6e3
    tx_idx=131   0xdba33fda71c58a5d50120833bbd122dadd6e4e471dfff8c7342820482e679cc6
    tx_idx=132   0x5e350b2180b69d465cdcf93698d5678a16dd7917e391b3cd6ac9886cfff4cd8e
    tx_idx=133   0x9fcd8c22486ddcd4c113e430a40f82f2b91ba2fcb34e86626c487be1f2c06d03
    tx_idx=134   0xa7912c6658205e97f5b6991c86d67ce191ce05d81d3553d197597501d87dbfe9
    tx_idx=135   0x17f0e811965f9f54f2d0b8eb193878b0fd8c97bdb50bbd775b7b5200855cf314
    tx_idx=136   0xc659dc47875b0bf72c9e5e93d9daad4002e7e3612038d3ca0ffc8f3a38dfb1e4
    tx_idx=137   0x572ab895a579956939e89a44efe837e8917513259b86e8a907b4a2051d74160d
    tx_idx=138   0x951e2f4cdfcb59ba678e9f166832f64e70f14ca5ddff157ece0e713933fe5e81
    tx_idx=139   0x954598118aa5e52f6af6ee9b7540e5de483a6729d30d8f30f8e22d1c2665a2f9
    tx_idx=140   0xfe5e8624a1f40b3909c0985dda2234cbeee9f4f314883b221e1dcd3244d6c8c8
    tx_idx=141   0x23097aecaf8f0ddc9ece8c4e4b6e284c43695b2efb3b6945e084e525d85e22e6
    tx_idx=142   0xe8827a7a1da8a19eb8e473d8cd2007e9d63e9ce74a019b67efad8ffde55ffc47
    tx_idx=143   0x0227142fef372e7abb4af3d1039136497160a18e9b84f7b21497da44caed21f7
    tx_idx=144   0xa99612ff3c7ce0f1275520e7d08a0f1138f5250ea296094124f6a0cc5b965236
    tx_idx=145   0x3c263d543fbd900da59c663c486c0bf14738a4d9e4d6d0961afeb8775b37d6c8
    tx_idx=146   0xe93f28dd7618cc607c4f30a188379fd6409b9b6a3cdd95a503d66e82b462bcd2
    tx_idx=147   0x20587c346c6e9391f713a82670ffb815ef5a554dd81fd0f0be507aaa009c1345
    tx_idx=148   0xc0a348a58afa6526923c70e3d15527208e2ad4024f9f5f799dcdaa06503d35fb
    tx_idx=149   0xe73144080143080663785a647c627c8ef8abd17c5a24c36235cd97d87359838d
    tx_idx=150   0x310a96bae92e7fc7c8d3af0656a1ad66fe811e2c2ff583f30862182e04bffebe
    tx_idx=151   0xfd108baa93be4fcb49e8864b4fbd2ae75948972f21f529b071575cacf2d781b0
    tx_idx=152   0xd168d451311e96ac997b4e6dfc58346e2b312fb9c34a72a7e959f01f581d9dc6
    tx_idx=153   0x7ca22ac201fc44a17ab23598205dc877aa5a1973daa346c4419093f9ed03064b
    tx_idx=154   0x5620276d33cb73ab3a262b96c971a2e833b347ae9127a3afbba3090a2ebbcc5f
    tx_idx=155   0xcffccefe59ae987830edad8bc3691dd04b4739d8956b2c137bcd21459ec27bb7
    tx_idx=156   0x832f04397bb58d8fb8f42589918f9821c3768b2fbb052fb209b8429203708068
    tx_idx=157   0x783cb68ee902097e47e184f75c471f020b725e975625afd1462341cdfb5d4ab1
    tx_idx=158   0x97acf2fac286be850189ff006c656a710eca2bb3bbc10a0d2ef13d1b66c76fdb
    tx_idx=159   0xe790047640b8e7b1cb02e7c905cf77a8bd7a6ee33542fdb9f1258b0ea6b1ec41
    tx_idx=160   0xa5bb09062d4ba58a962be7d92688dbee225e451eb353384e17d386596b0dad37
    tx_idx=161   0x157b04efd88b2e4306e76debe30ff5137dfd8ca940883fda437a6fe8070e07aa
    tx_idx=162   0xdc9ffdad93646917fa9e4794821645b5bd6382ee096bdad9789b68cd5abc6a86
    tx_idx=163   0xbe63663811d53ee26b8cb00928135134722a90f19bebd9d6851b44e02802ac5a
    tx_idx=164   0x1674d09cc2c124567ffd0d6017c756826c06f1880fe4bdeff264ac9fddbfb2e3
    tx_idx=165   0x136bacb4bc9fa8a4ea8fe25ee742ba100356f3c01d8aec70d8fd68d8514cc4b1
    tx_idx=166   0x3db136eac697c65a819bc2487e797dabf7fdae793a1994c2508c24c09f3c9579
    tx_idx=167   0x51e0120168ec56bc8bbe285337d2bfb8e78506bc4942ec2409c811ad0d761832
    tx_idx=168   0xc8f56577aefcbdd158efe44664f5ef347cd5f6520e834a87ad4cd1bfb70ec05a
    tx_idx=169   0x7dafb317fde94dfc768e807e4bef65a27275859aaabeac837155764ee3d56751
    tx_idx=170   0x5db11bf70cf1ec4061d5f8ffa62838efffd1ab60b8ea32212eb02fcf90cf0153
    tx_idx=171   0x6ab16cb8315fa4933f8c1855eaad0ec1d4a726c083f7e30e95714c8cc0a4efab
    tx_idx=172   0x2d86875ee9f59ee6b797a8241974bcee8eae25102daf761defaad8660dc82b87
    tx_idx=173   0xfe2944af790aa2bdf758c91b10e0906805d6d995f327375e67bd0d74a4bd4d52
    tx_idx=174   0xb1f6166e3adb8e806204ef385d8483512af41beda0489ae9e3d0bfe390c878fe
    tx_idx=175   0xa564bf7c6b19cd371877435b30f90a11300e32f6fc05976156c98cef03572d01
    tx_idx=176   0xacf3689d6ee23b7ff697fbc04540753daa43454becb32dd11c506d779ebe492d
    tx_idx=177   0xbc3a71e3934a74019c59dd917a66cf3ae7a98985204121868fde02afa18c8a49
    tx_idx=178   0x8548955a425339302e2328b231fd444f2f0b93059e2718e3bd6759e3131a1b41
    tx_idx=179   0xcbf2d7bcd644cd0bf88410fa3802ca2f02349371e367375c41851f3341ff3c54
    tx_idx=180   0x2ea394723134eed0eb4f08df2d07fad2e753786b67d3c478a73d52398acc88b5
    tx_idx=181   0x4a22423dbde182b9cb9d6695dbb0dc0dac4cf1b7da904d9767914f876e2e7bff
    tx_idx=182   0xc5603ea0d11996e551982820d275cc2698a90f516e83c0d63090cc3565cea7d4
    tx_idx=183   0x7488dfca7ffb5f7fc670808be29638d6eed0a4c5ddc7cff79f31bdb922f387c0
    tx_idx=184   0xd898681cd9559a7606cfad501425db990d257a23daf5f6276c1f778ddaf93616
    tx_idx=185   0x5f8496faee82bceb690c14fa8108cf9dc2d563b2af9077ee45c3a0804605e357
    tx_idx=186   0x770bf52a33b55ad18b4f4f08b1340f97fdaa400398510717278a00036ee70c23
    tx_idx=187   0x249a43277fa6c8c92a90e9239268f64d2b066f8b0eae414a24c5f72bb5273fc9
    tx_idx=188   0x5f77c24bc9189c35873a3c255ec16299b2803ac4c4a92f25c9c269bb5b36e1c4
    tx_idx=189   0x5d672244dd2bb8b7545c482af4bd2ca1f2a2270ac89564eb839e18180daa08cb
    tx_idx=190   0x0f8ffb69c02526fd6eea4f9dd4297b0146baba642717a2848e6c7e0a2eba0752
    tx_idx=191   0x3101aaaf6176c5d2bc3a0054049f44dd5e9aeaa154556bf10b28dfe77df33d57
    tx_idx=192   0x307611fd90c4f40cdc313f3db4900a92031ea9db0f320a4a2eaa5cbef28a84ae
    tx_idx=193   0xaa7653a9ea17fca69fb4fe85bdbf31fb2ceb886369b0ec78bf99e95734d4b4b5
    tx_idx=194   0xadb0f86d1a28684e8f13ce02daf507a9b463d6a6872509216c54e6dd3dec4791
    tx_idx=195   0x3eb18cf35411331e922dc8a2a928e7802a331c08e1cc38bd824c74f4c3130825
    tx_idx=196   0x42f1d33b5b00c5365009b4eb3ffc674cb198fd9d42fc27f2dbc116c5aa89f051
    tx_idx=197   0xfa69dfa16a6130caa8dcf2bf71751307844c301ad7bc16ddd0946828f394c410
    tx_idx=198   0x1e3d0e00eab91cc28604565e2e351972f155a9c374b9a58e81b3fecf25f2540c
    tx_idx=199   0x3ec9cb69cfb572dd6a1df3508a2f06311e74170c721692341fd1dd96f9af82e9
    tx_idx=200   0xaacaa66543e087d2b47cebb7616f7415ae39eec52816b6283259ea542493fe33
    tx_idx=201   0xd2293e11b943cc69b72c269d4586995bc4a4d24da9f8ed43d5150d254dbc2ddf
    tx_idx=202   0xa8db95fdc3b13ce3702901d54666b91de0759df37a0e7d8aaa286ad592365ac2
    tx_idx=203   0x3563f4c019ba45680948cdc926f6bee742d178b5c8498ba712c7372f73c40b59
    tx_idx=204   0xddafac4c82318356b64ab787c8d4b195b2acf099ce864220f31ff014becd71f6
    tx_idx=205   0x84a48a5ccaf68350a1c10c43812dda3ebdef1e86bdedcf4be9effafd86c3633c
    tx_idx=206   0x14e3647a5feb8099479d9ac439a82b4e532c99b0df4204fae31b865acec7ea4a
    tx_idx=207   0xd85741e74c21031aa1043bbbc8dec1504e2cace05637d713afa4739a74d6ef04
    tx_idx=208   0xb41963fdf71265ea75455124a49738ce8af66437ece55c1dc7f4cae067a76653
    tx_idx=209   0xec96bf6f5010bbe897dc8050225306540572d9aa4a6a2544af8ae35d9e29a905
    tx_idx=210   0x0484dcdd4e5ab74bdc2763d1d9e13695971d4335c052320206a3559b79a8df51
    tx_idx=211   0xf162846e8e53a4dc61e2dba823d481446901979c87298e67380b5c7af6a15f4d
    tx_idx=212   0xd9d5d5f91116ad17c135a64affb5c5422fa6c16dfeef4b5403444cb8452e9f47
    tx_idx=213   0xefb68fbc773566580f66736e9c3f4ecc462b47fa553da9fe96aa502b795dc681
    tx_idx=214   0xd770d4fb8eab8d4bfcdc6d55563710d3a945b98477d5366c89774aa4d364e9c7
    tx_idx=215   0x6d9563764110577b67fd2e19e959565355662b3c2e2dbd723f2e1ea262387000
    tx_idx=216   0x0a0740b257d77dbf818cffc88d04263f968d87e2a329b9e93e3337e45be1beb8
    tx_idx=217   0x18f84aa2558dc01ea3a5667dea42101ad6ad5a8328c625b6758e29f6100ab820
    tx_idx=218   0x3c7cd87cc9dfbbde0157c074952667d9345a3f9c097c243f3dae95f412fbca96
    tx_idx=219   0xb6778440367142ae50577ad09e2268bb9c7537e58abca90dca038cf59cbc749f
    tx_idx=220   0xac5a81a3782999508049984157afb73980d94b78dbdd958740f1e89811841ce1
    tx_idx=221   0x170cb1026b20688c6541ab750b41a401e0d2360a58b1db8b6d1554c23de571f9
    tx_idx=222   0x6880ab25e54cdb7ed8c085cde02421b7a177b2a4f955cb663ecd14159ab57f53
    tx_idx=223   0xcfb3a5f3696ddab20d33100c7adc645322124f485e2182b240e96b3206cf6cf6
    tx_idx=224   0xaddc44d2ca29a4ba1256120776f47628624bfd6951c7763f031515baf65a43b7
    tx_idx=225   0xb7071c3000cb02fb20b6a73f2ad732fd949a01596783bdcf5f3e880076d75da1
    tx_idx=226   0xea1d69d4a6af441912298a42d718ffde2f1d86eab02d8a2a3b4bfaf0bd0b6735
    tx_idx=227   0x9eec80a606a9e371bc9628f16fbe608c23256223a72609b6f8ae336b7db2761b
    tx_idx=228   0x7bd29c62bc0a92362955b36dd636fa711cb5a672474623f8fe6dde082ec5833e
    tx_idx=229   0xb95a4e5c82fefb1328d30eb0dd55bdb69b4e792ad0b11ebcf5ba753cf1f3649c
    tx_idx=230   0x61a62c6a5697672f08af3b47d21064c7064625c13c8b3090e95e2672ee3764d3
    tx_idx=231   0x22f0f72e442f65999bf15d87c59947ddf81e66d04d6b62c3c0d2d8af005d7b3f
    tx_idx=232   0xb1a9d0b8efbc2cd101acb771bea464e50d38c3300d8b6ac464ef4704aa2842c0
    tx_idx=233   0xaa47eac6607cf3285a9727d2451c29b4ccf5318486736d4d9d8bdabf088b6762
    tx_idx=234   0xeaa644ddc0a9f2a3c0390ce9cd3751ecce21b877cd4b1f2e97bb7414b6ae59b1
    tx_idx=235   0xf4f85094101dbca39a93857d63ebbee63e70debfdcdbbb12cd77b1d9eca5a015
    tx_idx=236   0xa2f38210f609a9f8372a0e44fd65fa68d3fd7e49d4ab7e98910c9f0db32d76f5
    tx_idx=237   0x241a955030b75cfab88ebe99135956db4f2ab60c9821714d978f832dd0dd9c63
    tx_idx=238   0xd0646a803f103b892e76896f456c2e3348eb369f50d6cff6813d0b83f0297085
    tx_idx=239   0xa40c3679aa776b8ae19c6dbc0bd161c27e46da277777afb12c0fe7dfc51674a7
    tx_idx=240   0xdd4562681218e4a59f68c3cc50442e9b8556a07d237a109548563005f5d3e68e
    tx_idx=241   0xb29d5972660cf80e03e44101581590c1644a35de79902721a13d265502ec7af3
    tx_idx=242   0x248e79caa599aa26110249f9662a9a451d926e6d2ce76d22d60a8e1246c3f4a4
    tx_idx=243   0xfeb3d7a245abb0da30eccbee2ba7ac77f8313dffbf10597d2a1933da7d630292
    tx_idx=244   0xf39891aa9d64f7c09c9c7c78ed6c22563b1ac9fdb437c4eabc65ace45a16c329
    tx_idx=245   0x53e01af9f306cf6e0589d4a183f9268a383f08fa9722277bcbb8155dba44105f
    tx_idx=246   0x6cc25de30adad5f063619b74ebe4340cdc7e1e1ab3aa6d6017684cefd89846eb
    tx_idx=247   0xe5aedcd988bcb8433df053bad82369082f930758732188f9fec0e7cebeae4f8e
    tx_idx=248   0x3c678c9ea82e4d8ccbd12ea25358be6180924625fd659dae3c51bc404eaae47a
    tx_idx=249   0x6b074a6cfbfeaa3b704413fad5520213443565a6bfdb1d52bb7f961b78764df8
    tx_idx=250   0xc6673e3a9ead0ecd233d93741dcb5e5c468cabe0ec88871b664cc3a87288a748
    tx_idx=251   0xb71a2fc3586ea7a5330329ea0a380aa21c414ac3a33d3bc79382ee4d63672b50
    tx_idx=252   0xaf046062a77819d7013d68b21c00312c62a35d7785a966303460f978b3c4e69b
    tx_idx=253   0xcbb39c98543199fc15ed5ddf80270bd3c1fc2266956dfc5aeaa575cf5111e6ba
    tx_idx=254   0x946833df947fde14e1ef0f499faf5cf18087f9bd793c533f0ee4107ed5a0cc56
    tx_idx=255   0xa33c3494c4d2309be7859a293ecbf285cce33f5fd60029f72ae067e17991286a
    tx_idx=256   0x583e80b3503ca8157bf9808abcf73acd069c488c11efe69f032c283a47799c1f
    tx_idx=257   0x4ea7efa1aa8b98d86c88e9cf6a3110faf002315c6f8dc612337e8d33e6d8e4e7
    tx_idx=258   0xb162b7d2d090d08d33b47c6b43be49dd6f455ed74490541a8e0e593048411289
    tx_idx=259   0x2a7ad9692f5b9669512aa3e5f223431ee6fb0ca5f0fdf725e173258966d404f9
    tx_idx=260   0x1de44e1400818500399eb7b50b1f60f2511dbc6c88d3447cf481346e21dbdb2d
    tx_idx=261   0x2368108c04750138a6c45eba14cbfa40c78d392214d41b1a530136f4c037fe1c
    tx_idx=262   0xe4aa480325abebc85a9d0ffe5e61afb37ff20f234d84ab33c2b894119959e238
    tx_idx=263   0xdad9de8c8f12642ac1791e18954f3159309d7daa99cb36ae8a38ed91aca9838a
    tx_idx=264   0xa79361a3edc785d8b6dd5cde70002409839dee13d347cb01542d08494210361c
    tx_idx=265   0x77ec61a91ecfaa975d14b599bdf1f0dcbcf44894ff3f5a39634da7ed6c137c82
    tx_idx=266   0x59a6ca95dc6d1d5c96e86ff2e4011a31c4f93feee181f7f1a95d8e852321a3b8
    tx_idx=267   0xe3323ffe0715a27c005aba29f5cd281032bc883a460a0e14c321c6570ec5a7d8
    tx_idx=268   0xde9ed145b463d2d5d66ce0658540c9c91bfe02de57d34eb1b020272e01829da8
    tx_idx=269   0x1a8669f1d675b20e49402fad076f4807747f4ff62641f4e8d92ac97a54a3b836
    tx_idx=270   0x772713a497f6bbf1add4069e77155e211ada6e7a3927441eb6de9754a2a36597
    tx_idx=271   0x015ac4b223b49050e9f0f74ea2a9592161bdb4a282a5ad7e76b4f4cff0733337
    tx_idx=272   0x9cbee0ed93ff5f7349b20a14ea2259758a944697a7f86ed27a44ee2116e80753
    tx_idx=273   0x90998a600194b50e3e32baf173c77fc663c95623cd1da2eff6fecd4df961df7a
    tx_idx=274   0x5525b5ab94175e0d1c5db2ab838566f7db1f1662df3bdf87e5119e4d77fcd658
    tx_idx=275   0x2e1e43e9ee791cc54ea70d064dfeed44f34d59bd295d42e94c331c8615391e08
    tx_idx=276   0x68fe9fe988be5659d5faf7b889d3ced85412563aefee48833d6520572bc8a082
    tx_idx=277   0x0ae2efdf75f51ab4ab96ca3763c53640518db6ede308e1f42cd7f0d4e65eaded
    tx_idx=278   0x4309f54bd78b3bd7dacaf375af3046867e107408c10f025a92a17ab388783eca
    tx_idx=279   0x2928830b623de77e05b206c12e6227b7d98b4d33e8556894d69780c9b8620889
    tx_idx=280   0x36e22e3cfe2f91c5807b0db46974d52e544f107ff02df6e7eba76dea2a4a76c0
    tx_idx=281   0x758ee8e261b2a67f2b9554f0742cc5ce25e400f455f215c0e7ddcc7b2638ea92
    tx_idx=282   0xa0de28e106679b6bf73ba80f968df3cbddc2e88d8e795c2c0ca34bfc65cd866e
    tx_idx=283   0x3853e0afbd6f98335da210266e085b20c4e113554408064a5cf73f5dd08cacb3
    tx_idx=284   0xb2cfb62a5427e86f51a3a1a0f245232c0976c31819c9e092ce46411e4dd6a5ab
    tx_idx=285   0x7b95e3460d9a27ea1a1c7f52fd2acab5b1c0299172cc14c640dfc2d42164d30f
    tx_idx=286   0x36f06070ed44dfe7f09719f2936719c6eadf4a15105e9e20393d07c63b26d36d
    tx_idx=287   0xb794a43d14817eba24ba083c2e580a489941718616b2c602393fa35a14d85716
    tx_idx=288   0x7dd46c961ca681a5db7ffba1d105eb45733f99ba3ae6f948ac9ab21caaeffc83
    tx_idx=289   0x867b192f2de6a75e0deb92c9b119f964b0c12bda39e06c0610515d8669e1bd24
    tx_idx=290   0xb885e8d4310e57329d380e96b14f3ddaa9c564d99ed7dbea1ee28e9463d7e942
    tx_idx=291   0xf7b63b825f303894516330704305e740e803c315ac08f4720e1aa4cf3e360e55
    tx_idx=292   0x31f5c18299aecba9d635b83675e7249872e591fca93884fd90887f75bda56df8
    tx_idx=293   0x0439ab390666e9fce56e7e0c893c03d5df76d3270a7b99307d4d814cc91949af
    tx_idx=294   0x575e60021b34b1a0921016730c5627dbdc4028ba71490618fa4d35c2f55d3da1
    tx_idx=295   0x9414e159abe629be8c2a548cc4e27434120afb399a6b4549fd8de6d165b283ed
    tx_idx=296   0xfec425f8ca5449bcee3bfd37bbc8c41785c5d714c6e3077cdccebaa3a7484ec5
    tx_idx=297   0x04b2ada4cd2ece635d38a6c3a2707c70761373d47609892645046e5a8f182814
    tx_idx=298   0xaff2be8d01ee2fb8e528fdb5a76aced301bd97dfe0049ee88be4f69418b27534
    tx_idx=299   0x7d2c807083938b419d0373336e5772d59fac9b589d1b44d15b6ac84df2a02e51
    tx_idx=300   0xe4e16c8850e7a8961fc828d322b587c3fbf090a43f7518108c31c486379972c6
    tx_idx=301   0x4765addbe6bb0fd9dbbc76bacb2b179b6c6489c60304633229584bc505d04eb3
    tx_idx=302   0x49b4d3fe8cd95c8330494d31c136f4b82f6a5039f30622ce41a471896bf0cb17
    tx_idx=303   0xb6b900794d153b0d7eb5f9aae9b30f745327cb8c4293bde47f59997749696a15
    tx_idx=304   0xfb3da2a5b43c7062d0ab972989596427da66993ca6c1126b490c5c5e1aab3762
    tx_idx=305   0xc876d47f8d84692213c92e53435796f7c37d26e7a02fadf05157b89e72acc6bb
    tx_idx=306   0x77654be82ad53f4829d6303847eeb5d01fbbd0121908f2d919d1d01f86881e32
    tx_idx=307   0xd94ecfe554f5bd1a762e7949dbb116a9f89e1d511347427dc6c39c36f7aa0c43
    tx_idx=308   0xff14661a6301260bf49668d90993bb22cb2b2097df866987dfd79535d7919d2e
    tx_idx=309   0xae8d2a450b723c1cd9d8f1c3c8139bfe2a75500fb3bb9e6d94b03a0484edbc8e
    tx_idx=310   0x404f075db04d81f47dc620757385cec934d62ff66308dc97bb2001cdd101fda3
    tx_idx=311   0x60ebcda706d2236c3926df19f99be29cb7d24246094e4c3c05549588f9a7b530
    tx_idx=312   0x419589de42bcd1274611a081081045a92ef2258f5fb7d89abbf54ccfbe35b756
    tx_idx=313   0x83bb1d88152eeecc42c317430f92b78ec5e30e46ee541cd6fa6094f5dec4fd39
    tx_idx=314   0xbfbb7164754519c3a235c3669d80c19d2b9adc9c8e35ef9c11bddada8b8894a7
    tx_idx=315   0x80ccf92253037a9eadf0b85a0df37b3ca8ba34458998cc4cae0d7390c281eb26
    tx_idx=316   0x2e1543a2f8af5f3ebbd5f522dcbe4e2d9531d8acbce67e241a239acaf4af5a00
    tx_idx=317   0x838a2a9ca72eae177d6b79e21ffe66f74deeec8a421afcf7ff173f170013d39b
    tx_idx=318   0xd5a04132874a87cb02708a5fb3617f2dfd0d6bbc0fa6b8afaf609c39b33b521c
    tx_idx=319   0x898c374441608afee65994868666ca0ec474a9085e590f691f3d2d26f0cad3ee
    tx_idx=320   0xe412814f27ff2eedfa4ee276522872bdb0df1fed1556cfbb57e55776ad144d14
    tx_idx=321   0x83dd53c6ac9907f25850a4359035e5ad0a5c6e3a435fc05d863499f1806c2f56
    tx_idx=322   0x54bd6167ac22f8d1c65201247475f3bac2fee5d48383774888b247b76ab7a288
    tx_idx=323   0xf2154a630a15150207cc0bb71af10e7fa526fc39676b2e15f87afada90813a65
    tx_idx=324   0x3311b538f7ee05327f4b002d3a6cb8da6a6290ea31a4f9005731076c2d8b7d9d
    tx_idx=325   0xee9a386e6c886abcd75f899a8d6a3a414cfc0b6a37501298c2dd51fa8fad0f4e
    tx_idx=326   0x789ceb1d93325f77d989471ae130f79c3c189a082fc4687b8a914097696e2ea6
    tx_idx=327   0xee29de281e2a2c14b45d3b9dd6331849d2091c7c65402512cd41bfb18b1f31c8
    tx_idx=328   0xf1c6826b85a6f1092cbd0c0b4aa66b2aadf13cbff70b26c3ecf0bfd98f8c2fd4
    tx_idx=329   0xa9f3937689068b8b471878896c6f38746c71fe7015f111cf0ff16ba48ec9bb2b
    tx_idx=330   0xc12f37095092359fb6cd5435ce89309dc556af2d83a33bb7ec2aff0b743e8e94
    tx_idx=331   0x9a5e97d9bcdb8860c9bdc57606ff3a5412be8894bc7cfffdae6400a5632853fd
    tx_idx=332   0x9f0a96f92bc2eaeab37692e1f087586a0db2a81dcd6c2e0853d81941d2645b0f
    tx_idx=333   0x2469feaff021159c18798cde95e2bf4d65fb739442d25eb8fe00511ac59ab6b0
    tx_idx=334   0x0b637f5db110f7c3e7ccacc15ff466333930191308a174cf885278e7e5edfd07
    tx_idx=335   0x85ae6caa131ba4f19f79db13679ff21476d2a7b9d2784008466063bbf03be1f0
    tx_idx=336   0xf110a228e438d37a5515a8dcd2638421c2a2a150733b80544230d804b34864ca
    tx_idx=337   0x9613eae6a506fac8c2a731309879f75075cc7c6c784b3294db5359c246c9d0bb
    tx_idx=338   0xdcbb1d306c6a0033ea3a5e02edca6d0dd7eba95c103f4ca2aefec2796ab5e631
    tx_idx=339   0x7abf171b30e86eeb77bdb871c14bacb0cfc53e76a1f9c774d1231a954bf6240f
    tx_idx=340   0x7ed08f2803fbe3ff444b48271e9607312af22d2dc71c95d942f53387f3d2282c
    tx_idx=341   0xee0430d2ecf4d3ade7cd9cb66e29c4090ca74f84e667680f9187cb20e3df6fd1
    tx_idx=342   0x84955567b616aab453c275832351e914b21bc90ffab97df968bdb7099c9c7644
    tx_idx=343   0x3656513744702a668dda372c533d906d491421cbb7576091103debc6ba075e50
    tx_idx=345   0xec3b4b33f396ad517a3aaabb07d666744018235514ecb89ef21b3847d18e86d2
    tx_idx=346   0x04d407ff64325676132757579f29d078aeab215b25cc8447ee3790aa0b1f82cd
    tx_idx=347   0xb27016cd2409e778e0cbfd46f08cba6c159cbd4328404760465df022e63b84b7
    tx_idx=348   0xa9b579688bf2fffa883c9289c719d45a2e648b5306f1d2ea0542abb09460c37f
    tx_idx=349   0x8bac41306eb15b2958867022f6ca9e4a732d6b2ba53a21cc2cefe0ae9a2a38f0
    tx_idx=350   0x0ae61eb98ec7e319f8d5c36a2ec185174b68267f08691233a6f041046f742a74
    tx_idx=351   0x7a2bc50ce0c0bf49ac36f6b953a18d0d9762e857aa162df51260c32170843d83
    tx_idx=352   0x63e3bd94ff43a3fc88eb245b4dc37ee59a422e52da01726c622dca90fe41ad18
    tx_idx=353   0x573a9b74fe50141c6ed533f3cf1f8c9094f386f8a118acb4cb2507d73e845c9e
    tx_idx=354   0xb2654d663c6a86250160e54d43844bcfeda1ac6af9c24bf5d114b6bdeae0ec3c
    tx_idx=355   0x39693436bf012decb646e2b3cef13619e639651c74c55c6564e9b236cb91a718
    tx_idx=356   0x14d86d066726baea2be88a1e69414285f52de0f06f3bd9bc8dd51c13c6708a36
    tx_idx=357   0x127cc96e22158f1aeda9ab872ea981d5b57a0f0455942a3b3f57792b4db15cbf
    tx_idx=358   0x0e71817e611a28b312068d5025f366236af763c3568a7f2184d962b2b026df2a
    tx_idx=359   0x3cc9f74d13195d41b6736f72222844f67282ce5d3ec8c78866365ce7bd98d0b9
    tx_idx=360   0x16c3faa5acdbb5880c3f4cab24733ea19ca595997f0f89436e503644ee3765ca
    tx_idx=361   0xae40834d0c58534d90bab2d30f51dc073b8ad5a9bb97a0e0dd692574446dfd47
    tx_idx=362   0xc2a65e02a7006f812fcfb0785fba1c53fa47b16390ddb278b38c409e51cb680d
    tx_idx=363   0x707d12a8853d8b81face9b0462176099c67a70bc27dabb954c0632b2909e937b
    tx_idx=364   0xe5c488a6874ab52ead9d5f299208cbe97ac8c45f1de512e7cc0767f042a776bf
    tx_idx=365   0xc47edfd0e5d7ffc5002ee1497015fb9ccc1c5df7a020041eeedc869fe6cebfed
    tx_idx=366   0x92e1d1ef32e14c1cf47ee9607963678d66063e685ab48a8909416641dde40480
    tx_idx=367   0x7463e64a1550842581d01c3a1de6342c91fd2f2a80d6c5e5ffcce704ecaa939b
    tx_idx=368   0x6ef52ec5fa5b9596bfa707493620f74aa34c0a04ddeb603897337efbb9df5831
    tx_idx=369   0xe539c826a83a724cba76028f898345a80ce4d1ee71a691359908976869d8da59
    tx_idx=370   0xd66a4d7a0f62717d9115662360f185e2dd03bb173006340400e3718b81bd79c9
    tx_idx=371   0xcdd5f9051b7608db8915202ba58c8134744f7c5094f73ece2648a3366650ce85
    tx_idx=372   0xb107ab8f5338a88426edc7b82d4835a2fb66381bcbf41abf91b7638d3e7dbb7c
    tx_idx=373   0xacfb3790d83f21db41e23cc6b672a4e5457b44da9c6ce15b5942a51c5ac77653
    tx_idx=374   0xa05e1bc7835d1224b8755dc194df73668171a643ccc7757d0b8ee6e5abdee651
    tx_idx=375   0x968f37970d2a7ed75e245994a6f9a2a83ae25793e2fc6a7b06911d975914c9f7
    tx_idx=376   0x93ee22b8e224d8d8186d1b114867c19037ba77a60ef99de78cf84b2fe18d733a
    tx_idx=377   0x8fed327beb3c079f977bdededaaf096dfebbd1b2b36721555bd7767a64fdcbe3
    tx_idx=378   0x6ccd8036b8dcc47ee7033e7f3e877581d5f0c37a0e8bba8585006e5adfc6869f
    tx_idx=379   0x53debe240bfe311bfb2f32f63655e3a4e21d011fce6c24c66dd716850cbf9a86
    tx_idx=380   0x4fffb665d003193ba279bd7032a7d21f39910550ead073c086e001a7868427a7
    tx_idx=381   0x3c9b37a3102b3baee97b1fe39dfa569e014c02feb1508d65c71880ce6da1f465
    tx_idx=382   0x3639f63f1a41f0e6f83489386609ba9bc4f20a8ec6aa83462259ea06c08241a4
    tx_idx=383   0x0d51fae74bd340a77f4f27c6724135b7a3df58ea24fecedfaa9bd98def2eb03e
    tx_idx=384   0x5d228399a52046f830ec6e41decd77f640414bc20caed82ff09db699c277ffb1
    tx_idx=385   0xdf5437003a0ee9bb5f09e1ee4e920d3eba0653558e2818fc11a48d1a9e867263
    tx_idx=386   0xbf9ac406de46d17d3bf101463bce5440d0997287e19274d22d41b053e81925f5
    tx_idx=387   0x07254e36072d0b5ec2c5f1fed061293523c0a290e37222b7a897b432b889803f
    tx_idx=388   0x8b7bd22cf1cd6436f6685db1c1f1585cce909d064fd677e41cee53e80ace205e
    tx_idx=389   0x1843d68d4bb7409e6cc1662f7d5e2da5f5458950dd62a3c73180d2e6f0d30711
    tx_idx=390   0xc23d1103b3b8b62c3742c159d0c440d3e0a51ff11518ad376aaf5229d5195843
    tx_idx=391   0x7dd6ff7d32adeacc8232c57eeb6dd8b33111b31ff25a85aaa103408e9dd8091c
    tx_idx=392   0x9ba934baeb1789f5360c8c6cb393ca1414d7bd747b7ea4b9c53a4942e70810ed
    tx_idx=393   0x4eae09da434895d75890908bc8c9e75ce4eb75394b5028c4c9f1e2e599f7abcc
    tx_idx=394   0xca1e11cc8af4a57b3239dc417e5a8c6f754e9205808147fc2aab6e6d4c5e77f4
    tx_idx=395   0x5ef16107a269a1b5546bb5fc56213df57b2fee759b81b9dd4a7ea6525e21bfe2
    tx_idx=396   0xdc45f28690c35ba095770336a3ba8decde872f24d57e16f0f46b537dbcc3bc5d
    tx_idx=397   0x3ff0cc9828e45ec8619285c01cd421c6e10a5c49476528d0f30105cdb17ee1ed
    tx_idx=398   0xa24ca1c98127c4250df4717749edec31c3799d96d0c0566a9d25af6fa49a65ef
    tx_idx=399   0x67ee5935b88d23e48d7b03bebefeaf5db824a2f4f874d2cb186be6d8f029a231
    tx_idx=400   0x0f45d418481672fbb5723e4449682aa446bbdcd620fe49a7b4bc3479bb96a2b7
    tx_idx=401   0x9c5c6b5d64f584ca9c1f8acaf8e5347d403457933e7e100d36a9df730d85b519
    tx_idx=402   0xff48f4fe786744a837085ee87258f9efbf2eb83ca8485d1164cc7c6f298fcb55
    tx_idx=403   0x02d794659071d078a82937ff15312ac2ef2f7f08823015c1d67bdde86fc544f0
    tx_idx=404   0x8602be492e45901ff8346696fea28bfc2ee952cf07e1b8e7f4ac499fde3f599a
    tx_idx=405   0xb098fa4e73887706daccf8e64e80c30998b672a1ea1b9e2df6355a159915aa9d
    tx_idx=406   0x2906b3cb39de5b5b4904cbdcd2a1bc6dc8b95ec8f06f35c81922d094c0c9e879
    tx_idx=407   0x10af2240a6c632328ab3dd9b9b01fd6bf877f432580cabc1d242986de9081114
    tx_idx=408   0xaf7fdac5de41abc84cbdea0b484442684b5ddd04f6bf6d1d4321fac13bf9f819
    tx_idx=409   0x5b4b697cd7555222366cac4deb4c7c2dab5ec3849be962a1ef18b97720e6274f
    tx_idx=410   0xe143b0bfb499a0ed180f0d08481f2b07d3312bd982ba1c4c5397ea3ce1f08d3a
    tx_idx=411   0xff16dbb1a628541bd65ab5ff9afc5c5dfce76bc3d224329305513c495a441394
    tx_idx=412   0x994eb79710a64ba994506d78a24a43de2792b11a7d41339d5099499f0236f106
    tx_idx=413   0x17c45da6bf3a5ed220e93eb445ccca6eb3d462bd3d363403e9d8435739cf9ea2
    tx_idx=414   0xa7e8d21a083a615b4a23b08e3eba2c2e15baaedfaea54d20288ccbcd5322d4d7
    tx_idx=415   0xf8d966c43005d0191aec81d8e3e002204e233fd7e1b325d4b90b61d9b43dbf57
    tx_idx=416   0x7a927c8171de07585149a7d1dd86d16e5fe2a6edddf09e4b8c9e7a66f6c045c2
    tx_idx=417   0xb0ac8489bf2bb7452e19937b60ba9d99b101fce707292d3762444ba4537c229b
    tx_idx=418   0x7a5a5a9fc56a3ceeff845b31a124fa31552c381fc221ccd2a18c1932c57d4967
    tx_idx=419   0x39f8bb3a57dad304a6e2c471dc484f7c289498f48306308f51485c22de622b95
    tx_idx=420   0x29a9e5744ad578c6867bdf5851a645f87f9195186e219cf4d62cb79c3e0afa2a
    tx_idx=421   0x131d465393654ec657fcecde1f9b176609cae2a084efdf5f0b49090e3e25f8a1
    tx_idx=422   0x19754227548320b757716f60b3b6a42f388f4b8d39aff83fb82eb93ca11d8e3c
    tx_idx=423   0x330c3bc9cfa418818623739a4d867371e7867c90d741f54b11a2419f80923233
    tx_idx=424   0x31299e5cd4b6016718fd62b5524988ac675715fe2e162a2ad7f613e0487c09ff
    tx_idx=425   0x1043eaecfc395c60906cfacd749818cfee73709a76b59df2362b1bf9dd5946fb
    tx_idx=426   0xc58e70f69472a9ae90703cb511801171e051121cb779379029106c7fbfbe9d16
    tx_idx=427   0xbedbb57d001059544561a8dc2c7f2495c27cbde6120e0ab73218fc9fad11ae24
    tx_idx=428   0xcae694278e207575b8f4a077359dd79bf23c120fc8fca44080313a52b77e3bdb
    tx_idx=429   0x46da3d730bfeca2771acf2d70c977492391ea1f620095952314a08106fd7ac24
    tx_idx=430   0x0de5984d50b18b05345593472f12cbe492b7d54e7d84a7eb2633ca2c292e8ae1
    tx_idx=431   0x141739eb62e2ae190430211c2462add789d3e189007c46141c082fcc3f6e683e
    tx_idx=432   0xfa138ce904c797e53d5f9bd83e5331e525c54b3e33b418855de649ec5bc4c50f
    tx_idx=433   0x84971e596e2386e7376242828bdb92824bcbfb8f9ee087ee635e3b09e8808982
    tx_idx=434   0x56d00b777864ee327c673a99f5524b589ded03e6ac42181be35ce2ab9d552e45
    tx_idx=435   0x8bfc02fe16777b439e12ea0dfa04126b81978c47a60c94ed67d6a89a0b87c5cc
    tx_idx=436   0x5e0f61d097d2cc962c92655cd8330c274e1a47db34ec8999a83e445b9099777a
    tx_idx=437   0xdd5df06a6dd9c1eda3baeae8df9c028ce3eb97dd16dc70a8d2713337649eddef
    tx_idx=438   0x9cc362202371b0753249491e40633c95165a5a80ad1a5ff6f65766950151e720
    tx_idx=439   0x6b1aa58532fa7d1215cc38d4e73c775719ff6130d4cf69d2124a461e7c49ac81
    tx_idx=440   0xb4a74837cd227f2e9ae0a977375f8af23d6f2a498bfe3e8ea6bb23eedbbe492b
    tx_idx=441   0xfe9f74f13cd2308d1fe55d39b5f66d2fcbf6723388f7a17a2e0cc3a4a0fe8121
    tx_idx=442   0x78934cc67a239f37678bba90b41bc1f51dbd7c7d57c34610123937d3cffba6c4
    tx_idx=443   0xbab124a63af8d0fd51de2e69424ddeffe3be0b085a407a122480f16468986c82
    tx_idx=444   0x32f1e2f88d13ce0b11f9c21892ff87b8f5ffe818a7694ad8e526c8bd9535dcc4
    tx_idx=445   0x766a657f90cc2139582d85a7fe2c93fb766036c84d8e1d3612bec47f4ede8abe
    tx_idx=446   0x5822cb1274002c008f84dd850c56cb008187916a5e74a504bab26f089f6f9e92
    tx_idx=447   0xffeeb48925fcc8c1b0dcfd063aadc31938a5edd5774ad8859419bcc6d7817348
    tx_idx=448   0x8c473a4dd14b5c2afb28cc7b680eb0149fc9d14d318bc121edb388338bb91c4a
    tx_idx=449   0x36a536beb904ee952903aeb5e32e151e47a16c490e286a2d7cd9ca8eed641edd
    tx_idx=450   0xc380dff425f3b96a729707faaeffe127f5169df2d95f9ece1b4dd602992dd096
BLOCK 25576046  status=OK  canonical=195  stored=195  bc_tx_count=195  canonical_hash=0xd665d9ddfb53b86f5e3c759b4488a24787cbd965b9cdd2abe248c643a52d70a0
BLOCK 25577515  status=OK  canonical=638  stored=638  bc_tx_count=638  canonical_hash=0x491b9c35fd6b7be96e2c04f871c5d7d0ad44b1d59e99b440c5be9ce8feb0d574
BLOCK 25577578  status=ORPHANED_SUPERSET  canonical=229  stored=512  bc_tx_count=229  orphan_only=283  lost=0
  canonical_hash=0x184cc029ab0d3d6f26e9c7c448288f22386bf11efec9610a306bfa8816bc56b3
  ORPHAN_ONLY_HASHES (283):
    tx_idx=229   0x8c042c9fadfa3dc8311c292e799fd824c44764bc94d48656a119a65d450c38d3
    tx_idx=230   0xcc96504afbcd9f5104259fced43f47bca3498806d7cbc04b050eca5447a6d7da
    tx_idx=231   0x15d03ba5177aa74403827dcb1bc6af3ff44d8e0a0f9fc5daef7858acde92de3c
    tx_idx=232   0x5c2df26f44c0f71e552f3cea7ce5b57732a3f650332e86b8682bbe019cb0c1fe
    tx_idx=233   0x70296e33571809fbcd5811837e849e44c845b19d090b8eae6f4194fe3161c192
    tx_idx=234   0x856746fb578d4aedf8cd9a358d64c1fd6c677a2165b26004edf4ae9ef5b71b77
    tx_idx=235   0xce7d8dd5e9a313e748d4dfe65e02ce2aaff9a9196c772d3ed10556b06b76bf47
    tx_idx=236   0x0c2386f0776dba19538116b778535653a352159843dff768bcf4cd3be5234426
    tx_idx=237   0xb61a6c43106f9d6a769890e7b551f01ba2c5a11fb7b1da70e71517c0d8ab4ad7
    tx_idx=238   0x1bb4daa3e16d3c902e93f93971fba3b1b8fa3afaf961346dda7080e75d42546e
    tx_idx=239   0x0c2ba16c5e9a2142a0017e1aed045e8e6641d35914ccc2bceff18946f6bfcfa1
    tx_idx=240   0x99ac792e42c018f65572583b826f3bf85b61d473edf0e7ad34e116963241c65a
    tx_idx=241   0xbb1683b690ab9bc8b7c9fe3dc290c23045a233b345c4da1859ea84335d3a7541
    tx_idx=242   0x8674390ff03b49c2922191fcbf7b8e570c0ad6469c42144d7a30b3a6e3c31fe9
    tx_idx=243   0x498406cf00e8d4a5ba9381cbbd710384fb50ab801416aa204021178fe6fd885d
    tx_idx=244   0x7031d5b3b87c5ad2100c78812699e6e8ce1c4c4a1f0e13727cba620b5463ad27
    tx_idx=245   0x294912eac2fcaafeeac0b1462d358d72dc02021517a3469029697e914ae4c5b1
    tx_idx=246   0x03c12ac061394d03240e58a2d21794026cfca32eda03de41590d479ac8b93db4
    tx_idx=247   0x01db0603153bc718af7c85a7d9f6c973db5c2a3199f7d7ad75c44209740d83c9
    tx_idx=248   0x6f8b88002658de14413170d3221e2a87e7d04ad23d1cef82e96793ece9786b68
    tx_idx=249   0x92e0545abd6c8d2fa15bcdba4bf71b1a98ce792906a3066dea5d7fca5f266a0a
    tx_idx=250   0x3d35ce4b5565a6d6c13d4de37bc5f3267e682151d5a5bb5c0bbb35f8d0468615
    tx_idx=251   0x9a4b760b41f9aa5b5a4dbb263848df8830da0ddf19de134623934d90f24e6fbb
    tx_idx=252   0xa2ccd0bbca47b579216853a9017dbf1310d809379ccc1a4a7b4a90d26d744a3d
    tx_idx=253   0xe399455635a9ef98ddcbed18c5f704afd7cdba837e7734d13a7189662f7081bc
    tx_idx=254   0x29c445eb47c057b0f07faa2517728d0c17c42c31fb3e42a04b4dc8c96cdbfde0
    tx_idx=255   0xbc71e70b2f43c5504abccb68936135df6174be3710ca848a60b074329f9d42a2
    tx_idx=256   0xfa0163c6b3f4c0c1a6ec9d83089ca99a88bd49f6e112cf8de440a8f9f85c901a
    tx_idx=257   0x08c35e0c6ddf928cecdffd862549354f4a4ee7582d9494cb1728b17a41d5f957
    tx_idx=258   0x677064dea276d101d772ea727c175c75a5183765f3f6f4fccafd13b5106a1379
    tx_idx=259   0x55b8d1c5c5eb8aaa6327030c175be0be9ff13dbad062ec48a5f082679f53b465
    tx_idx=260   0x7edec98c33fc06b2a5f4a8a8624f7883d2105f6e2ec08ef4e0efd18aa32e3cc2
    tx_idx=261   0x65e18043b09f4a08df5a87d807fe42e4ae8e721eaac3d083f09e0ed15e1c7a1f
    tx_idx=262   0xc3248b0ef871762acbc20bf7d909269656e3c29e7bde2dfa77ca463f35788658
    tx_idx=263   0xf6931f2e2de7fc954c9a5afd39b0d6af19e02329bd02d0c0d48a5419e339cf0f
    tx_idx=264   0xe93baede4fdbf3df521e989f8f3b0caa7202c4137419b7d92a03e71a59ace216
    tx_idx=265   0x1fcb3e90821d4d917ab6ce019cf6df7aa3f277318529d3178f718b4d80c49494
    tx_idx=266   0x2640abeb9940091911fe36f1023bd52940a400fcfb71b4557afa49312f527bc9
    tx_idx=267   0x53dc797396474d0200ed4403dabb0fee511dcf44fe8cceb46cd80e11eecf45d7
    tx_idx=268   0x7feef8f7a1ccef47533fb9cb791c4836f8ab3c8b7d68ac3dd7e3266c33bd2082
    tx_idx=269   0xb457e99fcae178e1716addd731cf8e3971969b8c9f763eef61527830f80fc3a8
    tx_idx=270   0x85469b7f8b3f8bad6ee5ed5f963c2dc3518814d23daf2d9fa27b562e3a8c7afe
    tx_idx=271   0x35f246d7643ef292e683fc9aa2431df3ebb68644107465018d900163c41400e9
    tx_idx=272   0x705cc8af87cf01729b914341e1a36e445010ba1bf65e76224060e77df4c37aac
    tx_idx=273   0xa01ee92a9e6c9127703b31661b19ba92e257ffe485f60d9e8e4d4351235c1d8d
    tx_idx=274   0xdc29c452f2fd678c2439b15662a49e0fd818586ad85d4f6f43fc21d6f038d6a0
    tx_idx=275   0xb3bf5c81174f7550a722ee42d3c75a2aecba99906deaac743a46ccbc91ae4a9d
    tx_idx=276   0x54ef3d6fa742461fc4f59040cb7834ec7bb66e76492ce711bd038088f642e8a9
    tx_idx=277   0x6dc625a9b0be72da289d37dfe9bd9867c178a60cacabcfc357d872eebfae658a
    tx_idx=278   0x0638050240a712aa1f88332bd9c016b82033d9019e52056568506a30459603d1
    tx_idx=279   0xe4d80178159c41a089605b4aec7c0328ba20289dfac2f0f19fff5667cbabecff
    tx_idx=280   0x0a55ec1e4c4cba932db7551963fe5d263d3b192604e26099a4848ab8319a6f6d
    tx_idx=281   0x7eb954259cc70ec219ef14e1746aa0cceaef8fcf142b8b3739e9ed91be86cd5f
    tx_idx=282   0xdeab7709b572b4d3cd3564a12a1c1193a264716be2fa0cb5ad53d42824169d58
    tx_idx=283   0x25cd8fb7909569e595095a1ae18892664b8fb286a590266ab9e6371e02a48d4d
    tx_idx=284   0xd7d77d15e7d3fef941c3818353887e2af5b3f2ee2a438bee5ed6624d521e5bf1
    tx_idx=285   0x71eb1b35c85808a4ef302399aef4f9dc4894dafb802407a154cb837f8b4ce2ca
    tx_idx=286   0xe2fe3d1e86dcb4f35decc3d374906ed58788e198af4c8bd8327daadd53553558
    tx_idx=287   0x8e0e6417eb94058d439bebd1534f2c5d9ede1ea2d9a44daf122963454a984098
    tx_idx=288   0x917e851cf142588f7ff1ef728b246a29cec84c15765607d1c56906ab5b9e86d9
    tx_idx=289   0xc13928e9f33cc6ab5b5bc85db6166ee5c41b4a11feb9a06c75f12d7050da29bd
    tx_idx=290   0x559b11c71a3ce6f680f14dff32bb0e8afc2d2ba390c598f9b7a33c988a94f4e2
    tx_idx=291   0x9bc1207bc6e2763f9426c4d0dbf4d42df1af784ec021c0b95b914582b419a6e0
    tx_idx=292   0x98dea0cb63ec40fbfecbc9de879264ee01796853e4f9ee0615bbf0a4e2cbf85a
    tx_idx=293   0x737364e28f76b5bf37106d89e231462ea9c9e33d024a6887a80c7bc6d4e16067
    tx_idx=294   0xddf5567a0c23f51ae4bd1235672df024ec51a33a3ad9a4b2efce5c0c6ee09d6d
    tx_idx=295   0x92278160265d2a2792f0c041d6d02b3a0cf2bd59a49a12bdb36a9343406c232f
    tx_idx=296   0xbf43d740756947354644c295b11c63b272503d31a78361357c5d0f74e6fefd91
    tx_idx=297   0x6f1842870d39993016cb6dc57768ad8218fd8c0d48dc4d64e61b7782e4b37019
    tx_idx=298   0xe7bcfe6461fe46f7738ca86bb9872f92b7cd482618c54d4799ea130690a20d02
    tx_idx=299   0x549ea49102876b96c527601ca5368ba4a5d8e79fe4c6cc4df55d8e2b8cb64c91
    tx_idx=300   0x23b376c9f9d8f934373b24c2c9c887ca1a1fe9f9e0bddf4b034e9d6015ae11e3
    tx_idx=301   0xe49c39d5185a15766b4b2f30a1872e4759681a7cec8bc1e3cdbac3c9cb5ca409
    tx_idx=302   0xf274d3d6d70084423e5defe60541504548696ab38d4a973abcbfdc2567933663
    tx_idx=303   0x130f4f66464baf9edb1fdf173002c322fcea3c23682d0d79422958668dac6126
    tx_idx=304   0x60f0b768db1edad9f37acebd599cc4e105361b71ac031f7a7258b987edd7a5cb
    tx_idx=305   0x87916c9789df88541876f8b7d51ede9caf71e41d1a81148a31c24a8721295d62
    tx_idx=306   0x6699ceb9d18f8a058509ca6e93a5034d04ee7d05d3858f1499bfbd144a9f2240
    tx_idx=307   0x691ee00d4f548134c242c52ef6c0f3b88ab082a9e1893b559b868818025eb577
    tx_idx=308   0x342f8d4a84899b19bdbeba7aa86ae185faf8f7e5fb926fc766341b5b7dafbc46
    tx_idx=309   0xc768dc6c7a6117017f73db6376ba3e9f94d6324f2aa1f0399ba38139c88484e5
    tx_idx=310   0x02b66ca3cd9e4b90794113c376ba6fa67f917baf5f24cae46695f43eadeb2ff7
    tx_idx=311   0x84dc46a18e52a6de947c37ccc5b712fa4438a0bd368b6ef7f9de30f3781cb2f5
    tx_idx=312   0x7cd382401cb286b09a2942786abba8b2896b3a21f99a4ab8b23050326c06f577
    tx_idx=313   0x1e3cd43243fd1e97d9267ddce3325849f962d27eae168149ff0935a617e80e64
    tx_idx=314   0x3e0262f857c3d38486158b821a1f495863f33ff03d18196d5725ad9e55e675ef
    tx_idx=315   0x387ea9ea894fa384daccdcd91bb0cf9968dcb4959e8034607a688dcff62fd432
    tx_idx=316   0x34dfecd92cb8ef36e035e1c43f718c43e5f1795cf9f2f61d095c32630538a7b8
    tx_idx=317   0xdc18e4d2f397bcb143c3332717ab6c392e6277ba2739b92a00563af7c0f13c1d
    tx_idx=318   0xf1845e757490cfbb9705c6c955c5e4a60ec8e1518661ec9b175b0cbf91cb089b
    tx_idx=319   0x937c2336084237e5a78a1dbd5dc50db71f9fa838ceb45246c9b3433b9cdf2b80
    tx_idx=320   0x0ad1da70b8182e7845ead574b8775c9e452ac2aeaacccfa2ca0e602cfabd1bfe
    tx_idx=321   0xae636c3dd7ec057b0d12ca8f28888c05ada50d4568bf9ed6071ab512909ae952
    tx_idx=322   0xabec6c5c79f1d5ccfdeb84b55111cac92d13fd44d3cfbb66e59be2264ac59f74
    tx_idx=323   0xa1d2b31f78bbed0494df9d3d74899f96607b1e87c968d0acb5a8b73263885e58
    tx_idx=324   0xc5b0478251fc406f57e8b765d793ba319686752978d0da315423b50fdae77a08
    tx_idx=325   0x4c7a8449c9f36422d6e74f3ab0e6aec03a64c9b046edd3ed5ddb1345ed3b1444
    tx_idx=326   0xcbdc80bc15ef6b35f38b9b6f3c49dd32989ef7ddc695ae544eb431c108988603
    tx_idx=327   0x5004397e8f908415679321b7f7ae0ada83d4ff988802523b1fd92c3d32bb1a94
    tx_idx=328   0xf7c63da11e4be5172df40fd60de22f2295cd7fbb21dc60f88fa4609c91ed5531
    tx_idx=329   0x9587490e1e1e99d2d4795ccb2b3a85caca78cecdf8ed7f5006550c37a7321d43
    tx_idx=330   0x009b0b1101c701185c80dd32a06d6209854dcaa61571e814a9c4b4639ed3f3af
    tx_idx=331   0xaf229ef7dc6cf2606848802525c979074e085792020e48f2de9f12c3f32ca681
    tx_idx=332   0x5225af59107d82309c7a6f8f76aede8b1c4cf48078df8883d4b23a66d39ec801
    tx_idx=333   0x20debd8cff083418128cce38976b870e8a61353d288f16985fcaa0812c3fd434
    tx_idx=334   0x5d3b01c2341ec5cc7598178b2c2a11682198b7103fcb82a4016d553060ad60ee
    tx_idx=335   0x6e521e5b25fc81d81317e3bb36f6939629c34e023766af5503e16020c8eeb9a8
    tx_idx=336   0x8bfd1ad6e70290baa4e6f34fecd470ab0c82b792fab6cb5534be54027162521a
    tx_idx=337   0x432c67f4cee006041bd192ea9a01ced7a3e17c8fc6b8e541c8b4ed024df01774
    tx_idx=338   0x804081be5c853e2a421b188c27e6e1789eaf2d41e655f946c5561e9e83ec1264
    tx_idx=339   0xfdf6ef8b3522d6324d7baa36c44fad45764f81481a637acb1970b5c679ade17f
    tx_idx=340   0x02442689e92fcc8579efd88a87f985ec15f3c1137417e0d9acb179c3092108a7
    tx_idx=341   0x331b9c5452e5b85a1130bf4eb0e8a1e7cfa96b8336205f5bc692590ce948ead1
    tx_idx=342   0x3445242c6010de2d16cea72fc42faed65fe4a983328199e889190c2389544834
    tx_idx=343   0x2f4b9f5cb90bd53d1f0ddd0b184dcdb98a5d059032c7769c1089b45de462c3b4
    tx_idx=344   0x516edc0982a753e63c1de35ca988ffc5c680fc704b51f79e7b28f7daf9a52941
    tx_idx=345   0xf51a8fb850b53ae9e44af849d80f4fcd99f3eb6a233cc8975c0dfc8714427e9f
    tx_idx=346   0x8bc4479d8215857ba9da2eab8178a02b4fec4cfadb0cc3bf168a0e950ea5a473
    tx_idx=347   0x6544630fb3a5fd41b573bffc6768535426788a667bd950654b7ffbecbca2aad5
    tx_idx=348   0x4897f792b67ca215b41aa3d583f3b6b93585acd961cabf5002b18d1e108152cd
    tx_idx=349   0xe39a882038dfbe0b7481e68cd21ebf88ba414c0cabc1c49e6a2879c7a914619a
    tx_idx=350   0x794a7e0d31bc2eb9d0d16b45746c7fafc477f6ff329f4f750702d2e6f2dc83ab
    tx_idx=351   0x32617b0a6482ced1bedc28023bae20ce5089928bf11c43a64123238de3929eeb
    tx_idx=352   0x39909b2e4b4332e364425fa6dfdaaff22a044562fbc07596cfba503b1ea78c9a
    tx_idx=353   0x6990e3ebea8f0efc6ad4e7661e2d3b58f3e3d7e40784691431b593c698bf25d9
    tx_idx=354   0x0864fdb0b1aa517149329cf8c18dbc859c140f6472ee4ea4f3305608d9494efa
    tx_idx=355   0xf43bf0cb84895c2cad00ed3c4016b6d3211f26d8911928f4e8d3d078d873b61e
    tx_idx=356   0xb9ecd5478439d7fe1f60aaf2a7106b58f74d2a366bed4c00cd9ed37cfabc5468
    tx_idx=357   0x14535f5e21af4bc82b8cf073915023cc23fc8843452d91caabd4d298c7ed77a6
    tx_idx=358   0x58c7e951962a99c1d9ceb34e6b6c8b90345306c5bacd3e8e96c826f6b7877482
    tx_idx=359   0x82bc3f805c68c26048609342d5e854b2e2534f0d25a0d76bde9d011effa8d0f8
    tx_idx=360   0xd89ae3bb279733e121d9771a24aa80df043c23d750ac1eb1f181b98b57331b59
    tx_idx=361   0xdc65fa67b4e6bc8126efc54dd8920f737cfbc5b183579f1e73ca35dcf312fbf9
    tx_idx=362   0x7fd8c7b8b7f291535dd5d983fb9602f0f606c5ad0e35c351e984e82084461ae4
    tx_idx=363   0x482d803550e457dd488fc5ed55f38e776814a7ec68f05e332e913ea4649762f3
    tx_idx=364   0x70285e8a9a2e4893626e2067fce28eada3827fdc3ce1855bfc72774e4bff051c
    tx_idx=365   0x089736d7a476ad101b8c684d5a63acdfeb7a36a1256e9655d4b64113161f743e
    tx_idx=366   0x73964dd362e304d52343001f03f81e634f939649796c3104e097742445420b0e
    tx_idx=367   0x34daedb1af2a1372cedc00033bacd9cbf6a581d1b471944852b3585927a83c83
    tx_idx=368   0x8107d85d8c4c8e0974121c964cb228261cc59805dcf06e947b271cb9056b2439
    tx_idx=369   0xd07b0ec4f5f59765ba784c71297bf20b5ad5482f996f7290dc6fc4669c1f6a60
    tx_idx=370   0xf91e8e802287d9b49c8a72f2c6645ac3d26411de212ca42af0365f338eb8af6b
    tx_idx=371   0xab1ffd1447ec38ed8e19d263f2f64ebefcedf9b06c00d892fb6bb4bec3975f25
    tx_idx=372   0x8037eb36ade04a4c7cbb53e4d44fd4ce0f126d06b504ed9e39599e21f1e90375
    tx_idx=373   0x27733aa867507a3d4f6607ed31a9d78fffc8b9f10801b954497ba4bbd0adb3b2
    tx_idx=374   0x046cdc4be677fac4150e451687bb37ad0b1ab0949ad434e5e3e225df7fe3fb23
    tx_idx=375   0xabc102782776e1dd01fd36e417c63c187a6662fe4bf404e8d5108edfb5f8f4fc
    tx_idx=376   0x29a3f09b4eed7ea876d255cc3df8cf33852ec6c78b8fa1d5a1436ffd12055647
    tx_idx=377   0xfe5866b9f8d59da54b0d57f654cd9d0792f1bb77fe185b74f7d54a916b3c7b80
    tx_idx=378   0x8d1b47ae99af58d0c7ba7a7cb6ede46c90e8b3b09f83f792739fb94bdc50e6aa
    tx_idx=379   0x3f7f2cb61b33cd77f00443d92521fb58d05f10b0a13e8f8b5687badd41fb450b
    tx_idx=380   0x199247bb99f2222a20515e072aaacca355c205ee6047bbe89d31a219f0925155
    tx_idx=381   0x4e73ac3fa8b8a55210ff6f378c947be554073668cbba556eb3cd10bcd59fe7a3
    tx_idx=382   0x2779a0d208c2deeaf26bd63ce9aa146faee4e3c72d0431d5b89ab71fcde3fdd4
    tx_idx=383   0x3ed31b6df7a5590d85b01098fd4344b3573d46ec23d41e1a790c3ee0b85775a5
    tx_idx=384   0x835b4f615cb6c800daa8d6e6898bd169146e88a92b920d05530ebac281e249b9
    tx_idx=385   0xda13891b9891dbfc393cac4f9fa98e16e1b16417a35b8c9e995d6f201717930e
    tx_idx=386   0xe1df4785618e7d9a52e3501db9f48692ea5ba2640cdb735b29a1c04621481c5a
    tx_idx=387   0xd70ebd347fd6ae30b2da8a587c5fafdc3b914df250bc5d00419af8fcc9fac307
    tx_idx=388   0xa6e918391c0a2e09abed1b0a3b677f92d64221501bd9be195c405551b41c70ab
    tx_idx=389   0xbdf649a6de0cf9490a55fda192acde87f2078368e7e64c592c7f0d14a10dd595
    tx_idx=390   0x73e86b2b3d59172a68d4d36929d89d6fa54010c7c3734352d1a0bb03de9ce03e
    tx_idx=391   0x11c581b6eb30775f80302f71c44fef9ae2558105c108dff1aca586030bfd50c3
    tx_idx=392   0x5f61af21302723e8abce4b900376906410f3022463d354ca49eba3f36a12e871
    tx_idx=393   0xbfcf495750b60df362950e4bd526623116fb219397227054f10436a5c9ded6af
    tx_idx=394   0xd6780af076826e8cd230a5979a8c4d1a3269e4f324c0ec54aa2292dbabafb996
    tx_idx=395   0xda1adb0970cd9462fa576629e5a68bb6b32feb2b1053b24497b4c55724029212
    tx_idx=396   0x03cfdd75eca42699af1f92e481052faa6e9e8298421958ed6aa158daf6884892
    tx_idx=397   0x983f5a203798de3e75740a101b52aab9ff6f044d394049a757bfbaff7bc9006b
    tx_idx=398   0xe4c9d41c8773ba24dc6b7180ce09293ef177a1f26de95fc9b23a5b1f3b491eae
    tx_idx=399   0x682114b232c3490c3d9fd166eb468eb5c16955ec314f856e6f0aeaced2dab35a
    tx_idx=400   0x8c14c9f37c76868b47d8d1b2d31afcab918c1d7deb6225d28569b1a174928454
    tx_idx=401   0xdcf723ffb4654266f998a65925fd1480b86bdd26c051e31d4c3b205321bb5e33
    tx_idx=402   0xcbc05f621f7678318780e924cec6822ee734ad3b39fd4bf2467580147480a219
    tx_idx=403   0x0c688d26af972c7b9d25745c9021574fad446f5a76041cb12bb1800de5f556e4
    tx_idx=404   0x492c725991bd1eab5d0d66507b5c496a9238d2d1955bb2bd9993d11de25ff43e
    tx_idx=405   0x12c1e6cb86597e84d0f5a7502a1be4571b0f15c7570903a3aaaf8fed7596f9e6
    tx_idx=406   0x0ea00bbddcd337dd17e785364221fce1d42658f7b69f66e4704bc47796c3310e
    tx_idx=407   0xd9fabfea135c9be19bf754d23a25fa6278a88092ff364a1eeb8c31c2a199d39e
    tx_idx=408   0x6ee579aab3ff5f54ffd7a4441b2b81dc5cf41184c5ad96275b431309c3bdb3a1
    tx_idx=409   0xd9914104627bde5a20fbf01c4202bfc53fed71d95788393a2b571bcff2e47f56
    tx_idx=410   0xd0ec8bd46f2d68e221c8dad8af10d2a629595448a5b996b6980cc988a8698d17
    tx_idx=411   0x08ac6b38485d128da83585af888b9aeddbdfdbdba6d84831ff768bbb5478aa51
    tx_idx=412   0x1227a34d3e1eca626ec0fc826ba5fd015642530b1de810448636613f125b1a0a
    tx_idx=413   0x9b61b0462a8c7225939ebb9891b55601fe06ca5fafd27efcce528dc3ba112f36
    tx_idx=414   0x26fb2387af9fa7f5e8d8af290845b12f63e7f8244428d806d12db8526f66093e
    tx_idx=415   0x72776d0f3e33c346865b90a21f091308a509447369666c89577185de9ed106a2
    tx_idx=416   0x75f565636f24e81fc4d6e5c0e75016ab033a5723269fd90ac7152531d56da94e
    tx_idx=417   0xf06d7e69e9d019bf9176f03cf830fc57fea765afac740463ac4c011b9321e6c3
    tx_idx=418   0xa4b118024dc286b2d092e4e809cf9728c3b5827e54947eda9d9d339282d5d30c
    tx_idx=419   0xdf5c3da9f361d3a4817193524dbcd6e02d91cf7398b9006a800559449823d741
    tx_idx=420   0x38928c683a01fd0a02eb175fbd7d619ae4d477a7626d0c948764308650096201
    tx_idx=421   0xdb8a97c4903ad377378bdd9d3895f33c8952a656db9a2bc803b2ae63a0608dd9
    tx_idx=422   0xff054d7ccae771802878c76ad3371e369bd73ef008ab23f78d920329c957e44c
    tx_idx=423   0x020749876152a5cf3ab4ddf4d508460fbdd1b30e07d3e45543909453ec940b21
    tx_idx=424   0xdcdf5e11c81aeec6da46eeffaa1ff1292703bfbf80d42b4d1e3cc8c5c4149915
    tx_idx=425   0x5e879013f079f7227d74d2504749f7f599a838df94fa0592430e0298dae51132
    tx_idx=426   0x3c844e18d7f3e1ae9f77450137ea621437b14191f327ae7475665d1892deca5a
    tx_idx=427   0xb154c890a703f1b3bbfc41434a8c353d9ea1ea47897462f6408aa59d93f0933f
    tx_idx=428   0x06832e95d30e7991142ae08b8d616290b0d44292cea867f090c227abf6850a88
    tx_idx=429   0xa633b4a4b903a78ac57169de0fdb2c5a986f36f5e64d058f2e6c34ff1c574172
    tx_idx=430   0x622dd9d7b2001075ac05e2a6f80d25b3f7e844052b57c64cc65e792ee518131d
    tx_idx=431   0xe39ff0ce6587494eca6572fd8f012a7df88c1ec0fdf247abe9bda6980dac8929
    tx_idx=432   0x13d3af3871be8e229b88e15a164bb7a5662cd59c8f580ea4ced3c33d9c1d5f46
    tx_idx=433   0x0b3cf4d5bfac89201d06376d56202e4a0d687139199331f416914fe1ca8662c9
    tx_idx=434   0x89895c062593409e30f7f358357453a2946f2989722cbee3c81804b1329345a4
    tx_idx=435   0x9da9a0c0c4255f6042dddef651ec74281d5dede29ede5d9727acf555af73a2a9
    tx_idx=436   0x0dfbd3fc25fd0030eac2e4194e91b46fe8149ed402370fe621e954b0ae3c77b4
    tx_idx=437   0x254b60d30b55f5beb1774ea8862da12d2f17e48a3d96bf8b2d5581218f085e94
    tx_idx=438   0x04c633471cd89047a219b34b61f34c955a3e914675af268221538420d81233bb
    tx_idx=439   0x31fb8c66ff16da766ff8d37db1a51d7e910a0f8f5ffec50f55ec37a357ec5744
    tx_idx=440   0xa5b2134b0947673b11e00a5c81f09aa2764e00bac5cb1bcf9cf3095d96a38aed
    tx_idx=441   0x314d5f1c75185513a90fb762f3b0c65c3f232d693b46736a682b7d7759b419f4
    tx_idx=442   0x76b09fe2c325b62b69ae6c649112a2a8d5238feb4a90584ce86bf94759ad6cc8
    tx_idx=443   0x3f2e7445ea643b41d80aaaf72a638f1536ab0065c917570852e6dbf6c2cd4c7f
    tx_idx=444   0x806c2dab6c343da7d0df448dd50394790516d5e2679ca24d3aafd74b2d32e685
    tx_idx=445   0xcfa0d3defa626866bc05ab8d50833df1d9cf046ac1f0125ba88cd14e4079869a
    tx_idx=446   0x711768bfe61dce94471238ee270536336fb6a0eebbea6bb7347cdceac1105f54
    tx_idx=447   0x0a0849bd953082f18b817bbbc99d3fcb7794d88deda98b09aa4b7ba79a380f0b
    tx_idx=448   0x23ac604fb03c1c1498f88dfd2bf92af43b0d63a7b8596b6e6be0cf76a7fa8d71
    tx_idx=449   0x48cb373d433b6384e0d3ffa15e8e32cf3df0e69585318d56d26659694b20797d
    tx_idx=450   0xcac79cfadc56621500a2798489a33e896db27d3fc674bbd488d1f6b6d45be33b
    tx_idx=451   0xeb3b8357c92ec859b7a8f630207f9697b83b9fe0851a0dda605a2db078f801c6
    tx_idx=452   0xa6128896913999e831ac382bd20e9ec35dffc4766956eb97614cd1b07d330c5b
    tx_idx=453   0x5961d7e5107639562318b0ef7060e851e626a7d04f9ef2588bf07a7a9b22d017
    tx_idx=454   0x7b7ceb9be98fa49bdf944b18a15fa22d8de770563a3383e71e6dd05252b343dd
    tx_idx=455   0x97f93a311422f5ab1e10f938dcb3239d473c96d462622ebd6586cd1393d49c99
    tx_idx=456   0x136cf64d045edc2a3df86386591da85320e7dc6c27a10fa6e44378b9ab51c001
    tx_idx=457   0x666693998535017a521915bf6e50aaa2e8116569f3b6ab85b2380bd8246ba762
    tx_idx=458   0x401d46ecdc8065d52e1294944cfbb31e28a84a7d1ce2ce99dc93ad86e0ece1f7
    tx_idx=459   0x6c13f373b8eb244418b091a92dd4d956cbd70f88abe4916e24013f57deb7792c
    tx_idx=460   0xd4a8fbe61f190e7c61e97efbfe3e46ce62fac89ee6acde06b49ec087f7132876
    tx_idx=461   0x80c0903a2a132064dfceda3ee37522688779bf56a4f1156769df3d21ae8a24a6
    tx_idx=462   0x6492df70b197e1cc688424150f643167152b3e8d6e41f353fefde0232bd8bf16
    tx_idx=463   0x52d134bc000d18b22d65e698adfa07effdc3cc650b86e2841923fef4e1446b4c
    tx_idx=464   0xc966ededd694b7cd6f76a76d9b804977948bd33aafca252737bfd61d186657d0
    tx_idx=465   0xb7bfd1ad8eb334d316ee03ba3d7d325f5a7d53c40889402d1f4975ddf45da4ae
    tx_idx=466   0x7c716f7a111e29256f07139d6a69fdf511b7588a4d614296b054cdff84997cdb
    tx_idx=468   0xfe33fba773c399f5740647b80c562d5da4805a719621edabb2f73bfc8c1fdb40
    tx_idx=469   0xd7994464b81b1e6b3a26487fcc6dbcf10b910baf0ba41fd73790bc29c997c169
    tx_idx=470   0x0d2a391d2071679c5fcd296a2d06929b3365a913c08c993e31005733dd112861
    tx_idx=471   0x4563e934625830b2f9424e650bf5e94d8e7a4d5a500d1ef79afe4f99decf9864
    tx_idx=472   0x9ee4192b33ff5ef6b65f5a54cae521a6cbdf453b7c8f557595679ef9647bb717
    tx_idx=473   0xb116fdf78a32d3e5c9670d6a4bc0c45ba52f8ccba67e4fb2cec5bba0f9b63046
    tx_idx=474   0x9c44465bc7e6c9c989fd3297c862948b83c010ee7b5905360093be571cb2a0a6
    tx_idx=475   0x3a95aa05ce890570b8d9f7326b0346d58b09eb680b4c0642f0c68cc89fdd1611
    tx_idx=476   0x0f5dcc8e1bdceecbb82ad32bb83fef408d3c1c5664cb417c1ff5e81a6f52e089
    tx_idx=477   0x8aa59ff318a79732687f7836763d5453f0e677b46089a518b56c438365372ac5
    tx_idx=478   0xe4f1b9f43e39cdfd3578edcc89245310bfcfa7c6805366aed517c04cbebfd478
    tx_idx=479   0x7ed759919fcad5b35f3b67f76b2f6e701ca129592bb3c02e5874ab424b25d011
    tx_idx=480   0x5f5718556edf03c0719e85cba3985a31dd8056f0e22f8d09fdf9e29abb8fa502
    tx_idx=481   0x69b713987a8b4961485da73efac6695fe7fdec66a701a19d7d6cd58016da1f3f
    tx_idx=482   0x4fffe5333c4f4198479168601534b48733cb349f64626205fb2484d4a77d159d
    tx_idx=483   0x2e37b9a70fbd89324fc5d6bf41a925a8c14749afb672a4cbb49a7c1f66a2aad8
    tx_idx=484   0x6f68099de606cec859ea52422f157d2743e4841f02c3ad4a327078994e6e13aa
    tx_idx=485   0xcc2f608aabbc9c1d9276bb383c6536d35941ea9b54bedf72168629fd0677b538
    tx_idx=486   0xd7c0f3ffaf8d3ff10ff5b1206d16943af64e738256fe75a733ab20c2e8027da7
    tx_idx=487   0xb78cbb964e8f25c03f964b8c22d399eca4c5eee4f2fe03055f612120baaa8005
    tx_idx=488   0xf1c65e368e3a43c271466ddb0e01447c64e917e9840bc37fee67f547e82b6799
    tx_idx=489   0xe3a9331b122a47b22334e659a8252ad90fd9892ba21150d973d030cd65b8266d
    tx_idx=490   0xcf2dc598f14f01295d916397b3f89512bab40dead7243e08ac69e7e85b48a34b
    tx_idx=491   0x4eb9e1e41666c4c7ed472f1393a49a24ee4e7cb78ebd0d13fa033905a9661e47
    tx_idx=492   0x7b8eda0fe0ee4f9dbd25502977b3532a1d022013f00c6382707557ae3beaa437
    tx_idx=493   0x7a8d272ed613e4b6a15f52bb7a847f6f90bacb355b119f4c843459d253ec54a2
    tx_idx=494   0x4c2df8afd4e07d5c0e3255cd2b8474b0fbeca5d1a8549c815ac972f2b07597c7
    tx_idx=495   0xae1ebcb5f553ea36b91d01351da413d0cc08db51c68695a4db58387c4daf713e
    tx_idx=496   0x9f7d73d2ac6f2e21386ad8de3700492edf3411322400e01393ad026963bca3e9
    tx_idx=497   0xa8092bfda29a7615f7a5a7c5a8542466e12e7d50695e7f9a369a1701999c0159
    tx_idx=498   0x934ce8b7258088b432ae8fbd117ae2e7042503f57014bceb705cd5d702dd8326
    tx_idx=499   0xb6d8c1902dfe8018a5704371750deb9a7ecbaaa8e49f6492cc43fc5851d9b15c
    tx_idx=500   0xa1dccf430282a2fc639a5fb83aaacc75d7702ece69d580d78fafb936c504f845
    tx_idx=501   0xb1cec6044411402595f0ea865455c00795c1b46dfce0693d06d2d6e6a837fa88
    tx_idx=502   0x8573df585cc6e5353e33193674459076092484d48ceaeadd8aff6d0bf85aa104
    tx_idx=503   0x3b394a2e64120112073cd38584aaa9da3d7d258e4ea46363638dbe7930c0d8f8
    tx_idx=504   0x7a98af22b82e8f5db2d87605f15099cd388652908ae0ad1e8ad88e4db8c6c1b5
    tx_idx=505   0x6c9a956ddc284293477578d471801a042b75dd72fe88d03b030497df4003a121
    tx_idx=506   0x81dc809ee6090df139de1787792d17137ef1814a7e4f9fc7bd7e1a95dace92fc
    tx_idx=507   0x1dafe58f0d35ad9b63dfbc95226e46d807077940f996916b452e147ddf41fe1c
    tx_idx=508   0x6162446f805f1ff37051810c85e42062b1b5923a7e0ed5aa82e546244b68e413
    tx_idx=509   0xa431a620efee9f701dbbafc66836eb5e211fb83890110dd806eee573a66e4af4
    tx_idx=510   0x6cd70658a34625c8b0b5700b7020e4db8f62f83680d576670651a3e0152958d4
    tx_idx=511   0xd16955274ce2bb46ae1f843121b6239dc92af2235c21d9d6346e0b209a1adc10
    tx_idx=512   0x2019a696115f45c0501e06c736c7f8e28039632a71fe4b3ca9bcec9c8bff745f
BLOCK 25578217  status=OK  canonical=841  stored=841  bc_tx_count=841  canonical_hash=0x5e6438cfe7a2cf4be66eb7db45b52e51f0f6fb974493c784975e6a8eb289bfa8
BLOCK 25579362  status=OK  canonical=248  stored=248  bc_tx_count=248  canonical_hash=0x6492182788995de7276fbc9d2150f4f08264ee37337852923d16437f86aa51ed

=== SUMMARY ===
total blocks checked:    170
OK (clean):              133
NOT_INDEXED (no bc):     0
ORPHANED_SUPERSET:       37  (has all canonical + orphaned extras — cosmetic issue, no data loss)
MISSING_CANONICAL:       0  *** DATA INTEGRITY ISSUE — missing canonical txs ***
MIXED:                   0  *** DATA INTEGRITY ISSUE — wrong block indexed ***
ERROR:                   0

log written to: /home/alexey_smolyakov/etherscan170_diff.log
finished: 2026-07-22T09:13:39Z
