=== forked_block_checker started 2026-07-22T09:13:32Z ===
blocks: 17  workers: 4  rpc: http://100.64.0.60:8545


=== DETAILED RESULTS ===

BLOCK 25437746  status=ORPHANED_SUPERSET  canonical=85  stored=177  bc_tx_count=85  orphan_only=92  lost=0
  canonical_hash=0xaaae6fbf8281ba276869232111d34e9d6e12411031a0ce7521dc4c11d451f770
  ORPHAN_ONLY_HASHES (92):
    tx_idx=85    0xfc5d329daafc1a4e107645bb180bb587e75ab39945e185ac9ebc82cd8f3b83c6
    tx_idx=86    0x57d1aa532d98ba455995d66217197eed7269c918388df0536dff1488bfcb30ee
    tx_idx=87    0x5ea1aaf52ad82c6a1de31c7765a64441cb507d61fc2c79155deacdb23a46f97f
    tx_idx=88    0x049818495a46360d7c57cc4a77fc844d065be3a460451c44434c741bc849121b
    tx_idx=89    0x7a3b551b4d27328aa20eab29c5b697a0fd6dbe1a635370d71be7b978dcc02d3b
    tx_idx=90    0x441bcddbed0cc1e4393c0b4c9830dcd1f7d977c19a00b11bfb8e9c623f5b3b38
    tx_idx=91    0xa5cdc810aea37ffb5557ede03aea2dd37295bad571cdb261163e24c55365222e
    tx_idx=92    0x8b48d55b69187261da807450e7bdf4dedda7b523de927fd6e75ba93b5e8182a9
    tx_idx=93    0x7df86b3e9378c7f220363a06f8310bbecc0b5c864d8c250ad7eca576f139d758
    tx_idx=94    0xb33235c59b0c026737d8aadfdcf47af7ee610072c28b41709143b2dba74caa5a
    tx_idx=95    0xc2fcd1dcb09724bad6362198c3dc1d58e36b84fe3fde9f4f734842ae037f7d01
    tx_idx=96    0x5ca765ae21bd7e742195492e83b6bc090b2d067b5be817bd10047a5f8b395ae6
    tx_idx=97    0x418e998f609855f335ebbac6746b374a9faf2df0ac6c48be6614fd616fe7bb54
    tx_idx=98    0x71f3229c695c233b0134f303e5a60101fb0467c92acc328343e9ebdc642ed9c5
    tx_idx=99    0x26c38a52aa10d0d2dd5e85ce1a2ac8609379befc8bfb26ca7a9e3a5d3d2f2f38
    tx_idx=100   0x3ced764b665855034ba102bc8492aaeca8da47779a0112a9e05e59e3aaa5f823
    tx_idx=101   0x0ccad5c14573f2fbf7fcfeb71f0b3009162b115b82d194cf78ab0b4032f3e2a6
    tx_idx=102   0xe176e722a6ce4f475d129518da258be6cfb315d98c835b448c13ce975c7d6383
    tx_idx=103   0x4150d0dde530d7a6fbc5b174aa30996b2260b8b9f4f9e87bacfa293a9e5b6662
    tx_idx=104   0xe1d0738991968d9580f14d8492dd3c4e72a0b5394e3ef16db32038dae75b3589
    tx_idx=105   0xb7ed30e3d33c3d89bf94dc01676c2deacb2f0b59b581d61a2b5b5049baf08ef7
    tx_idx=106   0xcd1dc95219a44e43c262c6c1913afb65f17ae6b9ed5fcc66f5af67ac6101aa52
    tx_idx=107   0x9ba9642bdbc2bb5a10859e6cee6312208a4622aa04b58e728690646957b3c19c
    tx_idx=108   0x18855a06b4c1d5641a8bc3c8d6d899df4ecd534f188fe10ed5129ef2e0549e06
    tx_idx=109   0x9d272e9a44e441f71173b3fb8c38a0edebc0308bc1eb156a3551923bb190187a
    tx_idx=110   0xa543afa09041aefaa19195081ee0e9d3f9428554d78f98f217319ae2a225080e
    tx_idx=111   0x6a910bbf373b5c63f27d5f67986dc2d91cce33860889cd476b36c4b9d94f0b40
    tx_idx=112   0x4e2f28c9fa5855529fef8cfdf4702859af93f11a29cf21de9083652c458e6776
    tx_idx=113   0xa74b2fe1e1ba947cd5b7f7d1d1ff08d057c3c56987ba0cd3f73807aac4234070
    tx_idx=114   0x6790363ba254be59ca1909a73be576d790739244747aa44e0ab8c3e86dcf528c
    tx_idx=115   0x7b113e1dd53643efa1fc1dc42700623ceb2b521203435853fa053cdce4bb2412
    tx_idx=116   0x51418bf1e505c5e889eaf4b4cb5a34f17b8fd34eb5f079e53c35480cb7106094
    tx_idx=117   0x729ff9e3d401476a5ebc107ac5a8d459b37589167d0c33e38c25856fb68aba16
    tx_idx=118   0x24a57b3ce0add84eb9e8b2f6f695b93facadbf1f05106e3f791c844ef2f2eb0b
    tx_idx=119   0x515acf7988658546084f57874ccfd722f455b310d66dcfc78d4bc12f80c2ce20
    tx_idx=120   0x3fd1ca19d7969f3e96850e62cbc472652f19c8d84198b9b74cb08776a4ef66d9
    tx_idx=121   0x081273f1da18c63aae20bd42e5aa4149a36e0c6c3f2543ae0ec66465431bb721
    tx_idx=122   0x1e82c7dcd6c65f6ff4d634cc9b45668d7548971b01fd46372c41bdc541bc9c4f
    tx_idx=123   0x2dc9e02b3ac896415608b6727d432835400a3ca214682ecc4d9fdae569e40064
    tx_idx=124   0x923003581fcf43d3cce404ee2eb9c20d5689553f025869b9f18cbf0fa39e6286
    tx_idx=125   0x81999a59437d21f4291a6aad4854bb643348ecdc0df81d69ccf6eb32d9734dbb
    tx_idx=126   0xf2d71bde2af4066a6aedbd9f0eb334812bb00a9f4b231f7cfeba716896adc525
    tx_idx=127   0x0a474daf845ed85987e8d1a28c5990d2ea7f57448ba33629bc0a256d1f1e534d
    tx_idx=128   0x7b5b7122532b36d15fdad5fde58c7f0a57d0817d4155f7e2f699a5c0376dbb7d
    tx_idx=129   0xa4a6ef1b985cf83fae1104effe312096130d96852434e733b4f199f03f07ffaa
    tx_idx=130   0x42367213de34fb2462fb3f9d96735e36515881da67ba40e1b23084d275ebb01a
    tx_idx=131   0x438044b68140e2fad17fd4494d039c9fd21bea715f39fc493e9ed8a41293804d
    tx_idx=132   0xf3a6f428df9245f17d355c2f4c9a350f0bc1aeaacf1a140560cfda03b239cab6
    tx_idx=133   0x0930aaf96c864ca320a8a1c85800949b175ee264f1ca7727790ed39d8bacbdf2
    tx_idx=134   0xc4fa452e61c9cec0d89759cf126a04ef54b80a6a1c9acd90b39974984dfabf0f
    tx_idx=135   0xbf4b06676e5c7fd808a57ca11070e036cbaf44d9fb7ce471033c59df4365a8ce
    tx_idx=136   0x38952cd57032d8830d93d6cdaf6ba2cbed9891617233c3410d68f0e4ef49632b
    tx_idx=137   0xbe0fbf8ad71af16a7a758439031f123a2d4dff666b3bd48b757f750f63566e3f
    tx_idx=138   0xdd582a5ec4e602e4b0ac0f18a7f5b970d2a77cbd6bd62fa8e453a54f0a04197b
    tx_idx=139   0xa7039cade266ecde7347fdce2c5cf54e1798f9ccbdecbfb56fef4eeb9fbc8e68
    tx_idx=140   0x4bb40c0f2d5150f6b11dca00dc6984ba653745a7561cd2438ceb1b022e675a98
    tx_idx=141   0xde797cbe126e3a05d4a706533509e55f7728b9802fa888e0e5b997df52fdb06a
    tx_idx=142   0xd664736b675a4aec07c9a2ab2438658f20c0fa5bd7066f2724c4f584517c1914
    tx_idx=143   0x032907427a3ffd654a9a8bf240b9374ee6b4231e6a00f8ecccfaf2b37a89aeac
    tx_idx=144   0x727c9fc9acaec4ed52fbbf266ef95f9e78e20b52145c959e47d3ecbcefbc0302
    tx_idx=145   0x0bc53f4cd7a24bc2cb4f7890df7cc2ef1404de37574e7f7195d28317d3402b26
    tx_idx=146   0xcd0868ff2153e0aa5deaae24af02180e1e17a4705c1483aaf1eedb2c7ed3baef
    tx_idx=147   0x26b547eacec46ec4f6293fd67f9aa48be434cff4944f1a16e6e0871758ffe71c
    tx_idx=148   0x5ea5ccf5b29cbaa30d79f91cd2715727cfcae5139a3eaf5b42c3b4d0d63d362c
    tx_idx=149   0x1f792cf6cbf89124d4af67d385b693da8c78694f7deb5343961ccd02cc09dc5b
    tx_idx=150   0x4ab369bd614fb5674881e374d37c96d87e0e8a91081e2ef2a36c601bec7b988a
    tx_idx=151   0x33de06a848a98574fe170633091b9a511554b2b4ea7284b7761e94fe8a1e0c00
    tx_idx=152   0xcadf3d2b4eed96a9a4208bc0ba9cca5faa449a1d1bc7f3fd7873f351bb44b19c
    tx_idx=153   0x713dd228a717486014a664c690f55820d9cf91ff60a98203af1b7bff24cfc26f
    tx_idx=154   0x484159d0a9537125d40e826cc7e0ad16360283153c7ffd8751c4b2f8679c93dd
    tx_idx=155   0x66367ac1a11896f9c98dde29dce2625c0cc3fb8eb905c37146ab10257d8e4790
    tx_idx=156   0x0357eb91e7aa2e3d1acf6bb9457ae7f61b20cc996cdbb3c876fdbaf3a0e9ef5a
    tx_idx=157   0x172518575ef0947651d1e82122c2137d96d81921b0a435924830fac30d36b6e8
    tx_idx=158   0x19aa29046d334d3208fa7d192aa4ee17b73854c9cf0fbb306881c260ade422f2
    tx_idx=159   0x9ebb2872b8884e51e0032451c7f524d540d793bf982cf269dc76324c200aeffa
    tx_idx=160   0x0e5f6d0d18e55af11b73c6879997cc53d88b719bfd5c199e7727c320913bd9b5
    tx_idx=161   0x1e3be8196a99200ecbd76c2360c87723cedf9449102e52a42cd46f9931592c6c
    tx_idx=162   0xf092f676844803f1998d22f10ad905a122e7661e9bf784bc873ff0c079ee2b08
    tx_idx=163   0xf4bc7fab55ebf3f9dc375e7add917cc5dce5fbef4ee44105c5860115bddbd53b
    tx_idx=164   0x198181545ddf0c4e7c0b8a5952205e34b34712c4a744e7ce14704824239cdccf
    tx_idx=165   0x741e79a597da847eb4e758e9e4f6f4fe094054712adb3eb9aead23f235d369f8
    tx_idx=166   0x976a4e696351ddda2a096871fa3f9efcbf8580359a611d23ac910e4eed467899
    tx_idx=167   0xec789bd9a7d821231c98b7b23ef74a88c30169eac09fc8b8db68ec7f8a923244
    tx_idx=168   0xcc1672af6a501af416aa1db2bb64e2fa3af7cad8facbb78354c1a0977154ed06
    tx_idx=169   0xa7bb91758e8daadd892aa464b4f928acafd12a06fc5d7172bdbf4bc238bb7a5b
    tx_idx=170   0xbbb12b71ee5a737f3f6acd9930a144e4976b665822be8f8f00430966c80789f8
    tx_idx=171   0xca03cfe9e135f5d87acfee7faed3e216226160a5357e7f8c46e7d6aabfd6ed60
    tx_idx=172   0x92f392c543244f9e4a4307692c74a94cc05cb0c83c87515c0076372ac5543248
    tx_idx=173   0xf8a333bde8be510ce856a1ff6776536bb6697993c2783fa83a58759997ef6883
    tx_idx=174   0x0e3e3a4df301a1ee937920d1d1a1a27b9cfd8b8212fde55e1d43c78d8cabde99
    tx_idx=175   0xd019ef65a64bf194c367384a80e780f6bca6edbf276ea0d463c512f6d982269f
    tx_idx=176   0x9eef3e3b48d3cf91d7f37092c4bac926a4389087481005b801cbca1cebf290a1
BLOCK 25438292  status=ORPHANED_SUPERSET  canonical=114  stored=358  bc_tx_count=114  orphan_only=244  lost=0
  canonical_hash=0x2c8b0324973bd1e87213429237a1f30a9aeb9d27bb3a01b5d64d6f159ec2fc3e
  ORPHAN_ONLY_HASHES (244):
    tx_idx=114   0x347e32193ed645860917322e4f7a662f623472aa2cfa8e997ce89d294240f87d
    tx_idx=115   0x59406f2e2bd48a7a8232c83854e13cf06fa1320463893660d02f604a380d64ce
    tx_idx=116   0xa251f4ffea88e5bb482f7cdc83e3ecd3600b6b217e45a6baedd5a1919a4fe3ea
    tx_idx=117   0x4fef3031c57dcc8a807ccd8494964e72f15432d1bac1d3f035eadc441d72b357
    tx_idx=118   0x292f098bf3de3027c1ab4bb72980c4a82e2fd65158e6acee4ecb3b2b70586dd7
    tx_idx=119   0x162e9567e0163c09cf87ce989e201f84a32ef89b1aeeb23b0bcc51ed2bdcbb92
    tx_idx=120   0x6d8713bd40ceff1489ac6af5981b26bee65d38df2703dd153756f4433f2d3180
    tx_idx=121   0xf0945fbbf2f31e0bed72dffdc92923916acdbf941a8096f43b82c4e1f66b81c3
    tx_idx=122   0x97212c4ddd41c9c313c62298d08dcdb7692abe35e6316846acd724df29b1b490
    tx_idx=123   0x3a44a4316e8ffa6195c382c990b8498e9cd4d12aaa78ab5593ddbc228bd47130
    tx_idx=124   0x2ba6eb51df1ab13dd4c9085276c45dc43d67c09a54e4f6f2a825fc7eef3d441e
    tx_idx=125   0xff5e9acc3e44093cda76d6cb1cd6a8b50a358f098b15f0c2184419854b703bfa
    tx_idx=126   0xc3e45522dbe49266280c34f75bc33e2f5b2bf5b736902c501b1f690eda31a685
    tx_idx=127   0x91c55405b6ee5ac756bda7918233674d834c525c8a6d5686a420e3cef730154b
    tx_idx=128   0xa9b3a2e33e413ba282ea4d9627e5abaf6f0d4512cf7fa8b4291ddb01ec1cb48c
    tx_idx=129   0x9ec666f9ec1fb734e30bab37b6f075f8933c1396d59c27e491bdaae609914462
    tx_idx=130   0xbf9e9c6065d82222b2af141ce1856ab3cfdc130bd8d942dd792d403c9647dcc1
    tx_idx=131   0x161b66a26560da625a8164b4d6d71e1d8a3fda95fc40ad33860b342461b91b04
    tx_idx=132   0xd607a18163f7558fa1e65acb491cfac844076887fa600e36f5ac30bcc3c8d0c9
    tx_idx=133   0x01b01b8a353c4baca5fe525d66c23bd10fadecafd22008bc2da7f01621a4cea8
    tx_idx=134   0x122ca7f15cacf476e9373929df8a2ec80fc33c25ede6a04727435dd613467fe1
    tx_idx=135   0x40dbf256638a46ae3fbb418c1b52e571109f5d00b0912ba0fc41d5df932e05d7
    tx_idx=136   0x427258e5635e1b1851da8ac1b2ec263e871932b706fda536ebc77efc6f2b00b0
    tx_idx=137   0x9a40926522853204eb09a79124892ab424a8b8427b3b0ba977450b75d059ef78
    tx_idx=138   0x26fd6d6b0aca44a8a434cbbfa3aeba1ae5eb94cce8bef2ec46899175a0ad550a
    tx_idx=139   0xa4853637d891e9b33f4aa843abea9b870af1c4b6a89414893ba08f366c367302
    tx_idx=140   0x976f9b327be04f01e423efa733e6d74a7544ad1ae8e02e1247f1206488069d2f
    tx_idx=141   0xabefd79a1f641cbdca26b225fd8169154e7cbb1f06371be5340b3ba3742a6f52
    tx_idx=142   0x21885c85e56e93adc812d28f98bbf40bd790f451b1e01c0e76ffd177367148f0
    tx_idx=143   0x24e46bb4b6bf59ed176540fa31f4e1c9063d35c2e5855789b2532ab0220453e3
    tx_idx=144   0xf00a694054a2602a1f34be2295d52a1608c75a6b96ec223e91f03d2b95805faf
    tx_idx=145   0x6b689e0153f3af7295ab8a906fb5ac44d612d50a24256c25c8e8f5c901669670
    tx_idx=146   0x234308b1ba3b9231d64575df496b40d9c57703b11d91d1972d7c22b59a33b5fd
    tx_idx=147   0xe05abd2d196f33b6d4b3678ba4f162aae2a009369eb77cac61dce0536b057c94
    tx_idx=148   0x27e6c1582beafbdddae9a88bf74b13bd68917595696f7bd5dbf6ffa344c148d7
    tx_idx=149   0xfed70a6bc5f11e1d2107e735b7009eda5ad10344abd06cbc5326d755e59d43a3
    tx_idx=150   0x9646ce326031c540d64ed6556546c112aeb4c80864cc5ee89dd8ed0e62e9733a
    tx_idx=151   0x54c9b47b10cc68bc05506b1902d600beb798cba3fb23a914da5a4fd8891e41b0
    tx_idx=152   0xf0e5614961c8ad4106a6ad4d9b4a6d6de0b922961ded6b832b84a51e36c11224
    tx_idx=153   0xf92cd08afac2912588da3a58a910c3821d496b291309263d37f3a1be35ab98bb
    tx_idx=154   0xb5e1b7d9fa55fadca36bbd2ea6c29bdb5dadb96169d0e2ea1c561a082de2bf45
    tx_idx=155   0xf3cbe7608c8da28638a3d681a93c44ecae82097b102eb3bb738dee9bd4cb8683
    tx_idx=156   0xa54c8163de52a9f1077bdcf252062a17e4ed7ee2885cd01aeb2f41d3a0abc370
    tx_idx=157   0xa2211220774a9898862ad6a5c19a9e26b82783df08c0dc5167ef2db5249c2c5a
    tx_idx=158   0x35fe1a0763b0c9397f0619ba540a5a9a1925d367c499f2f86ec30212e076b186
    tx_idx=159   0x41c499a15e6b29a6ba4c1d376781392cdc5b1ce5428c2bfc91ab005148ce0417
    tx_idx=160   0x42d6149778ffc78d7f2bc242b62a2eec975a1c6b07809152910a276db442a939
    tx_idx=161   0x85a0f94f999dd07e6d4ac9ab6fda713fc19439d9f6c3144ad4640969a55b5e45
    tx_idx=162   0x6ede3021039baa0f8072397bd95af8af3e6d7fbb3acb3a44c6adea91f01f56cb
    tx_idx=163   0xcd1b1ad0c2b56e0d77ae0e0ff8e3bd0112c95ebf588950e05b010c94ebd293ef
    tx_idx=164   0x052a249f376054a64d71a5da22bcfaf601d3ee82ff8d1e8f0caa0feb9a790946
    tx_idx=165   0x7b5ef8b241c9f745beb2a42cd1169f64eee32cbddb94fd35c5eb843e03a1626e
    tx_idx=166   0x9d32ee30892748623eed64776a8ef6b710e92765e1b15c7fad48f531cf74ad1e
    tx_idx=167   0x329df96f55444ce3f9c742522a973c49a321c2d4bb5f55370f9d8d46b18102be
    tx_idx=168   0xebd452a05f7e3d5cb8731b4fc3fb2e7faed63198e0dce5c49c96712914b2b123
    tx_idx=169   0xc170f3171297457200158275ad068d315b5450888cc95b0109268941c4b55a79
    tx_idx=170   0x89c87179b6bcca7d1bda12868683df24d57a5bd306822e120f1abf1624946708
    tx_idx=171   0x2fb58143373bf0bb0701815003f2390592d02948fd7577cafcd880fc822f50cf
    tx_idx=172   0xfe8e6230eefbededac8fe4dc45dce0f9768391ef50cc4cede3b1b941d7359ea7
    tx_idx=173   0x9f80cf491d5ecbd6a357681f0aea9a7a2f38d0419fd6a65b9371d92801b07eac
    tx_idx=174   0x9553b58b67f89bb61c7d391586e070dc062860e0bd97e43bc1aad792628136d1
    tx_idx=175   0xe2c6b397d2bd6183ca0298c8d481fb3a0feeab715a2da16f4ef1832071afd2cc
    tx_idx=176   0xeeb42473d832d9da4cd4fd089571d78daa8f6998411127ad90418c6eeeed8889
    tx_idx=177   0x0f24ca2f02578c1c1aaf36e9500d4a56d8a44746052a58b58f11c30fe3775ed1
    tx_idx=178   0x66bf2b04e3173fadf9535b40bd42684eb9afda1f3aa5a0a8b60313e37db0a4d4
    tx_idx=179   0x99fc221fab5dd9f536cab13988a58123cc98a5a28944ac1432db0a2e56f2c024
    tx_idx=180   0x6fe10bbc63c6de1aa4709de385fb36fc5dd78faad7104aa597ff890d1bbf4f20
    tx_idx=181   0x8308ad8cc9ed604541703f56dbafea9953b55d91baec5db9ab8a35011b74f7b2
    tx_idx=182   0x28272aad9851ecc8fcf211699d108386eabb9baae200f1f16a8306dc345502bd
    tx_idx=183   0x2a49004b7418e8bf4850db459e0cc06151e03b467daf9379007ae917b3c83a5f
    tx_idx=184   0x4097ec57cc06d1bbc2f1c02def4292f509eb7a66faa4e5bc5c77004489afb0e8
    tx_idx=185   0xecb6bc317781bf49e8a723d081d87fa7f220fb096732b1b27bba1ec2552cc82c
    tx_idx=186   0xa46037bfee6e8a9e2f0b26132b4e73edded702e159d51c142053d9e5a053d8e6
    tx_idx=187   0x505e5f5c7677197cc86eb8b2b227c1a1a52d85ebefdce196c886bda790ff717c
    tx_idx=188   0x961e30cf383bc7fcea0ef01e722e4cc206941463e40d79bc982993ae7ca1d64f
    tx_idx=189   0x73ccfeff408850cba9eb648b03ad0af065578278f9e254da8d5d210e03daf861
    tx_idx=190   0x478c01577db52f3e06910d9995aaeefaba0a8d38be579524e4082ce38b9966a8
    tx_idx=191   0xff563bababb457adb26e3ccdea47b5671b3f9b414cc39201c497a243dc86ca03
    tx_idx=192   0xcbf852c9e2394beebfd8412478913cafbaec43974af7fca0e5f7806e7aebe718
    tx_idx=193   0xd4375dfcdc7556deeaab708b284fef6dbd5cadc9674f75152257d5e7c8ca742e
    tx_idx=194   0xd1d74763977c9dbe48f2577add6f9f47c23cf0f35d827bb9eed8f0cb1280581e
    tx_idx=195   0x6542682c0c72f47963a26525838b27983283a01e10058ad3ba9d46998c915082
    tx_idx=196   0x86e817fb75225592d49d02a665add33f5a55c08b0e8343ed6035e9cdaa971a1b
    tx_idx=197   0xdc4b9abb6ef80b47ce387bb52519265cd0900494c8a3cc8ba21764a8fdce27ea
    tx_idx=198   0x0cd9cb9d87f104f7c0ad031c5654e5e0fb7287a64b80f09fedfddb93ffd786fe
    tx_idx=199   0x47606ba07b768be15e2437c049a0aacad0a8eeb76af5347df95396c688cc6747
    tx_idx=200   0xfdb5d31b26e55fe392c01a2ebcdd156010965e54fa4264efb0a4fccaa72f4cd7
    tx_idx=201   0x72db4beb2f8927b3514f9b9badf6b976ed4cf33b32fd082d97e378edbadb2305
    tx_idx=202   0x47f16bb508b08c160e3f4592446b23ae1277833b62f38046f3396b38fe0d62ca
    tx_idx=203   0x03c82fb8de6965c992e1b94921ea19d6df7b83b484b5b54ff69f5d00845fbf58
    tx_idx=204   0xfe5986458ee17d18c5be9725c7fd34b4144bcbb43263c17b39a21fc9c083194e
    tx_idx=205   0x0645950cd74769066a947c01eb37228a6feaac53fc84294deead1c0935eb2846
    tx_idx=206   0xf001f510686320d3b1b1b811e47f609b3d34a197c54916ce792a9de5bde67b76
    tx_idx=207   0xb07f04258581e4ed5183869ffaf775b912c521cdc43d401f6f606090fe539319
    tx_idx=208   0x6f215a67fcea1364b30161d792ec341b0c3826efccf1d3b90805b09ac388245d
    tx_idx=209   0x27de4d87ddcd463bcc484cc7f5f3cbe528575a349879ef679ea0f61e94501d62
    tx_idx=210   0x00fda25f280f60e4db8c53678c4cf514f3fcc274ce3c5147eac11a5cca52ef85
    tx_idx=211   0x7fc57c8c1ce545938447dc90368bfdcac33f635579a961e93ff35df188a158f2
    tx_idx=212   0x939d3681735892b622005d526e83b47e08c8b159171fcbcb2af41972dbcc11f8
    tx_idx=213   0xbd1234977204fa6526b5fd0063941d98b7d8c238573226454288243a6a8633c5
    tx_idx=214   0x572a7902275c7a8fb8b652459f2788ea98b404456951e439d65eca4a6c0d013f
    tx_idx=215   0x5d14906211776952f72d1b55d4bec06133925d0883aaceef18879e324831c391
    tx_idx=216   0x48a46f01bb6b63db06415804c1ab10e09b936ce0937564526f0a236655105105
    tx_idx=217   0x00b1e81e2b2bdc7b179de648b95858166bef96f8e9776f85a210e2ebb2695e57
    tx_idx=218   0x58505db3c05d3ef4709bd75db35fe10970ebe763bacbdc481c910ac3c9518329
    tx_idx=219   0x38e7f5f4ea94cf1751a23ee35066abaffa079e14a2ad5151f4c4dc9cc5c00494
    tx_idx=220   0x067571ddf8ce67698634c60cfba45f1b3b376b29c88065149384ce089b0a6363
    tx_idx=221   0x7a586b166e3e6a3d3daa17b705162e13eb24f0b603cba2421ed8d86ad2a4a2c3
    tx_idx=222   0x01b8c2eb704fa38577a39e9aca3e901ae3a089bba4fe6afca153e8c5156fc7d1
    tx_idx=223   0x13caf1a492cff67b18ca657ccb5ccd9db93edb3d0bfe1a275489c9fbff3eda0e
    tx_idx=224   0x36f85cabfa0038c5c098637a342c512981fd5607e24ee7fa01a3e00ae9ee2dd0
    tx_idx=225   0x8c6779f41be8fb83380af8dedeee7ca8459b7ea6b7ed1b664483c03b5a563afb
    tx_idx=226   0x0b9dee03fb77c9a6fb62ff01ceb5104b2d36d7f187e857f641966d2ddeb9bc9e
    tx_idx=227   0x095bec0a2acf4e86289d9a49012fe8240f029f144a8394baed88ee32019f61d2
    tx_idx=228   0x656da6d6312b5c6516126a697c04c3488dc5830e46911a84eb07f28c78748d57
    tx_idx=229   0xd0d66060abf4b283cd1fb0d321d36f9f913f553c5f6f2902dc8a8b1a34833e7e
    tx_idx=230   0xb7d8eeb1f2d9904b8ea79acd8bfc0c7f9e9f6cb73c7b04dfb54bdcf7ca493909
    tx_idx=231   0x3d08cc6241589d036978fa520d911a262060a9b70e16e960d99c25e2a9c33e21
    tx_idx=232   0xabd7bb62c114cf8c8609b966db16f249102a7823fc2e4c0a76c181b8848f7889
    tx_idx=233   0xd96ea09e1f501a76354b1b6f72fd9ed1346fd823a44f10cc4d0228d7470c89bb
    tx_idx=234   0x257a82892781e681ba2d8169a2ba825f66f0dd8112ecf93bc56d00d273598a02
    tx_idx=235   0xf799a0916cdf34eda52fb31bba69b6b094ced6f79975cc6770206734d3ea5d4e
    tx_idx=236   0xe07a21bd15cb29d9d86c5ea4742e6056981098f09b0df29d77f151437c58583b
    tx_idx=237   0x5fc3ebb32393f5c8a224703c55d87e4c7b22b7641bf0ae62af90490a30f87703
    tx_idx=238   0x355b021377f3ef93180bb1281c40387626acccfa0d1856319d610cd0eef6f619
    tx_idx=239   0xa524b3134bb57805498031b56dc2e527994624bc97b5ef868389c49aac72e0de
    tx_idx=240   0x5f1a1f2e9ad7a42517b5c6e742658c344e4365fa1933e320fdc64e29909f767a
    tx_idx=241   0xdde7353819ce790f1b7d6359e829350c43b9ea01150b0df6af7273fc090ef3eb
    tx_idx=242   0x211abf3b75fd315080e584d80f4d74e6ae38c991f9222f12c037f09c91b6f8d3
    tx_idx=243   0xda505396fec1be846aafe727c6a4fedc840c450dff45c8e07d4f2557134c5918
    tx_idx=244   0x164e4e906cdcef67c4b348accc803b24c034b81df6785ae350ac19e6553347b9
    tx_idx=245   0x11f414c46ee230e566e042c1b7fdeca6694b540abbbddfc46a4262c744a8d993
    tx_idx=246   0x574d1f16b61f1a3b729220e7dc56b3a6e91971c76aa934d487f39bb906bb60c3
    tx_idx=247   0xcf11b2331977fbd6a25d7fbfa9d122d9cfc7f8e96debde2a9b88df450b23378f
    tx_idx=248   0xd86ad61ccb2e461d13b727a131e29bea54fbe63d2f39e6116cacccab956e7f68
    tx_idx=249   0x6d17f4c1a95c4c601be48c3209d12d228ea2e576759a46ce18b3f6c4d407f297
    tx_idx=250   0xce0ccb36a1b7d0512c7e39924edcf99fb2bbee0f3a7010d6c581e0e86115f395
    tx_idx=251   0x8a88aeb87821fa3ffe0b55ac806e58f8383e552a97f2a02020e21c4d4cce4657
    tx_idx=252   0xa0a02ef5b71a3adfe50a14fbe12c0b6d51177d0771c068f5cda9db66040908a7
    tx_idx=253   0x3c1d03d6453ab19a47ace17c08b340b06a2d198deea352beaaadf714c375c77b
    tx_idx=254   0x6629e78c1b735391f95377df14c4c5d8f9cc45cd08a2fd03b228bd05a6095bef
    tx_idx=255   0x71ffa57f95635ca6ab6fbac1ed0e84cdbde13647995b50d80af3327756209483
    tx_idx=256   0x0f5a76012e04c5d67767abbd7364d3e9dcec2247da743e4365bb8a1957e3231e
    tx_idx=257   0xbee1a3a35b679e0301d5dd3752b09ae15988d702c9fbedefcc612e7f239238e2
    tx_idx=258   0x12cf6f9ad084554b71ee274841c9d552033b273491cb259dd9d8d94b18386d81
    tx_idx=259   0x3ebdfcd8ef16f666440ccb5a1a175ef1f97ac9b5a95f1f364b5303862c1212fa
    tx_idx=260   0x3f5f66242b0cc25c457fc87f79bbd2cbf376a001f90c7a8ee9834699aa93a95d
    tx_idx=261   0x9a0f9347e1027fe2797bf14c46ef9f8557d4d3073f9f28a0dc334bbb726050ac
    tx_idx=262   0xde0565672b024bf6982e860e3180a64f22917fb68df836aab9873ead1db935e1
    tx_idx=263   0x211ca93ed658c9b4339846a60a8ad24e92c4f4b91b38d12caac5e0b225bc34bb
    tx_idx=264   0xc3ac9eb3bf41c5370e653bed88fe5adade30886ac753e6430718c71d56f5286f
    tx_idx=265   0x6f8204d2a4b2970c4ba87f4e86971162ba1865174a9db8d214331cf6b3810cf4
    tx_idx=266   0x05402baa9a4ec83acbc3d7d9a8edc2a30c3fb83bcfcce205cccc845bbd4dfd04
    tx_idx=267   0x2c73dafc7de6ea618ff97e224734a00bdec0bec693545329b2cd94b3402052ab
    tx_idx=268   0x4782f66d09503e3684d1b83d86ffa1a7d96ac831e4f02de3295b934a7fc4ba82
    tx_idx=269   0x028c05dd315cee73dc35325d6da1ca3b760352551c72a02424729df16b1f2f63
    tx_idx=270   0x81d22032a4f4fa0ee93c4e5aa40e5b9dcc5348b598632fdb0d22ad90d55752d2
    tx_idx=271   0x4655315605d45d45b4fa6d7fbe6624c2d1684b8705105347e783e1e00e1bf801
    tx_idx=272   0x957d5edd07aed801e7788f71334f8e7db3e97ab245b82b28f93f40104b29befd
    tx_idx=273   0xa738c6f2e0ca6bea62a2771e35dfead9c0545c2c080a5d8fa1e882c23fb33f22
    tx_idx=274   0xf652d750640485931facdbcb50a0e07226d4edf0a3f7efc2c09641d359b8b334
    tx_idx=275   0x3cdee03550413f319832436871fb6cea2a4bb2e537a742611612eb69f306366e
    tx_idx=276   0x7b858797381a61a8f18828d20001908b512f217ee940b7cd295d06c791dfe2cb
    tx_idx=277   0xc1d4fe846dddce6148c77aa05f70ef1a7ca7ea3e67037df28abcfaac46e63164
    tx_idx=278   0x27610209e9ec2edfede40c7d0f70cce0b4c1ebad5a9d4a6840d345003afab6c2
    tx_idx=279   0x74c46a0de4c091c918b544035695730d581e017fb8fd2898ddc3b4f4386db8f3
    tx_idx=280   0x41d4de4865ee89f57fce5d108cd844d554faeea66a3918964e5ef41a648d8429
    tx_idx=281   0xb0ada00cbe2bf3ccfabf1164c8a3d701445b3be28da31eab376fa1d89596e9ea
    tx_idx=282   0x15fdb60b720f643db2edff59bbfadac019152e24b7d1f4997b8b4d8a8b1519c3
    tx_idx=283   0x45a5dd0fd3d9bc106bb353c94bbfb036ee3986a1258f8a5f02d4cdf3e3f9abf7
    tx_idx=284   0xd12cebe4d4d240345a35257620738fd11381b74a446ffc0ef28ce3a8c930a896
    tx_idx=285   0x74616b1d902fc933bed8a7c8d5141670b006c0820b4638dce423f36ff73408c5
    tx_idx=286   0x5ea0b2f8fffa97e7a3dcad86de48f6854b8769df5912bef8ea83c27bfd56ee8e
    tx_idx=287   0x086097638f8b1863e8884e418bc71306a8a5c28010f941c0d48e8a78140709da
    tx_idx=288   0x9a39db64137604a0cf921248addcb3780c6df20fd358f2952c06f96a86f86300
    tx_idx=289   0xc83a72b53bc289eb64a171844dc790a5b811992067f348ec01b77316a32d2c37
    tx_idx=290   0x1d91e4be1e22da80b42b2d515418f9a04cd8d97c00c6cd7eb9b28ed7cf17953e
    tx_idx=291   0x4ecd59d93de07dee85262f6910d219de2072062c7d2b5ead8eee93e71f82a487
    tx_idx=292   0x126a4bff3e1f2bc4133664ded81bcb3cb3d2792315214a2bba00618c5e03d91b
    tx_idx=293   0x409bea58feb59704f4acff00bcab0c6d01bd71af7bea9d9b1bf41fdd9e5178f9
    tx_idx=294   0xe7584a39707b0bf16900576b804a36887249b3e0d7245c2efd93fae9ac0cb678
    tx_idx=295   0x2f124c73b24044400c65dc03eefa204d8d85d0a163b366292bea47ae66091a59
    tx_idx=296   0x3bae7cb4c79a4d9f0bb2d71452ae66df0b1818578ee768e110cc6d2c087fb09b
    tx_idx=297   0x81693543adfa1a99e48564b006220f1e032e838ba6cba80c25b8eed9f5634875
    tx_idx=298   0xeb2adf25ebe2a391f5e084cf6bb34b91069de981ffc44627e77f7240ef053768
    tx_idx=299   0x8bf6e7bf2bbd4d5dff7f142c4ee7c57e0bbc44f4baf63963337e2246a933319b
    tx_idx=300   0xadd49202d40a7e3b152a14e36a06022f8eb2481b0109a596860217139d6ca76a
    tx_idx=301   0xf86e347479351cd615fcf781bcefb03e774ea0ce9ae9e83cde954006390429f1
    tx_idx=302   0x723f90bcdf3e2e01e8608a7bc030d302c04ea111edaa6967c71b92ab77c93215
    tx_idx=303   0x6e80ffdee0cdb90fdc083d14059a6c86dc8de43328521a474e4d64f960ecea61
    tx_idx=304   0x51836b07b5a5ebec10ff32482d8a23c253f58cb232782f9822adc9cf46b46c3a
    tx_idx=305   0x6ed1e8adcbcb0c058f5b8ac7133bc5216cdb3eacfaeee7314be3720d6560329c
    tx_idx=306   0xdbf949346be4979e015515983a6adc201d172c6325ce63f5f2a5acd568a67634
    tx_idx=307   0xfd7941fcfa6c4c59a556194744f39626fb347ecbee19dc756a5b85c8080c9fac
    tx_idx=308   0x38c9702fc50dc3be0d63c4835fcc665ea5e97e3a950f882673571287c447e7ff
    tx_idx=309   0xc3c5d00f0e5bac4ee59cc46fc59ab56bc6c207349757793f8955e2f616e4c1b4
    tx_idx=310   0x5f4f030156298f298b470d07f2742985ec80e5130b3a305ece217914b9418a72
    tx_idx=311   0xe689ecf14eb21c5d9a08b7a0815e1a5337d79a704e477a15056de56f82290fa4
    tx_idx=312   0x9734705eddcc81c6103748021c8787bd11f553ec809cdee80b47bde6b2dc545b
    tx_idx=313   0xdac3a6c6bfa4c2b111f0f39b2ec928b6fb2299582923899a96341a79d95bd23f
    tx_idx=314   0xc4e770b61166ba3f2631b62dce1f266075efc8490f9edc73eec6ae185c35efb8
    tx_idx=315   0xac6dce2750dcf402b8cad8320f8b9288b3afddcbb1d33b3ef2ecb4a5222623ee
    tx_idx=316   0x1377174ff0219645a4a15941f9da895a9df0dcd2368aa2dda05e4133ddeec3bd
    tx_idx=317   0xacd22686d1e12b0db0a11596ece28ab078eead3a8844e32b1ddc159479ca5b46
    tx_idx=318   0xfce6eca15cb004b46ad0399343304b4644f5977854152de664ff15936f85caea
    tx_idx=319   0x538e4ced1dd9b5ff0b3970813d945da4634e869d04b068b97845bb53a9eb3cac
    tx_idx=320   0xf5f19e10d0f4e45e8103db538e26361e12cd30997310c66dc7c929e2dbe5dd76
    tx_idx=321   0x38882c33268f98a2c87be18e4109bfae95eaeeccc381031963a592e70874d537
    tx_idx=322   0x03848516bf4d498d1059906a3fd71717bf8bb469886202d079815bcb553beb08
    tx_idx=323   0xf37e87e4e2aa8dab95926fffab461393ca6486af0df46b5dc474d12586570c2c
    tx_idx=324   0x281cb867087a5d6ae5cab83d8b62a3d5fe4c5d57a741578becc5e14c9f9671c4
    tx_idx=325   0x89df24220508ea27704dced7f6e931e31ad9f544e199497b77b6c08d903f4656
    tx_idx=326   0x4baddbadd0402c6102f151c1ddee8bfbad0e9433ac9ac49a650b5199d3b79088
    tx_idx=327   0x5637c20111984fe97da3578d3e26daa9c126203ca1dfad622c6214377f333054
    tx_idx=328   0xcad4bcfb96444187bda94a0417cc8061f9173d97811e16d74818b8b5922f74e5
    tx_idx=329   0x12440d562ce89d0e121d59b0586232a6389a936cffa509b0f7f23c178bab1fb3
    tx_idx=330   0x476f2c0857bc055714670cc927869d515a157ee7336d3a7f4fcff91d749e1471
    tx_idx=331   0x4001100ba8d811edf8a2884b7730a03f4dbab2309e8f6c7de496e803056e6d0d
    tx_idx=332   0x4c9a55e0b04b789c83a8a075c79ae3504d4d2b44fbd1f52dce737e18ec50833d
    tx_idx=333   0x27697b0157d0d22ad644f3c52cb6e15de3457f09be03c0a56edd4369a3ff5af8
    tx_idx=334   0x7b93822ba09a22527feccadcb0e14d3fd5ff309f6ea1019af4bd42629fb3146e
    tx_idx=335   0xdf12c2d6b4002e6f813c38cf231008b6ea2a8e12035f1ebe21b4eb05463eaaeb
    tx_idx=336   0x1ada753fc830431abc296b3ce4384a4fdeaac1f078078f5a38566206029b7419
    tx_idx=337   0xe616194cdf70428856e5bf481daa8dee4e24e5fbd9f29e6ca07ae7c1471417ed
    tx_idx=338   0xeafd3745589034103766acc3ee1ce361bcde6e72573a53079cd9c5d2bd8dfa1b
    tx_idx=339   0x606bb256aa9f1e9fab60f8da8996cee50b409f6fff8501dea6e9ce6de0c57db8
    tx_idx=340   0x99ed60218efce85461fc46c76fd83f10fd2e5745ee7e2e471711f140a42453a3
    tx_idx=341   0x57320dd8ee4047100c2ef762406c55b114460dc849e9e78f405f15a409cc42d5
    tx_idx=342   0x504df581aa2fc833925828220ec3cbf758138e76d91d1c1bd7ade27636d3e167
    tx_idx=343   0x44f1c1d347ee5173b3dcbbf812076cb52e7ffdb58794b285595a47160088dac5
    tx_idx=344   0xd56e915792b92768dfe3dfef2fb2790db84029300123c0bb5adf2e52cbcef8d9
    tx_idx=345   0xccbc11c713382253797113784afec5d2f017ba1e4a32a0f3e29b98aaf4ca08d5
    tx_idx=346   0xe57482390384df8492d4e0a4bf168fae779e4a2a067018e94251d316ce0184d6
    tx_idx=347   0xe419065299eaf2c2b362a3d4e0b612855b022f7f1c7eba94ed914f6c1e506135
    tx_idx=348   0x50e891681315786e7505739307e32e92d4bf88f8788e032988aba994cf28af64
    tx_idx=349   0xbc984271c33ead01a6038e5c433189fc1f6567efa16b3ee24448d834f4a6487e
    tx_idx=350   0xb7b2d933c4fc20e6e49df4196288eb3742c72ed61c5b14ef2f687978ce37656a
    tx_idx=351   0x131fbe10646ff0e96571ee45743dc0cefaa4e11854886f43d4459d9431449f61
    tx_idx=352   0xe2b5279e1fd5368ca2018dc04c6304deef9dcbaa04d3e1cd2d0a01510a18ab9b
    tx_idx=353   0x98e4828ba2b9339c01dca8ee7eba6ee099f915c3874b34e574ea6e271970c711
    tx_idx=354   0x503e9e6ef23905096eb673240cd403938d28da04421dad7287ee7fd3100b3d9f
    tx_idx=355   0x17c9113300dedd3f6aebc6727ea503ede89013c5c89b7151d3d7fd76f105d987
    tx_idx=356   0xd0ab88fa23b8885891eb634e1478a325ff69e97aa9939a90ca1bb6ef2ad8856a
    tx_idx=357   0xe8fa98f7e224774f693ba28fb06f0d2a6497aefa0a12b53a03f1af02344e7aae
BLOCK 25443896  status=ORPHANED_SUPERSET  canonical=170  stored=186  bc_tx_count=170  orphan_only=16  lost=0
  canonical_hash=0x8d2460b4fc844a74a6240034169cc67fab30510affd5f25b701ec6ce22629962
  ORPHAN_ONLY_HASHES (16):
    tx_idx=171   0xc610256eabf3bdc586c730b6b1e52f5d77c1e09f0f7c3c8a5cdf5f60b60b470c
    tx_idx=173   0x2a06f27f7e3a6f74e16c8ab0f272efc6df7601ca41628133c1996df9e9b89719
    tx_idx=179   0x16ad0d5cef4f4dedb3a9cf6c0d6fac53b2e3a15559dd7f9fd9b55142ce5098c1
    tx_idx=181   0x2c735a74ca68c6b149be4afb06ef8f90df0e0b41e6f39b79bbf8ec2d7ae02323
    tx_idx=183   0x4a382235a341dd3cea4856281e0a6655cb2eddfd3fbcba811807457c9a235659
    tx_idx=184   0xff4b7df3d3d0091a09ce1b89a6bf2f8a39dc15a40a9b4eca0605b27c528f8dad
    tx_idx=185   0xd877087f81ead5afdccb837d616672918375bf16ccedcf79eb36bdf422405c44
    tx_idx=186   0x5b8515824eeab833f365297d72702710fe67361d5e7f034caab4287e0cdb2283
    tx_idx=187   0x7f5c110606c17ac2d300f5590f3f598db3e98edecef68ebec238efe79741c15d
    tx_idx=188   0x9a07542860b8cbf5128076af53a2896ddbd172a92f77676b6e0e95053ad3b35f
    tx_idx=192   0x9450aebf9c1e5813cf9289f4a5706f3644e76c3887f1a9a26b8ad0cdf2dc0c91
    tx_idx=200   0x3e8baf12b0625df48d02576850ec8d376d4e8cd76562c493aa75638b969e55cf
    tx_idx=203   0x6b5e4758bbfbaac0f261b16804901dd8dbcc7415fdffd8f78536383a100c7bf8
    tx_idx=208   0x378016a0efc9abbc3a4b23a5667558143f584fc3c1c23a82a467db53c8fcb235
    tx_idx=211   0x8d2ef3755f7b5c83fddfe3cbb828371535139d9e2f9f669c1018f959dcf4f939
    tx_idx=213   0x4c52d1f724c75febf8da7fc878c13799c22b60ef62dad140574462dedec2e277
BLOCK 25453411  status=ORPHANED_SUPERSET  canonical=169  stored=185  bc_tx_count=169  orphan_only=16  lost=0
  canonical_hash=0xe237bb2efe4ad13cd46e19b60b49b9f023155dbb98dc99eaae200c5758ff801a
  ORPHAN_ONLY_HASHES (16):
    tx_idx=169   0x9343c327e61246582893213e4254f99af3161f3f0f0fddd439f87bb1448643a0
    tx_idx=170   0x8c036e93cd2add469b80a443e66b9fbe2d51fd9c12e8da948f6049c10caeebb6
    tx_idx=171   0x2b9439c6dfb9e2fd4371c99217be7576e6eeae8fa4880adea6450be4221a7a8a
    tx_idx=172   0x6c6d67e89950d737760858595c6deb716ed7230b6d64f439574f0534778cbc49
    tx_idx=173   0xf4cf95eb9147637cfc0dbcf8050c4a4b3e336327f217fe31731d864cdb7a9149
    tx_idx=174   0x3d2eb4917468b780dc07761c1c055f91e0582200b9d8f6179b3cd2dc50d58790
    tx_idx=175   0x44f5835e92f276fba5cc2a99402bc2f4ed96d01fb91fa93848909adea7685f09
    tx_idx=176   0x59ba32e47fef74c850ddfe4465720555c79d8bace65645b8b641824a57a6e381
    tx_idx=178   0x587e666d7d684824c8345dedd8cd89031a5e87c925abcb906f254d4221ec2cad
    tx_idx=179   0xca4fbaac1b5fae5c29ca3543a730b6643230cb12ea58a3bfa89f70445a7a04f4
    tx_idx=180   0x28a384fb5c20011ef756d9cf3eac499560f2638d77137eeff4569f32755a56af
    tx_idx=181   0x194cc400488143ac6edb8d587085c9958d94acf2ae0864ac21139bf96a5278a6
    tx_idx=182   0x1b90cceb1d5d9a2dfab9bbd220c0485e86ad687c349d6037d38b4f7d9fa839bc
    tx_idx=183   0xec8406958bf28ebd4de7f2176fb794862bffee12da62945d505fe41fb465101b
    tx_idx=184   0x505274d4533088196fad2ffa0607989d556aad67f4bf786893f8f100270b25a7
    tx_idx=185   0x514a663e33ab603427c70a91cfb425e20d5f37e7bc03731b53020e0403d34a27
BLOCK 25455458  status=ORPHANED_SUPERSET  canonical=41  stored=164  bc_tx_count=41  orphan_only=123  lost=0
  canonical_hash=0x49f95d8bcca2c957d569df3e82f3588f8de68357a8d1a722409edd34e1f6e0ef
  ORPHAN_ONLY_HASHES (123):
    tx_idx=41    0x52d3e59a9eee30f42f9456ebb2b160e2c09576e2b242bb4e939bc537c5ed2de7
    tx_idx=42    0x8f703f1c8c0c745039db059b1a8340f94b02081ca30bac793ed3eeafc023fe88
    tx_idx=43    0xe359b458f53002e9c28278043ca752a361a8d14bc82b5325fce96141effed664
    tx_idx=44    0x495298aa18aaa50bede880ae555cfb309a11ea141368f1e1a2af8c6e227c9c96
    tx_idx=45    0x7ac64b54feb449faae65d1b837d65c6622c25213c79612755dc5012e7cd533bf
    tx_idx=46    0xae18df3f85309b779a5797d4628425fd21bb994bfdb68368f6c7a4896bff8535
    tx_idx=47    0xe6712d91c9e459b5cc3818781c3fc58c8a091441d45f340df828e0d9072d9d85
    tx_idx=48    0x60f29ec9f26f2d29d83bc4a2d73bb87bbd4aa988871ef87d175c7460de84b2a8
    tx_idx=49    0x8a20290a8f36cbc94065d9eeeeb1d767e40e75d5093f8c67f44108ceaa654309
    tx_idx=50    0xae17b723f7d21bae39d83ef316a81d807adc9cbe0268bcc2b8b1a46c48fded82
    tx_idx=51    0xdff98812e28678c7a62756af2286811fcd6ef2f15939f641d162f4d3303fc101
    tx_idx=52    0x7abd79a9df7ee4c22a2e6b5c13b04d509a9b3d273968ca093cf3dd65b2a86d1a
    tx_idx=53    0xb9372021edd8712875fc0ec434e4c2590d75935b9046b9db7900b90447be1e73
    tx_idx=54    0x19b227af09d7f731c358387cd2b490cf545848afb38e73feeb45387dd6e4f031
    tx_idx=55    0x091e7244bbdcca0b309f67a60ab30805e956520ec09a1230f1424288859e3d50
    tx_idx=56    0x58cd98c3c753be3dc2069cd13a6b97e345dbf9882fb8e60ad022292ecf1eb904
    tx_idx=57    0xbfcaa6eeecbb0a9a9e146b071a841e8b755f228446057f01761d8ccd321f2fa4
    tx_idx=58    0xbf9f226a29acea1860109fd1f073147f1453d71bd9b4e6762f4d32e144293f5f
    tx_idx=59    0xe7d7caca1dca509a831a0ab54ecf5890aecd86d6923f30c0ecf69c31030dbadb
    tx_idx=60    0xccc0e55689369b828868317aeda3fb9516018a996591cf5a62649bd73d61982d
    tx_idx=61    0xf389fc7673edb5051be2c880927548dba79e84a0b18442ce89182179f1791852
    tx_idx=62    0x1b0a7cda8bd7e2275e94f4aa3e63f11be4af70a56f970bc5bfa85d743802f8ff
    tx_idx=63    0xf32066da361c31fce3e96981d878bc805a900227a1b4df484242273a5da47241
    tx_idx=64    0x56f894538128fd50ef7befeb88abb7b229405a3e7d4a5d0af31c3ae4322eac6c
    tx_idx=65    0x6ae7a6ac8fb1cff6ab500b79d5af5b58abe56804825dffdd666a6875e7c8c92b
    tx_idx=66    0x0357eee8ef0ec0543f64ab9a49d7599434f6d56d56a63c3cda9deb67bd3e252f
    tx_idx=67    0xf4a5fb59d809709ab82dd6899eaf98bbf944dd14db0e85995754ababc0c429b9
    tx_idx=68    0x66ece5c51116bc3619a11681c29d5b98264193c262d3d3f1ffe052fb8c82bb85
    tx_idx=69    0x3796424023f82305225ec381aecc25851e02d10962a589542e40ec934650aec1
    tx_idx=70    0xcfb7e788091e407687d5f7f9d18929e6d77f8ea15b51f531a971c754e55de841
    tx_idx=71    0xb4d80d24bd1d806aad0990d47827b533edbe15241be64ab497cf604184479187
    tx_idx=72    0x7613737653bb4e48f62e40c0e42697689eb84516f3dd3abcd3b15d232e8513e4
    tx_idx=73    0xe1e3274b9be4a3eba5b60557464e02dac7eae40a3033848f4fe77eca24ebfbde
    tx_idx=74    0x4899d8d20d9c7bc30dde158ab35d6f3374361a139afd992d6404a4db87aaa09c
    tx_idx=75    0xd875c3ffee086adc1f48f6488d8dde19efff71a6cf3a6c016ac7a52c2af4cb50
    tx_idx=76    0x519b15198eb50ab8e950e98ddff1cc1cfb64c2dbdd7310ce4c822ed57923ba62
    tx_idx=77    0xbf4381831aee77bae008ab6a971025d8db7de3a6b55d84efe6ab15a1e3c06d76
    tx_idx=78    0xb4e6dedb55bf46a496bbfb092e0968aa0060c80b506971c33ca736bc858445f3
    tx_idx=79    0x2052af09c39555a1d3cd540b8b24fc51521a8c38e8315ca18f5026606f6d7fb2
    tx_idx=80    0x461318ce8e9ad154ceede50f012bed6d8e3d1c4e515a95fa61ef844c4fc7986a
    tx_idx=81    0x9bb7594167016c7d2d34f5917d7f7d4479d699ce58783f790b6dd89b21c4c995
    tx_idx=82    0x41e2a1740717e24a6465409ca6e179e9763555e4c26dfe15c5bd633838c1b12e
    tx_idx=83    0x40bfa17d6556fb725fa47ca9ad742703313dd560dc1a7f65ecce125da23786a4
    tx_idx=84    0x2d3715c995f9c2f89fefb5dc1446d2920e1f7f2013ef68c5604b7d2b9b0ab8e3
    tx_idx=85    0x8dadc0205e230b496428d617f2ac1318ada76f5ae36e0fa421f52203fa0f4f66
    tx_idx=86    0x3d9bb96b7c27fb0978009aa655d4eb179bc83bfbba4cc988ab237c0231d30482
    tx_idx=88    0xdefb651df8d76e2be9c87774ffb31fb9b5a0137e5697a4ce7f922e5380e01a9a
    tx_idx=89    0x9341e3ec3d6aff8baa99e419574bc397ab691a12489f41893f1c190a920e10b7
    tx_idx=90    0x61f704c5d19ee78cdce6014e11c59611e02c036afba1262e477f9bcd46b746c8
    tx_idx=91    0x05f7b46e2029588e227153db171cd94c1203368ca85424697161bc07e0c7d7a6
    tx_idx=92    0x1b07d77bef03c25f0714cd51222d6d4b877eaa4dd98b831b1daacad8e4a6140e
    tx_idx=93    0xf5a20b0f9dac3f9d93c47b2f207f85235fedb669e9dcab99d1a714db28b045ac
    tx_idx=94    0x36fdfbf4ee93d6873c332d756dc0ecd0ee7c31f893e64a74569cbca85b7c8b6e
    tx_idx=95    0x608909a785309b1cef5be27eae3c20401e34ecbb8c412d87fea7d4ee1354632d
    tx_idx=96    0xfdd339228cb48e57018648f5c465fa352ecd5cc8ae15681796255cf6cbb9b04e
    tx_idx=97    0xfdeda2621f396df42d416f709583aff4affe55d5e19158dd613f05d932ab389a
    tx_idx=98    0x768d46947344ef1ed42e171f0c7398a8ce0f5dc4866441b8dfcd7d5426a7e1a9
    tx_idx=99    0x4eb799c1e7d5d6284a5e984f4160f4d3454589641eded96e1ff7a84c1a68a809
    tx_idx=100   0x0c02fc0107c89a92a28a6984bc5b36455d5bde7e53affffa8ec278c9b5d556a1
    tx_idx=101   0x4e0bd0c67af2b08f3bbba283e63623386e5af3f6956659ac5a25ad3bad87b093
    tx_idx=102   0x9d6c2c5e8cfa3287aae2071b2e0988103c7fafe5c0868f4f8938475133909c1a
    tx_idx=103   0x25a44ef26de99cdd04e2cbbf5a7486549d82a53259528a52b2ace15142ee91fe
    tx_idx=104   0xc3511ced9e05d7808e2dca1d2112cf70060a68ffc20eff37ccad84656ac3bfbf
    tx_idx=105   0x4e36a36cfef54d4e6a2f740f2ab6f8c902c3045e527416b622aa2c7b7257e85a
    tx_idx=106   0x560a8034b71970ca605c41a7a5b4a92e9b1f8a1d409bceeca3d894eadd79bf12
    tx_idx=107   0xca5c27b1a74dbd18c0e0170ba10bb998645fd18250255b760657b3aea8d9e8a0
    tx_idx=108   0xf9194d7ab6f0c84bf8a5311a24dd9d22c4e30122c2a3ea8d04e196b5b1245b23
    tx_idx=109   0xcc8108f4264b50effccfc9b10c178c6ea725a74d079e1e5e1eaf548ff8cee9ed
    tx_idx=110   0x1f50fc20157896ad63b41886dff25903bc142926a149748247935b643314f716
    tx_idx=111   0xbc2d38a320c90885609653ec5eedc49f392600345924f7a22cbbb8b2899cecef
    tx_idx=112   0x531ea770022b6336aba3f0e201e5d03a6928bd64387ff66bc72e0de27e4a7362
    tx_idx=113   0x6bd969cae07a507b25c93f2446a0911d5c32a4cb9d36802c21d5df792a049aed
    tx_idx=114   0x16b295cd2fadd971cc055ebba4ba9d51488f48841e4b381980d00748e9b311aa
    tx_idx=115   0x033f1021b01b042940e4b6a42f87fe6b102b6bc1c3e932a2f7c70b7becd5e6da
    tx_idx=116   0xa6e5840c570b6ab73ededdbf8644b73bbda07d4f365448d38c9ebef95685363e
    tx_idx=117   0x721d1e0a15518fc72a3f1a458af71b9f303a2ad19ed25ba751e4f7db8d5ce8d0
    tx_idx=118   0x1e2f4cc7b3fe67763d702341b8657bc09d39c9a681a83c313d72a63e9f38ef70
    tx_idx=119   0x816e73c6e267b9d7810a863e744cacda4234ef294a3fc858e58cfefd36c40651
    tx_idx=120   0xca6299dd13aec1e7e64df4ee76fef01c496afee98026ec3c6263087052cd7987
    tx_idx=121   0x635412c4e8d8fb6822b7407fb7d040526c94d7cd5afcf578accd2e49007086f3
    tx_idx=122   0x8c148d2d9e4280470ec0cc169ac69c7097ccb823771d5cce1b31ab964669ea31
    tx_idx=123   0xa4b10177df6b845fccae8c9fcbd7158fd20ab1a617be9881f89b24cb5e2e85fb
    tx_idx=124   0x7e86afe0ab1e8d8d5ad702ce24e00421585d2402c137a407cca77d62d596c798
    tx_idx=125   0x5929433bf2465928988596d20bdb5a30f3ee46b639a83c3c77bb984838e770a8
    tx_idx=126   0xdcce989496b27730bd9f9c38aca7d57dac1ff2cd6c8b247c4e0ad2bc8a1514f1
    tx_idx=127   0xe6a89cd48439ed7a079ac6be96fac5e4b62197f7d2a81536ffd47974d7a83780
    tx_idx=128   0x2767ca89f63f7d8319fd5cdcab3bebf21281d3f3b802a36a99f1a35cbb174c93
    tx_idx=129   0x967a281eefc428dccee41e3028a7f9661a20e581415351816c55f64f5e4bf870
    tx_idx=130   0x51d7bc98b01db2c1fed551ce26d631e225b4618408bdbb529041708de5beab1b
    tx_idx=131   0xa8b8542054cb4bfa49639a1b49890c5237a903bef0a235bc0b3a28365d4ed197
    tx_idx=132   0xcf37685af6846287b9a59c56c0590617a74bd46a20ae0e8e8bb22c945a1c3b74
    tx_idx=133   0x48bc08d12327d2c16bd115bdeb721bbdbecc382f247e1be8acf7ee5459ad1c66
    tx_idx=134   0x4aa1decdd7c1e8f9d32dda447ff752144eae665a91ff96a5df1d2e9d5f809f33
    tx_idx=135   0x6ba71ac86503fe982cc2bb4092a2cbc7c4cdd287fe6ea8ce6f84bc8fe945b320
    tx_idx=136   0x5ea9ea43d05df9cf9df4402eceea40498acd0f7ab09681e8584e3d102c5294ef
    tx_idx=137   0xa9aa2ec40bc8f29477d059c0ace21e81ba6236c6a66b5c55d2a25bf13bafd992
    tx_idx=138   0xad5993688a5331a78fe9243ec2e088008d56b1d06bcac387366088fb24defb22
    tx_idx=139   0xc0d3482fec98ba951d2cbafdd3b62a11ce483136edadf337152ec8695e8d4a3b
    tx_idx=140   0xa10ff3ecba31fddfbba08516d447c76e22805246e09e53df02103db808e6bc07
    tx_idx=141   0xb99dda6f45cb9864f0c3abca105e1f89226d7e9f6105a2f9d258e8dc112d0588
    tx_idx=142   0x4b746092510157e8287d2efbe11dd677d9ed9f54746cb3725a69ed96e6b709e2
    tx_idx=143   0xb37439bb8f4a070d3725882bba154bf3974188fb36b23f9f2d98a186ce718903
    tx_idx=144   0x73706460e621284944a9e52194a6da7eece2db012544b5e40274c744cda8501e
    tx_idx=145   0xcbaae5b57880cef9788cdd3d2fca9fd54115be719a0aaa2d8822a1b3f289952b
    tx_idx=146   0x8140ab31089784f4798305b6f436b3107970d7be589c04cb4fa30e86e7c00fa5
    tx_idx=147   0xd9ca170b72d60d7ba6b7c3d6e1fe09ec433ca93b3255f172f0b3a3cda83cf787
    tx_idx=148   0x3facfb17e54fd5135609e747a8962ef044911a731c765427b5515c9148dd8daf
    tx_idx=149   0x131544884d9d140a818c5d9096fad8a38f9b58dfa9cf70524e47648d369a5154
    tx_idx=150   0x12665dddf6524d3e535b85d7c2f1c2c072cf2ac4c22d057d38651394abe86ad1
    tx_idx=151   0x2431eb11cc3839105146a4e64fa4eb4483a806208df27c47451b94a47e18bee2
    tx_idx=152   0xf6f9054366f3dc0cb9873d9a218237fae32666c3f170019a712eb3976da54fba
    tx_idx=153   0x71dc83e21e1791892d2b40bdc7ed573d83754216785f3a0398aab559ddcd05ba
    tx_idx=154   0xb923ebd4479772738c517e2107f04b7dd8b1edd7221b38d4f829e36e3cb590ce
    tx_idx=155   0x19b3b8a57c165b494b6fb49bbad265e0d9a31d369cfffe348ec7b2cf970f52b8
    tx_idx=156   0x8609da8dd80bd1b69d171faaf2d1dbf97d50a6af4f901c1032005f827a2a4017
    tx_idx=157   0xdbb60afa7e07bd6bfc812b94a3f807ee414676fffc824f61a23740eabe2a9dda
    tx_idx=158   0x0b00a40dae9748962344f3f3ee46acbce91913733cbcfb19996ef1731e71afd4
    tx_idx=159   0xf4c65f4156089b0318ceeb4257e6c28ee8b77e6db8fb4e35c5eaed38458c560b
    tx_idx=160   0xc43066c9740d6311a151bb00c22298f351b19aac403a970be126043377695f87
    tx_idx=161   0xee91d9dfb5ffebaec8f61c42aa49e64aebe629151b4c2fe57ae5fd6ead59af77
    tx_idx=162   0xd43e8f3e2a0338cf35fb8678784b47648674397b83075e70eb59ddeec2da437f
    tx_idx=163   0xf8d84b90c5025f4e75fd0c3ec3e2165e0a745ae0270f2383e8cb5401dcf97506
    tx_idx=164   0x7d4352ce1246fa7fee079b1c19d65639e9bcbaeee2fd5ebfafb09f096869ec39
BLOCK 25457675  status=ORPHANED_SUPERSET  canonical=187  stored=210  bc_tx_count=187  orphan_only=23  lost=0
  canonical_hash=0x3d9c37292f268240d898e23c0695614af676ac5a84b848ba7877300f32cea33d
  ORPHAN_ONLY_HASHES (23):
    tx_idx=189   0x91e4e128d254b824be26536f360245a3208db9d4fca6d494007f61dc608bb45f
    tx_idx=193   0xbe1bf0f1bd7e55589647855ff838464ebbef4a8b9a6c84a5540d413b557b0a2e
    tx_idx=194   0xb5a2be3193ac6f1c9f9decf5d19f1e09343459f462db01ce59748418218c382b
    tx_idx=195   0x33f8821ff303724c9382d117dde487ac511d4d756499678414b6d1ba9fa71e24
    tx_idx=196   0xf6b2f96b939914537687e0c6bb2d42cf79ce2a237b4b33ce44dafb33f2874cb0
    tx_idx=199   0xa13cfc9316fb4d1ff676044f9bfc1e2973e03dca81da226d0ee89938a1be841e
    tx_idx=202   0x7f4979cdeac9c4d8e3980c62be9abdfbbe0de5931fa9b99c85e35c75ed42ed09
    tx_idx=203   0x81a072068a89c06ef04f190ed7e6e81f5b2846bebfa7aee385a309d146b8d05c
    tx_idx=204   0x846903dd8688057ae6e2fd233e318e2245fdfaa8350f927309720e508a3ad6a9
    tx_idx=205   0xbb8f08700e7e5561903f2cf16f1abb8162b9ae3b02ff1aa82ff503e0956504cf
    tx_idx=206   0xa363e0c08a43276d95b0f58b300985f125aea5ad36471417e44de5eea1619507
    tx_idx=207   0x0bdc740595a00fedc9cc61d7d23e351046c824eef9c6b9f6d1a079065fc8791e
    tx_idx=208   0x78ad1ddb4e942d3fe447631e176e2f6bebfe35a44e14b097fb9875f8a3210ca4
    tx_idx=214   0x48cff3e68d5439bcd4f898745925e661823c2207f3cc21e1368681fce4749954
    tx_idx=215   0xd24bf9c0e2113e4372c3e80f46865c18951844ae2c0a7c56229df6f7a39f38b3
    tx_idx=216   0xdbd104391cfc6621c30d92fa5f68cc2c726604f61227ad838709d8694a018ffc
    tx_idx=219   0xbf55a66ea8bc7d110025e00945ff8d8893ecf01ee9328f240d62a74223cda5b0
    tx_idx=220   0x8b9c66205eeb92799a18f232da162cf8963118680d7128307accb2655a320d57
    tx_idx=221   0x7311b636a3474cee285f182f5c92fc6999b1d3ad82e7381026b57a371872f8de
    tx_idx=222   0x2391d1a2e5dea17b42cf3e0991a5990c2a643f2a997601f7c66bb1b2d8fb9418
    tx_idx=225   0x64218ee0f6dc8a780a194762a148dc68ee8b7a20b52b2a383387176c45117f23
    tx_idx=226   0xe43420f70e5e73710e62c395ab8bc8c58d04ebc78eb6df07bef058b72b4c4678
    tx_idx=227   0x9949007550275cb89bfc7996dcf2b36c91674699e511e21132f9a822ecf2f0c7
BLOCK 25459357  status=ORPHANED_SUPERSET  canonical=179  stored=549  bc_tx_count=179  orphan_only=370  lost=0
  canonical_hash=0xbcf9edfde30adfeb7635b5fdac7496835ed86a996f95a07767dc16ae2f5983b3
  ORPHAN_ONLY_HASHES (370):
    tx_idx=179   0x31969e24cf8c1eb148863d864b32e206264357975312224c6c2ee464362b3f13
    tx_idx=180   0xe95e17e583ed6d8439fddcd4aa42e705bd882d2dec1c040f04a8e43fe4b9efb2
    tx_idx=181   0xbe410b7f86b03409577dd96831c381ae8a903eed2589c930609e7bb7d5e83d0b
    tx_idx=183   0xa0642134942fd5010c5b0b607fd685d1c41e3c3334ebf11eedf38e138c709a5c
    tx_idx=184   0xc3d2e79570e41dc6503a88d13e13e4af191c53ca7963d67f37dfe784f163220f
    tx_idx=185   0x23c0e78c6d7c99c0e347bdfe0aca31b55403d2fd457f9f05003d44eda3e06de0
    tx_idx=186   0x3f4967c1f11e059baf9b7460a7f954bc6d12282a643ce9603b18db8f6be1c7bb
    tx_idx=187   0xf6a170f461c37913adc35d0f0bc8272a54c463ed39fc23f93fdd3879e43c72b8
    tx_idx=188   0x64d1ed2a412a1239f80c6ef035b1f4504d90e2d20ce7d49fcfbecd88889a5da3
    tx_idx=189   0x249ed94ec56fede9078f1d20f98b625430fef4cb4d4f38b2617ffe382ce20ee3
    tx_idx=190   0x7d85864d925f984c5eb2ef111107d75ebe99038ee4147cc28aec142e72172fef
    tx_idx=191   0x614c61339923c3b25da0a0e63dc9bb77c370ad8b082f09e1dccf8632ffc99d07
    tx_idx=192   0xdaaf8038a3f97bdbd2a449d83d8e03d526bd7162a63f8c15cc0a54a1e5952149
    tx_idx=193   0xc2b41910a491ef3ebbc23622ab784133bc1a745fe3a62efcb89fa62d3598d4f0
    tx_idx=194   0x40334dbc8e00d59ef2c50e95f0b6738262211aa0d83ab3a1d7bca020f7a4eecd
    tx_idx=195   0xedd191b83d29d194130e51d2c2aa76cbebd8d300b8c4f8fbb504dd7b91526e26
    tx_idx=196   0x466096254e3139831c19fbb78a7219e954eae2587d9f09f1167d9a45ae21f443
    tx_idx=197   0x04101e06f9c2f86d643ebab146a3debd1f5bb26cfb607f4f5cae4d0f086afbbd
    tx_idx=198   0x64ca576e1fcf63cd767d3af15cba0d33d574296c108908849e9e27a7731ba2ec
    tx_idx=199   0x0491a7497a5580c2d4b839cf0840219229b9cf5428847df839d39d36f8658480
    tx_idx=200   0x01783740c8f724f44f284a15c73ed9aedf0ef7c560304ade22333149d82d07dc
    tx_idx=201   0xc72dbff921c47f55ecaaaf380056f4217a90a327a816b5210fd33471671e4302
    tx_idx=202   0x01e9efb05174566bb30e4638a9ce2f7501746b41bbf55e9314c1bc1d4eb9ea42
    tx_idx=203   0x8ad668101ce6dd2776ec5234d85b7c23cfdbbe4bb7a7929aa3f0ff9982a08fe7
    tx_idx=204   0xbd1f21dac207e4a21bb36774868dd3814b71be4e28e00e112bce42648234cd0d
    tx_idx=205   0x0ceb57732fe7e0dd9cdf7fa8e3186d7b4273f2f8f1056d85a96eecd8983110c1
    tx_idx=206   0x6fc6139437027825f3d14b5057001eaebde29439d31c33cf7d1018b6eaede799
    tx_idx=207   0x522de45176e8c7e28c4349d0232c9900f325239c274bbe9f271602a997cbbc87
    tx_idx=208   0xf5241f816e77a7350a9209ce60d8040d2f952b5379e2f4c17d1a5d550bec9d3a
    tx_idx=209   0x6b6ce3185405c6323f084fd5f91c94fcf121759e1f6d70dec8c862f212788f63
    tx_idx=210   0x2ee60215e18844af17ed445e9663722e5dee73b73889c188ba523f433a093c2b
    tx_idx=211   0x16f5929aa6c1ddd59a63755e110d7ff17c1b92d5b7a506d8d9a8d098961b9746
    tx_idx=212   0xb6834d544ba25f503cf5a2c9b4778d2acc2d90412ea889f74e12baf61cdbf162
    tx_idx=213   0xbe2418cb27ff0de8d551442332aaf243373946b9c7a1cd2c643f3d55c7848d19
    tx_idx=214   0xc18f2aa7fc85006db36cb9086fe86e29e8558b96c99cdacd6d5d523d4c743ae4
    tx_idx=215   0x5ac8d60a0e7fd6a9c684ff83e2e8b3fd505736007bbf0efed421d9d5469219a7
    tx_idx=216   0x824362596c855ae62c62c5be22860492c7bd019c37a7409f0e38f2004355a21d
    tx_idx=217   0x26c7db9b363840d5c10f374a3cb5007dc91e53fd7c325cac971a1450a19d3e86
    tx_idx=218   0x5b3fd5d08b1caa45bfa3ecb00a748c886eccfc526eb60d6ae76f76782a108137
    tx_idx=219   0x0ff60f9a8407dbf8333981ecd4e5b3dc62bfd4452f5521696a880c2fbcbcfb6e
    tx_idx=220   0xa65ce9f346faf1fcb2f49963878c4d666b57785e3ac344d4257d7c5a481a848d
    tx_idx=221   0xd53a340b367032f090cd0f18d2be39b33dab0792035692e2e739783f2742d300
    tx_idx=222   0xde4c3bfd81f04bd1049c0292fd93127a274fe7b0d47f5ced72dc402fb52d7119
    tx_idx=223   0x86f000ad32a6a74427dbec96d0bad83766a7ea05ae4e2d00e3e3f6f2414d4a24
    tx_idx=224   0x399a1e8a5791acb143fec0efbbaf22e754fa1280282f56d6e89968ef2bf77a9c
    tx_idx=225   0xcbbb1c6a10602f2aab9a9e3cfcb94236907e59c18519a164b6f757e4d6a09d1f
    tx_idx=226   0xe9f4ea67d063ab328d7341586c734448c0397f25a8859baee0ca1af91aaf01a6
    tx_idx=227   0x25b1118c8b89b0ca667336e0351d17aac965beefc44502366b0b50a2b60fdaed
    tx_idx=228   0x703fc37cabfffe41854a4a49361392907d65626c1644bd1ac053e2004d919574
    tx_idx=229   0xa0596b8af9d375fa3f9d90faec304e688d9882fd6fdbc530172d1ce97a08ec1d
    tx_idx=230   0x315ea5692747562c5a434d4e9391f1d89b26099053b4ff984b90570e218416cd
    tx_idx=231   0x5a15e62951d5c7701f85cf2a9567a3bf81908948885e9f0c3ef2d0d37ced3c2f
    tx_idx=232   0xc138f4059d36ecc23d85920a8e7344cff81daa5605a53f942e20028cf85d6946
    tx_idx=233   0x78cb325eb25836712c9ab1d139839d9407da95f66ef402e66016f8f967e1623b
    tx_idx=234   0x0fcc648bcce0eade0352d8b0eab6e7c88140034738f6c87088ddb41fc57302ef
    tx_idx=235   0xf2c9daff4a215cd4f96b42fa1444181e43aeda60263b3d060fe38ab4deb2653b
    tx_idx=236   0xd2d3b3b8760d007e7ad4b1079e060414c2ff771eab17b546931ee050596a072b
    tx_idx=237   0x26ada9c32d648582edd3f364727f4230828110ac3c8e10ddb273de73cd24a095
    tx_idx=238   0xb84eb11459ccdcb5606527896b4b80428a2714ec6d9ec0ea6004ae9b8bfb91dd
    tx_idx=239   0x03a7879d440cab24c6f761386f5baef2fd7ac299c205b4c3aeb27bb58018f8dd
    tx_idx=240   0x92b77d87cff6d0aa30ed9a964b73875ec781808fc1ab2e0b557d315e8dd71f5d
    tx_idx=241   0xb6184987ff7a07bfa891b5f054476582d9b8244a1d64cf1d5e8c5ead65621235
    tx_idx=242   0x21ae527a67f8451a4e251ef852c28194e317a430f36b653c226374a531204ce4
    tx_idx=243   0x4e8f520fba868e0c39702a6b07c24f8075babb6dd735b6a176a47a21733ce55b
    tx_idx=244   0xccf156fa9da315ea249f271d9fead20328577082bb7e561f8e7e52397395d39e
    tx_idx=245   0xea550ff48e176f7af691038283beb97ba538097dad30ced8a085ddef873dca07
    tx_idx=246   0x1dfaee7c792016a304fbf59b385837b7b1b039dea552b57e02b1a936d60eb324
    tx_idx=247   0x73242481a890426fe0045ad44daac9fc5e48ff841c0fc41eba8f3221ea5c03d3
    tx_idx=248   0x81b67b30497bbbde5b8117cea60a0bb07e67b7be441d5e5cf9c62a51477fcaaa
    tx_idx=249   0x3d61f23b3239ff351b97011e2234af588ef179d0d05673862fb11941f9db0305
    tx_idx=250   0x799223c1a711ac440e054af89d769f37f422238e3742ebe62b50cbdf4fd8051f
    tx_idx=251   0x0eccd1651e6669fd82c4c8599a17c935aab3c2f726dc71e3478453c071babd0c
    tx_idx=252   0x806aea3d0026afa67586c4218d8ddab966d4d448072286d5b157391d89f8171a
    tx_idx=253   0x3364b69233cb6b670f2744955aaff4c2583ad2c9bec95244bcbb9f962675b814
    tx_idx=254   0xa6ef4c92ba5725cd8159c1ed179e53b430497765fe2dbd7cb908b0971d997650
    tx_idx=255   0xa479bc175cb1aae3040c05b3953409161beefaa58f0d1dab35eb5cf040cecf45
    tx_idx=256   0xd9310b6e71b404709426c3d70ca283c43af08b2622e037f076279e5f899b0abb
    tx_idx=257   0xff8f17887b768b15a09d2a1e406e2a137b1240a2b91ae25d7a4ea22b9264beb2
    tx_idx=258   0x847281d372cef933e21f3dd6fdd9759c61b85b6b35930274429528b8715a6a2f
    tx_idx=259   0xeba688411565d7c42a28baf09e844a71cb2ef7dbdda233c28f20ccdee41029b1
    tx_idx=260   0xdbe85560d43ce761667ddffaac75ffa61fdfadb0d7a2a4b9f47687d0973bd8cd
    tx_idx=261   0x82204f23fc4e930abb143b3a017f9cfe7f04ea40ad939ff873dbca2c2e2d9697
    tx_idx=262   0x8f8f1f77122a5d8d884623780bf8b10c40ba7328a5631f61be5376f04e0188da
    tx_idx=263   0x6cbcfa68b353ece6fbb73d36eae3e4e4df9ca0e268ac9c277701e873654cfe9c
    tx_idx=264   0x4ab8122bc562f230de38076fad2145a73baa1bfd1dfd246bd271a3adbc941100
    tx_idx=265   0xb13e6f35229bd314d93dbc6d81e077c4bb619a13c3b01dcaddff74e680898789
    tx_idx=266   0x6cf9a206775d4866201849d2e39825eb415de5dde0306d2bf1a15c0f55dd98ca
    tx_idx=267   0xf477ec7d4277399ac9e20c1f49594d08b26339a0623126a632d2394eb2dd7c14
    tx_idx=268   0x55688f041cf884654700088682e07fbdc81fce648ae63acfbdc4c81e68cd5cf5
    tx_idx=269   0x2cf5fb23844618f10c5af5b5ff63f6e0ae1cd7e5598e2128293823db48c4274e
    tx_idx=270   0x19fb2e333f91f66187ba1a45a8bad49a33a8e077a0031d84c299ef306eaf7087
    tx_idx=271   0x8574db0c0ee4cd689de022d44b450f63f6d35d65195d1fbaff44b0a9d8f7ee8f
    tx_idx=272   0xa5f11da23455f9678a307427df115721acf9218c50be2517b7f63357f91e7020
    tx_idx=273   0xc26dc992dbeaa33b3a403785f3d0a14e8f866619fe69cfcf8b28737253d9ce42
    tx_idx=274   0x47214f29ff13194a21f497ea5baffca8b68e30e9d08d33a5bf7504014c2bf05e
    tx_idx=275   0xd7f194060827e8b98117a299def7f29155c0361573836a2df3dc2af5c368d459
    tx_idx=276   0xa027e2b3054ce2927698977bf85b61f62ff423b8d1a7fcdd9eec3a2d148c2e57
    tx_idx=277   0x8965070dd823e090b59a4a2f0aec9d474085ee16083b0d900e76713d1e4cf9ed
    tx_idx=278   0xc9643b5428b72e1e4c589c868305422a2b6d444cab6d5c9bb4fbe73c639a290f
    tx_idx=279   0x7e5361ccecbb3dfad4d8b9ca9a45679a734980f5c891c32662a2455aa8394891
    tx_idx=280   0x780d1617eff3be2664ba02678b2a49de2c159f082d3d85dfe1bfcc716e27c394
    tx_idx=281   0xbaf2e0fc7ff7c2f9c81d848977d5cbf41e7b8c95035614ac91ea0b095a0fb75e
    tx_idx=282   0xb9a7e7c0d058e00d496ac5ef27fe9657e2652827daeec9dfd088d79107e435c2
    tx_idx=283   0x4ee740467a1c9cc7031d80ce64c807259dc11d43777d74ffa59da7f705fdc199
    tx_idx=284   0x3ebac453e0a89cbc73af9fabb7929e6cfd5711b097174b7d4bc1391d78cf239d
    tx_idx=285   0x699446f5fd46180b2005bbfbefb93300271293fd49f60dd844b06141e0542e2a
    tx_idx=286   0x641548baa7d4b7325aea31802c642cd57048c062d0b75d42ad0e701d21ff275e
    tx_idx=287   0x089577d4aee5ca9e130fa2cae2de9d424cd4fff4a51466640f2a5f82124f3c64
    tx_idx=288   0xb40f3efe26fc4bd4e4677d9f5315172ee62c77ea25b3f456317aefa3108dcde6
    tx_idx=289   0xd2e819bed9fdc58c2e7c10aec8863fbd67696f15671705565d074827146c290f
    tx_idx=290   0xdb7e5fa64deaddd2bfd22f87e49c03e70b87505beca80739647658486c62e3ad
    tx_idx=291   0x1d0c202d40e6d38dd81c9bb40eba0440ee7f0a4df865bec3f6c4cec84e6fa45e
    tx_idx=292   0xe600b2e480a7416bacf148ba79b0dc5263b706b5d2abc245c83dae243501ab69
    tx_idx=293   0xb541823f560f394c4804ddc96842b15d1978797aff534a93ae344cfe8ae09e11
    tx_idx=294   0x47a4b14bd4455d6cf0551bd9cb2aba63f8a50b954a0e5ea6eb88aabe20a05afa
    tx_idx=295   0x1579a2526a00ca23cb8e7c7b21ad4a2833f082a8fbb1888c0224e352374e4694
    tx_idx=296   0x2dfb82a7edcdd02f689295dbafdc187bd42afc905509c7f9b909faaeb3a4fa45
    tx_idx=297   0x95a7955829be132b4a6153234639cf267aea5ffeeacbb7ed8d7da7b4bcfaa775
    tx_idx=298   0x8f93277e5696c91e057c6d3e9b7ad7b2107fbcbfec226b1e64981eb8abd5fcbd
    tx_idx=299   0x762715cb4439fe90b4917cb1432927765425d2d4d58f4b8523cc2789e225f1aa
    tx_idx=300   0xb43fc18cffab07319b4f99cce18f12fd993f0bc1e2bee1996709371168b69ea8
    tx_idx=301   0xbea2269d18327489181b8bf91b8e0bb1baa393e67b29e2c16659a068030718ea
    tx_idx=302   0x5f187eaa4bdf85d172c53b2d37e847400bde2c538669f1b73a5dc2712f2f13a6
    tx_idx=303   0x922c02e36acdc1b44a1b822b5f859b82ec3f780c30fbe839cd9aaf3c080b8c2a
    tx_idx=304   0x9556f8df8399068380a0108eb186a4a9af3baca3f6eb216c49756ac7746ab48d
    tx_idx=305   0xac9b7dcc50b2bf68d61bd80bdea96dca0f631be5a85511c62d14f044b09ae672
    tx_idx=306   0xf7abdb131c0618f0abc90a4e3d944781945815b0cc1cc3ec7ab2d48404834429
    tx_idx=307   0xe86fac5e225d98b7ee5871cbe30022bc98ecd2ee422d2a935780692182899d84
    tx_idx=308   0xf581f926771957e178339af90a821b10f79038b2f32312de378996e4ace95f13
    tx_idx=309   0xb9879d4b2a203aa4d273209eaad4ccd030f671c2e2c908029971d66aaa15a66a
    tx_idx=310   0x94064fa68d38af89c09f3dc214b54aea95cfd7070e6936d9fc566f07cfb0e9aa
    tx_idx=311   0xee861a7720e505781f88992c684725081461e6e534e489cc66955f5a14fb289b
    tx_idx=312   0xf64fba417c40d088777283953971b9cfef379cd25549d9c98f19ce938f5fc557
    tx_idx=313   0x9a2c7915ac8c58e5d1efeb4b58396c406b4195ed34f46bf5259cfad2caaee9f2
    tx_idx=314   0xf454b58dbb078a85f5a26bf38b45f6bca45c2f1b7ec2dadc41e6d78da89a22bc
    tx_idx=315   0x500d031ca1eb3f5adb9288eef29f5141fe0f394e81049032de1e969a789be5af
    tx_idx=316   0xeb323e36a4911848b06e41060abc6e20f723596bb40ead4e7ba72683a85447de
    tx_idx=317   0x7f0c3f23a9680ac46c310f05272e9ed8b7a3fb4c9675e889d7d31ee405755efb
    tx_idx=318   0xb2af56f825eb9f900fdede32d5a04fccba4495f29c07a6b1383917761dd7b2cc
    tx_idx=319   0xcc62635f2005b6129a61a82c31dbd0bd9b913471c7e2a1a9319e2a5dfe12b3eb
    tx_idx=320   0xd29b03b679c1a507439792cbe05859084b7583324de4b56459941f3debc44ab6
    tx_idx=321   0x61e5f97632a3baf967e399223cb05f0f02415dcbfaec22c3ae756cf19d3b3ac2
    tx_idx=322   0xeddaeda0e789e222f8d04dae77a4c0088423683a7265931b1c873513f1d415c1
    tx_idx=323   0x3abbf23d406b067b1f61fdd2b2647b50085d2826159b2f5b91a23971822cb1dd
    tx_idx=324   0x0f2717ba3e61a35cd20dc428cc14bf64898444a83cbadd9ad5ec5cddbf53745f
    tx_idx=325   0x67190db98a48c3746b53bf204de77887d27c785796db09d9561091497d5c7fa4
    tx_idx=326   0xc4da9d8070a660e20323b12fecf8307d135d2ec4eab0e8d5db005d3e79f2a4b4
    tx_idx=327   0x25a2c750a8738cd68eb25b6f0ca90b1b04a2257f0515c56198b5b3f399862bb7
    tx_idx=328   0x67dbe865cfb9cc394fabbbc06ccb4588c6c22bab5d0f55f5ce30a684a4a3d35e
    tx_idx=329   0x43cef883c6568743c2cef3edc3b32e853a395266c95594af86be86f649816bf1
    tx_idx=330   0x4e30cd6794429c9e074573ac6b6512c82648ca1eaab0b4344c76884c3b77172a
    tx_idx=331   0x7ab058b1c1f5ac85edfea6e7b11d9755311bae9854b2f4d5f3197f8528c3fbf9
    tx_idx=332   0x70f3d49ebe9aac0af6d6505a3b0aa053149dfead52c3074a134c84606613f776
    tx_idx=333   0x5b19811a496726099decfde625013d009db9656288b78217201c744889bce3f2
    tx_idx=334   0x63732c2864531a2dac16eaec6193bd04d1871cbc074aec757a6a71175723ffa8
    tx_idx=335   0xedcf3fda55dcf1a7b43b4a4d63647566f0308855ffb1289954ef5e9d70eb5a79
    tx_idx=336   0x8c4d0e41c8ff7c5d8d605bc0435eb8a33ac5ee4235d0a03687f05733c5d174c2
    tx_idx=337   0x30518025401ed5d8c12cbad76092cd9207f8e23b00e4688b28e2bd2544ef281a
    tx_idx=338   0x65649a6ea93b21a14180d0d2c60c280f451766911f1be8b1c09bce4179ac7704
    tx_idx=339   0x53e36e62440ad5903f0ea17aeb9e8e452b4654dddc38a759f4bd75a1a4217813
    tx_idx=340   0x98797a53da04b3ef2aef4456bb2a00a5efb06e40a894202bfe01238c236855fa
    tx_idx=341   0xb6a9d08c7f9337d65787305764179b7df3eca9c11371f148afe7f50d8c0eedbd
    tx_idx=342   0x758478bdbd8ef3ceb44a35d24a941f5f103c03b72f236b8dc9c23be70eef0fe4
    tx_idx=343   0xcb9f3d439a35d4e59134d9c2ddbed5a9508a567551377ee4ac8fe08b8f3617be
    tx_idx=344   0x58363a258b7a6f4e06e078c8000a7642e459f3ecf2d498222009075c82666c31
    tx_idx=345   0x947c3d7bb4d3e4c0de9caff71ff8ba833cba70d4109f46f2ae6c586a96ce25e9
    tx_idx=346   0x8d24168e157e3f7072da394a582c7ba0d4f709b6b66db33f7e690d858269d01b
    tx_idx=347   0x78affe20480194bfd07ae24fe349f17ba6ae4a65f59843207aa52b0f64a9ccbd
    tx_idx=348   0xea7b3ea2c38a9c73d86fe73673a742912df3ed74597d8afe322b48c328e2373a
    tx_idx=349   0x4444346624e6d0b083755105ea3ece02b354310011bdfd43f9736639941bf490
    tx_idx=350   0x1680fe9e5046ca663d451e2310fb13702932ec6a0ee0726a59a8dd1936f48e23
    tx_idx=351   0xdd9a766301ff3fd4389b74dbfe8636c1e75e7ae6c816e7f88bc40216d2dde714
    tx_idx=352   0x805ab23ad1674561794516610257c072594ab0e04e7516a423216dbc102449b1
    tx_idx=353   0x4cfa0df71ae0c18f085a8b05145534059c90f3cfb19720e7e107d50150e671b3
    tx_idx=354   0xa7c83a3a14993221fe73c0d931257b0e43d3ad884156e9a79b7321a38a6ba7a6
    tx_idx=355   0xb9acb921e85dfbbee4f12f263599e42fef7cd42882aa94de5a5977c8b09c48df
    tx_idx=356   0x4de0387012ac2036da03b506309bae518c63bc7b5532f3b2f87bbc5557aeec7c
    tx_idx=357   0x6e446702f178b7b3d39752ed8ac106eae9e7d213b880d6cea117108bd9abd99f
    tx_idx=358   0xbb1fa7439b363f802ebd2b982586c07350a89ad25a4345a2f10cd15e4c947448
    tx_idx=359   0x58013363e5c8f444690269c230e6bb7c855ec89038f448a7d95068e94872aaee
    tx_idx=360   0x565d0750e0c00aba129bb6f75baed12606d7445eb146a06c9b02988f3047bd91
    tx_idx=361   0xd1c5e4d804e073f8e751da5bde095b9740fde074112c88154e5ab498b7b86cc8
    tx_idx=362   0x91b175db5295a3e1817ec1b8fe5b65a04c6cc96d323a4d8f334cd89c8fd09ea0
    tx_idx=363   0xa29c3a81c23fab11f519a5aea6622d94ad35a06f04f4e8c607c1dff557f495f7
    tx_idx=364   0x66ce0d48c4f59cb0e801d3f882ba5f0487e8abef91ef1c6d629ed1d5f71e4519
    tx_idx=365   0x79272e0a6de0124fc3927d28bb1bcd0ff154464b108c4064ccb61f0694619dd4
    tx_idx=366   0x8ad88fd3b281bab0962e77103f1e8399bc0e9dd9369353682bf52e09fad64b94
    tx_idx=367   0xd104b22ba745d015b0793cc0fe9c8ce2820282b41e4e9cae76ce0490ccd0e77a
    tx_idx=368   0x13353bde62c022c33e00882e3c8cd5e9235bb6d8d06aa8b0dd1daf2a3b0359a5
    tx_idx=369   0x769c0f1cb1761ef673c759b61da547ab9ccdca6c57fa81de5525bd36f26316e7
    tx_idx=370   0x2e3b58324c23840dbe4067820f44651ab46ab785cbb43a7f2efeec6be05aeafa
    tx_idx=371   0x77f4ec30d8730e642ea6aef5132a8e5a6a4c5453d082c5b88e26afbc434c677f
    tx_idx=372   0xba46e1e4b1110908130e968c8e811326dcf6bc6821aca3dead830945e792d93d
    tx_idx=373   0x9f66557ddcd721bba5a5eef680f5a81d3d163df46935c1a34374d51580056b67
    tx_idx=374   0x30791015fe33031fe7db1b23e83e15feb3e43f5a81c23dc0a39a50c76f1ed83e
    tx_idx=375   0x012fef406162d6aefdbc77f7751982522055ffcadc11cd996452506ff04ccd50
    tx_idx=376   0xf9b840d1c306498db8bbcfda157fce42995e513d38c771df5827ecc91d462dd6
    tx_idx=377   0x213a3c6831d24e470327b860aa773cd4db41f179d0cb98d96945fb8f917a302b
    tx_idx=378   0x7584be507207a25d6a96910b33bd71d135c3284e49bd988bf618bb68b5e84ab0
    tx_idx=379   0xcd7bddf8148fafd077dbe875b63feefaac3061360ed1b636d220cab0c6ded420
    tx_idx=380   0xddac6eb2bf34ba4224216587c04338ce8b1292f233099ba6c8e39083b6c6d7f2
    tx_idx=381   0xeb128abc1c7e818833bea7686edaaf561f4f6ef8b36eb1e5c68a2f24330b186b
    tx_idx=382   0x35fd7b754e0d63dbce0dc2a9b07cb8b8a7a51770db5936bb14ecdb73e50bb420
    tx_idx=383   0x6d17101129a006c9778f832b2dcba1842066aaa167dbec5ba8b6ee533310e5ed
    tx_idx=384   0xaed272866276914c34b8b95caeed6a8d3a3838c546c8cd2a427a4ce8b6cd6c35
    tx_idx=385   0x156fe1abe56baff25c5553e7432e988cf76af9cb259db409f5c98b5f75e8a182
    tx_idx=386   0xfbf3f24eb621f5df1da93559f9f18d680643d23e98617ca240410bef842df2bc
    tx_idx=387   0x367b7aec468606e5c8cc3558ea5f6acdd6f7712b96dae1d82159bf950e15f8a0
    tx_idx=388   0xeef9bcaac7374228dcc6a87b4e9d189cba1ed345572d56708ff7d25db2a23591
    tx_idx=389   0x0a136cce8eab48cb65c02b238a7f053f8f3b37ff00a51c34aec010014bfec973
    tx_idx=390   0x6e833aed533a0b3a819c2869d5fd44f24f9341687b2c423a6be840bccd680190
    tx_idx=391   0xef0a46af005ae0ecad5b13106dda3c44e3c62183766dce462aadfc6bfe512c15
    tx_idx=392   0xdc4e376e52a8b0733d1aca44d53a4f8c2ba889ed4e790c410d18829d2265cb5c
    tx_idx=393   0x7e2764a093da805d7f869dd06b0c5b4a5b30871ce209ca4cf6642c65e3e86ebb
    tx_idx=394   0xa70f73e18677dbfa013bb7595178d257cc51f93eaced7373c54ca803ec212756
    tx_idx=395   0x6d017e404ebd7d2bb82ffc7d328bb12c3a2e35a88b6adb684c9f8796f14cee51
    tx_idx=396   0x6736e63b0c4614fa013f87732807180e839b8f5bb338a65cd141ac39b39601ff
    tx_idx=397   0x8f9f8c98c30627f1068fecee988661d9237c81016c4d97a0eca262a6fa492380
    tx_idx=398   0xa42a5d55262b20fce31ed80c84ff5ef01b6509be54b8848fee6ee8916e6fa6dc
    tx_idx=399   0x87014f58afa39c5d0264ba36e8c4769c8c0b58b92f781447627898ae6dc452de
    tx_idx=400   0x3db47f134eb63fd19db85d49bbbf3cd2e18952785a17132f2c59e6f508e0a9cc
    tx_idx=401   0x1a8fc55bc61eb7158b6ed90d422cf228a0844501cdc9b4c9547a73e2fee29ccb
    tx_idx=402   0x17bbe5b973db010cbba51364778a46153cbcdad5bf48617a7df1e53f89da2d21
    tx_idx=403   0xb026f8bab53ef42a975eeb891cdaa8b929b773467eacd343148dc7edf02b6386
    tx_idx=404   0x60bcee26a9c731089aea3db4420cf6aeae307a1000ca9aab51259ecaf3aeab5f
    tx_idx=405   0x6397e2b5940ba92c158a4691b42251d9f286ad00ea6874736ee017baa2714ce5
    tx_idx=406   0x925d11d42ad1f04ce13dd9c8acab7a3c7a1549c13f2077550c93ba4ce3e6de34
    tx_idx=407   0xc9a28d30c750c8bfb8dd4ede6a57b82448a420d72ba78269c568454fb3f643c0
    tx_idx=408   0x517979159b22f35d840c871e44a9bd5261ce731798f46afcd6274b5182b56e48
    tx_idx=409   0x24a5993f0138dcbd64865f1bd09828934a6f0743f7690f1860e38cb7e941b609
    tx_idx=410   0xe8865fc59a05e5809bee26b094445ad2db8cc8e01b5d640e28dacd2317982af3
    tx_idx=411   0x788ac1e5ad4b8f9d273b9fa368c5a9f0ebff10ade943e8bee4247c3b0baa75d8
    tx_idx=412   0x4e7790297bf78d66ff81c7e5b3c6ddeae10c2c2e0e75fb73bd81db4f6b502e2f
    tx_idx=413   0x5761b448d5d079372ab38ebb95985301f5d9cb93c0c79976d187c5467e92b17a
    tx_idx=414   0x4129a185e863c099f87c3178d2f3fb7657732d20e23da16d385a9f71c5c7ab47
    tx_idx=415   0x171b74031121fc818e669275cc7921fc5ebfeca69f241a5eef63cba85877c6ee
    tx_idx=416   0xd8411ed11a4d8b8826969b3c6d3f7c75f1ecf96b1da2eeb2f2ef7b1ef46b7539
    tx_idx=417   0x559f1263a9257479579bf9bdfafac6da4c44926568ab091fb0f3dcde00393397
    tx_idx=418   0xd5672d6e626731aa97ee985a65a032971e285892c109cb9a843498eaf7b8902e
    tx_idx=419   0x259449eaa2416e4e80e173c71c758bcfe5c94205367c7b2f70883cff09cde382
    tx_idx=420   0x41c0c002d7aee662895939a953edee6f66134626bdefe76c4549735e20a2cd23
    tx_idx=421   0xb0cb5aa7922a7aaa4f76663eaa04d2bee975ae891c5780683d8e1a0c861fc7c6
    tx_idx=422   0x11fd1c811786540cdd5666b81979a1bd1d67e0320450ca779ecd95f895c7dea6
    tx_idx=423   0x7eea0102e041b83ff4a3d0949423899646a1878bed982742dc374cb6a7888558
    tx_idx=424   0x738975680234bb61ed8d39782b932122224088969f1faf5b4702b5dffd67a871
    tx_idx=425   0xda53cd12a25d6c1a0ab053a9caaeb825b8410912dae7a7088915895ba7440d47
    tx_idx=426   0x78851fac23c90ac2255d031f56b84e3f76725395964c1cef66847e1bc4e13755
    tx_idx=427   0x34225ab32d0a1b020c1116a57a4a57054b50447d625679fd797a5635660cb441
    tx_idx=428   0x998c208c795dffd93b58040692bad4e43132841dd009ea9c5b4192f01b443765
    tx_idx=429   0xc082ac5182d1750906cca3dc13c3c83db43c5bf6a5a790361cfc027c32af262b
    tx_idx=430   0x9ff5ff4539f42264c9fb1a83dd28f96349d7bab661aaa434fcf97e67ba5ad767
    tx_idx=431   0x517860af9cb25575d04c78f13193218ab3b1f866ee53de18af2f5bcdfc1f4c99
    tx_idx=432   0x6b18346de4aa0946fd2dce699d49c02dc1d40b79b23689fa561bd12747e991aa
    tx_idx=433   0xc7044391cd1f1e7c3dac165a0e3e237cae39138031f5c11470371b1107ff4968
    tx_idx=434   0x334aa3dc4ca0052a07011b07461e05814f610d25d375a33cbfde95d40243613b
    tx_idx=435   0xbbb48ba1378f3f98c96d0ed388fe0fdf5ce2bfe7b2eff03bc9e03a65ce3dd1f7
    tx_idx=436   0xed2ef92754b7e85f14500969dffe3fb26641e2fe8e65a79274ad7304017a0c09
    tx_idx=437   0x12ebecfe10c2890fdb193abddc9debae9f33080523ee5ef7163231392d578829
    tx_idx=438   0x506fc754a09e466752a663ffa0d162b9a595c7efd3c46282509c3b70f42301e8
    tx_idx=439   0xb933ac70a6c8e5f8c6c1069ca300524cb9f8ba6f92d96c2f3f23b7a22784926d
    tx_idx=440   0xeaa355ad53d728ff692e71b3bc8bb629f9f7afed2228508dc3e146051a1e1582
    tx_idx=441   0x4902649579001158bbe48dcdab186643112d5b2cfaf4378673125b5fcc833b98
    tx_idx=442   0x6109a4cd5873f97629e377dd904031703d51074cee5073d8895c4c19d4ef7d07
    tx_idx=443   0x8348742d1cec71cf7da6ddee1b642dd237740e0c75b71a38c2b1e36aaebe7b59
    tx_idx=444   0x17d2b01a2c1761e3772f025cf95fc485dd5239f2d77d80ee70b79240430a7723
    tx_idx=445   0x7e1a26bd7416f7ee94e77ba90be0efe88b34cea7464e1143d25c7194133ade47
    tx_idx=446   0x0ddcbae1b82faf268ec39e7767b0cb41747f15a6451d66905ee28a790d1df10b
    tx_idx=447   0x7143de6425dcd6e0b5fd9af1422c7dd66f13a9d87832be8cb2cf6add2c9ba441
    tx_idx=448   0xe0d45846a41d3f861b7d4575cacc49872ac84fd5d042b7f221f151069e747a32
    tx_idx=449   0x8950876d4e120160d600a3e223792d06e16bbd5f104d7982d3e02c45dfc8b702
    tx_idx=450   0x203a4296b662ea28cfe0ed83cbc2893c6b8b353b2b84da64d59ec557c2671d74
    tx_idx=451   0x7134426b4b7d4c7e15fe008059642d2f75acb1278162b1581dfd6d063973d054
    tx_idx=452   0x3d6268d3e5794c7a7fd4bbf900657a9251e5923d4bf6a50fbcf65551000f690a
    tx_idx=453   0x9c75de4866dfb498f8b73442b5df233e6369767aa407d04ba2a9cdfa9f7a8334
    tx_idx=454   0x8152a582aa2c60b56d6bc718c3b2edffb0bd5474bdb49d1fda63f850cfa66930
    tx_idx=455   0xa71e451a65237673cd78b49f263ddb74209f91bdb426b5cc1c9736ecb8609058
    tx_idx=456   0xc499ebaef516bcd336d7dd7e4d1e80f19513f0449c7b9618ec29fb2785bda510
    tx_idx=457   0xe0fdd3cf3471ecb1dfe5348f2b6d1c638fa85fc11abc2ed1059cf56e13df9140
    tx_idx=458   0xfed209f680f263d667e4478e4f5ba3421abaef8360822de1de5e47f6d895f5e2
    tx_idx=459   0xfbd95bbd2216b768a2777ef41cebc27c0733cd054e3cb89bd349bdec12b14931
    tx_idx=460   0x9989531fa337c0f3e692518764209c8d74bfe216c7bf4abd7efea090a030ecb8
    tx_idx=461   0x99661a69caf8831869b6e4eaa5647f122b2386d84e80d60d60136671252fd832
    tx_idx=462   0x4a7898152450b8a4d5eb363edc340652e3addeff592ba09a4d51c51838325724
    tx_idx=463   0x7b44fcb5eefc1dbac566ca243aa1e6968ca369aada456ea4ca5b46a20a5ea653
    tx_idx=464   0x454c0699354f3d41d4659738ba43f13bb68a2eb533b559f2612faaa58d756da2
    tx_idx=465   0x0978be80aac6f8dbcbacccfd1c8f6533012d93e051459135a976eb6174ad3fbc
    tx_idx=466   0xeca097dca9d0ccccaafc15d0d10d0fc7f13404cf0035bb22f25d02ec2b051903
    tx_idx=467   0x488465e5c2d349052192329d26d0f95e5051cad5d0b2c365b9a793492dda7d47
    tx_idx=468   0xdb335eac1b24c9a0484194ec682aa1f2e15262ec77100844ff8cc0c9f37b610c
    tx_idx=469   0x3c90028c4da8511b955a2754a7c8f05cb1226f0054ba8e7c242586c9837627e8
    tx_idx=470   0x6a4df8f42c08b23317378ab2880540613928097dd8333d860beaf95344ce6dcf
    tx_idx=471   0xba0a4fe84353596eb019b5c6d7e53347a2a3819bee0539b0ff86a272055ee5ce
    tx_idx=472   0x81b9d34b97dcbbce278e78909cfc1140defb9a5ff3be044e623844b9d734140d
    tx_idx=473   0x715b2e78fde7b090a91403295b3433660a01dad9f105759370ac43133c125c62
    tx_idx=474   0x180140c7c95dad56bdc96d18a9e7ebe2ba2f06bc97be010897bc4f1529e2a86f
    tx_idx=475   0xb19c4a26200072274e3f31a8623f5783dd5078f9fd5adf7c31582941c969c0a8
    tx_idx=476   0xe7190c8986c80a92d917870351376032111d9c94ad378cf505e890facdc3613d
    tx_idx=477   0x43b9f9cd4a788dcc811e49ca3d7ba56fccfd5bb51c84e7e9617b180f02c06951
    tx_idx=478   0xb7f40890cffb1e8d0fc1aaba6d9f141f89af3cfd636fa10cccb9eb21a9f97c60
    tx_idx=479   0x6ee67c670924db8a98d6f9c7f082f87855b3295bc876e2ab8943162817f5f505
    tx_idx=480   0x1c56eb59cee082aa8a1a139b1f9084b1cf64bb11fe8afcea9ce15f18b48e4613
    tx_idx=481   0x2e7ddc8ab097272ad431e26ff90d89815ed7200c61e8b7fdd51a1ce7359d55d6
    tx_idx=482   0x9e88900af24f6c816c196915d0e04fa65a25626ac2aab0e2df7516e4f7e6f4c1
    tx_idx=483   0xba340c85cf38570636d5a03365bd482524565636212ca823e950e40911dc2a44
    tx_idx=484   0x069fa2da4af44bb9e876650c008d65b51b353c5a9103a7eb9fb1a3670c275feb
    tx_idx=485   0xffdf64ab6d7e4784497518a7069d93090a8da60d9bc365197e0a134953e36230
    tx_idx=486   0x57d1d9ec2afbfecb44612ec3746ef8131f74979e6214d432d6670f2aa1519200
    tx_idx=487   0xc8370ad543881cb60dfe73f3485daf5cce6d2e8fd61f6d21cb1eea2862de0e52
    tx_idx=488   0x7848220ce8d98fff99c2bb907f6fd710cad7bc5e5389ee9ee63613f170650b62
    tx_idx=489   0xc4dc6e50acc1fbb7c1e0189acb1f00d29a6025fbe90abb0dd011539cc874a8b5
    tx_idx=490   0xee6113005820376d23f1d1948de9b658b20b785eaccb9797920147c65b1f3919
    tx_idx=491   0xbd213ae6c6f7f4aa578b80ff1db89077ff1a1aef513c74273d596dfc42997560
    tx_idx=492   0x77b5c3485b094ba7919824ee77a523e64db843c58280aa8a91528603a00a49cd
    tx_idx=493   0xc8a9ff3de7aa34cffe632bf346122356bf2fa562512772c63eda76569365c97d
    tx_idx=494   0x0aa6aebaff64b175acf4298763ce2f3dd9905ffef28f5619ca84282030623a70
    tx_idx=495   0xf64ad5c069bb7f27d8bb8abf41be3669c98bc0156938df9e235cce71a25333fe
    tx_idx=499   0xafc9b054131be1131053119d211deb661d30b0bd95a87688dffa3311ba68a4a3
    tx_idx=500   0xe66a44822b1225e1a07c869eb3c187745d33b391b7f1218eb662c7ad665daef8
    tx_idx=501   0x8e7d40aaa99d32dbc26c1401cb0f79b79526155e72cebb215b6fa109c7400921
    tx_idx=502   0xc3d96ff231975f73f52ebe82611195e3f35195bda2fd9f64f66dae06dbd3c2cf
    tx_idx=503   0xc40c5a33a3db2a339be3ca71c5276db4bdab0a73903f60efad8fc4334d887d69
    tx_idx=504   0x5f0a028584ceeba5e5344a34d1d1fd3fee04866b94ec015b40f45b5aad667ada
    tx_idx=505   0xda2352af4364b1270f74593aa9e60eaedc05d199fd0fa1ef831ded3627f510dc
    tx_idx=509   0x8aa5b2f3a928e9a0f0cadd572726fa383c648621f98af6d35aa3cb7aa13ca0e0
    tx_idx=510   0x2d5fdcb467c20827c559d54b3e477b20bc10e074e29ebf9a6772021888553c93
    tx_idx=513   0x21a7d9d8ea84e4d20f3603ff5a78019538caec78fde79453c95b98f898ad3bed
    tx_idx=514   0x2668e57bfe615e3c346dee6effe581c21c4efe1c329e62ba80e487a0610c5912
    tx_idx=522   0xa7c2a9d5b25be4f7c9c6233161d238ec9588a954e46062f9aa4dd214c1613b73
    tx_idx=523   0x81f297ac74547a5f11a6dfce107bae9a35986acfd537d5c3bf2d8330d7cf1a46
    tx_idx=524   0x2904843b0cd95b5e49dec1e6c2ef3e9210f2950b3a795be30f0ac836445e313e
    tx_idx=525   0x9d5e5de067cec022668bc23c4dc41bd2ff805fbd5c73f3acc77cf62e1d0b578a
    tx_idx=526   0x7870b35a4741c8561119e8ed84227e4569287ed13c2674e8ddedb9c89e73f178
    tx_idx=527   0x543df2beeab02af2b8b095a23198eea94e284c52c76ca1e9c2fc4895b8f65dc9
    tx_idx=528   0x32f2fc12b5c3593ad13a7926defc11adc39570527907651dd3c40f52b08e8386
    tx_idx=529   0xff0ca88fd52014230a5108764b2ea3ba8df1ac8d502d85e6214db2e48c141895
    tx_idx=530   0xd50aacf6cba54e61dc5f671a30801c81c1241f98995e4e47f763df9481ae4696
    tx_idx=531   0x0c31e90dd851ab696cf7aeea42b913d3f7110b913ad0ea3a03fc7da6c2d4074c
    tx_idx=532   0x751860b0f4b7d776eefc3ae564db02a3690789bb80fa9be9f6d80bdbac53ffe2
    tx_idx=533   0x18f27e9dee91e4eb1c8d7c7929c994133304be94f6522b50904f420fac06f020
    tx_idx=534   0xe9b6bc7be0de5b21cdb08f3abbac822c39f59322c2e89b293794c20b755b926c
    tx_idx=535   0x9a0be950d39321a3279b2f031eb25e391dea5622c20d5b1a727a4e547225d634
    tx_idx=536   0xfc03ae1322cf841b1e47574796c1463594561e4a629104050acfedae59543fdd
    tx_idx=537   0xb908238180ae8454d976901800273a7de562bd87b64fb0ecaf7bf1c39b2dc093
    tx_idx=538   0xcaddddc00a1eeac98524e61f9d0fcf7f6d8baa41d7f4ddd36df65e4447d36970
    tx_idx=539   0xf2048a30878a495d2d65cdaa7a518849dc7e3e034d4a6240e6a8bcde7a7a22f9
    tx_idx=540   0x9343961e8a3b9700cccf21988bdc0163937ff119af42c8429796ce50610f7919
    tx_idx=541   0xf0115e17429188bbc79a84002f76b3468068a89ba613ed600fc85e0dbf05916c
    tx_idx=542   0x8f14e7f155f907cf99bbf0d228b01367d8bbbbd5a57d791d238f3c9243ceac23
    tx_idx=543   0x4a3cf8ba9e09465b61e6008ee5c3b4d476106a15a48d23d1319f1894ab18889d
    tx_idx=544   0x0fcb2c70211c4eb04e493dadae424835ef6dce00671e512ea493b93fb84be09b
    tx_idx=545   0x8169cb4d2243469351393dbaba87a58c6db7728518fd8e5e82c848664428c86c
    tx_idx=546   0xbe9b74154f7c07b1c5aba2b937d2d9368e3a9630ab6ad04cf32db9cff3515bbc
    tx_idx=547   0x11ebff175c4b5bba82e8c3feacb408b5931cb1b53176bc2d184bcbaac90d4f3e
    tx_idx=548   0x0fec9fbf70343e81c62c2ddf546980f9755f726745b897a8b076b381efeedd6f
    tx_idx=549   0xee21dbae0b9b804fcc204218062ef04fbbcb12b00c717a19a08fabbd91eeda13
    tx_idx=550   0xfa7742056143ec98f101bdba0a86b2cfd60c828305af9c76a6e64c194a79f25d
    tx_idx=551   0x30a70fe87d438f9d49e38cff9f4729fc10a876ac146a888ba15a697076169ebe
    tx_idx=552   0x7c995dfaf4927d3f38aa92398293b112259230ac3bee8bb06a219718cadcb8b7
    tx_idx=553   0xa89adfe6fb9a8aa9e801ab27d4d1b5dd344d96af2110e58853c68a73483e9c82
    tx_idx=554   0xd6cc929c3033074be8b7ca098fab568f0ea4181701d8284c6f1c24a5a7a0929a
    tx_idx=555   0x9d317832da3338c95cab5ba2546462ddc7f25894b9c32b6c63f2987993d070e6
    tx_idx=556   0x152cd17b80628c8d8622421e99f0a68de5ed685146e17518af44971ce10efa72
    tx_idx=557   0xc4cef7b4611d5ea94d7db97b392c5ee471e11020c578e4757e4903a955836ec8
    tx_idx=558   0xec7210d45a6630b74724d5827daccea425166c5685063d18f2c4039289a3a4cb
    tx_idx=560   0x0363eacfa0d9c4dcee1bd9d362b5e849350aac5dfcbea077281b4e264e352746
    tx_idx=562   0x7795b709eb2caf819426f76271cf8c3c2ab4d9b14bcfae1bd51753dee399507d
    tx_idx=563   0x01c74f05fcbb901f2d5100ad83f9df61b47f7cc0bc8c867f1b9acf06f334a0ef
    tx_idx=564   0x95480e113873f09cd56b949f9e0eb49e6ac8667ed784daf8de570cdcb36acc3c
    tx_idx=565   0x8135d36f5d0179fd49938b954e6b358ec6faadfd090cc40b00761d37909d704e
    tx_idx=566   0x58ebe9a8a1f7bf80704f6623d108fe4ca0a0f97aaae2969aa151d93ef1a16a5a
BLOCK 25459563  status=ORPHANED_SUPERSET  canonical=47  stored=152  bc_tx_count=47  orphan_only=105  lost=0
  canonical_hash=0xaadb060866413a43d8e36440ba4add46f3eba937a07f58980f4f3e37041f5341
  ORPHAN_ONLY_HASHES (105):
    tx_idx=47    0xe3ab3b96d0c196a1d0b4251af3de76a222a6c29bcc8fbb89da1216ca8332a850
    tx_idx=48    0x28242011bc3050524145c9b0088f44abe2f227cdf097b0ec45d9b8e7349717d2
    tx_idx=49    0xe6bd7e7b9b870807ba5f0f5cf6d43b95b10b1ec8937e8552d77c3ef123f6209c
    tx_idx=50    0xe75a5fc42e3a9cf31a257c1f7a3c51f3ac484da3aaf7d07275087fe7baea0f3e
    tx_idx=51    0x98e664435357b689dd6cda626e38fed9aadb4d5aa8641da95ef1fe83c8dfa4bf
    tx_idx=52    0x5326026e3af7fed979cd651d4dc993c746b59e342bd33c7573fac8e6af74e725
    tx_idx=53    0x7441155c8e3fb4aec7fd706ad40998475c9a77fe7985fe6e2bd7641de6dbb2eb
    tx_idx=54    0xb5eba50831d5b4ca5b40c43702c9383906ec6822555742745a0d36fc994b0f2c
    tx_idx=55    0x2bb7ad23f61657e3f8c76fb1f1e15afb384e0ba9791f7b23710c5974355f5bf7
    tx_idx=56    0xe0d6438129714e55f38ceb27d49215d7e8f7e33ecf8b30182d6b224d82f000bc
    tx_idx=57    0x7c4cc579399cfa2e34cf05175e83d77c02fa26a64fc065e2ac31a21b717c15ec
    tx_idx=58    0x761fc75d39be50f69edfdc59edf5f469c795b3caafef87999e1e0214b957ee05
    tx_idx=59    0x51499b723753953a5807a9e0255028bd96efdf60f82bf20b498e2ed55b678eb4
    tx_idx=60    0xe8d5776452adb2995df2c43de6fb2e25b581da124d6459fe7039cf6a463d5126
    tx_idx=61    0x13b610994db2fb6f35241c76cc9537810aa34e5ca01e62fcfbd85188933f188f
    tx_idx=62    0x4e51f19705f1c9b8acee415b7e17d7348b7775c2a74446b11cd0e4dcafc57d0a
    tx_idx=63    0x99f61bbf39d4da53f867ff57702057e7ee073a8db3f18080ce2844baa24bb7e2
    tx_idx=64    0x33347bc612544df8b7a6ef8a4b39e6446030a5d6be78765b6b1ff7a921155beb
    tx_idx=65    0x74be38644109bf4a64a16b9b37734d1d64c34fd8105f247425f8f0504e1df174
    tx_idx=66    0x719864b9c2bd5405ff616629d88d9addf8f6fefebc5efe28da52852176b95e2b
    tx_idx=67    0x349a4de0fdec152b2d477ee9d1840c149245c0d654030b02c9f7bf71699977c9
    tx_idx=68    0x448377ee14c8002b183146a41520839fd40a3eb005e90b32849a6ad894e22cb0
    tx_idx=69    0x5ba50bb084caebe7aea4f59e04bc399df4ec87d358c5da4ef1b75ea37c1ebf17
    tx_idx=70    0xa36132347b4dfed9e06bb38aa968535ec154609deecea92b462d663a362aae41
    tx_idx=71    0xd79d0a243e2118bc4cc732fb03953287ef5bd911ed2aa443b80f9dd1e7caf50c
    tx_idx=72    0x89d7c8affaea11580c21c749e22db18f58b2591be2c00316468db0f4d2396559
    tx_idx=73    0xa194c0ce569ecab88a31da09de34fe95e6489a0d1f05d62e2aed857cbba9f0b8
    tx_idx=74    0x8e817b17e9fed964c3cedeeeb718da58ff2501eea6506999459951ee5a796200
    tx_idx=75    0x845f4ee1461b354b928dc1049445bc9894cc5885b0d81184ed15e5135d7ab7a6
    tx_idx=76    0xa33b5c9f2e3a46fb411f87e67184978e3ea0b8526ced330afc99a9445aeb65d8
    tx_idx=77    0x2957dc89bde62451c84bd2f27dd727026c45fb3875d4aa5eacc034432f30fbe9
    tx_idx=78    0xd2642a825db1cf4428bf53f56bd0eef4302e9c0e814cc8bacf5c0e3bc06f4f34
    tx_idx=79    0xd7c22844f6ec3a279070843fa1d7eddc7be82e281f37554055e4139bb929290d
    tx_idx=80    0x82fe0022cb0302494e2b15712630a40b0db9b6037f3e311123f3e531c388d28c
    tx_idx=81    0x3c2abde90db36761cb6855c6c27f7e355bfb5b1dd38b8dea47dc03948513ab0e
    tx_idx=82    0x52f19db37b8aac3c7a9ce03cbbbd846206c792f87a8ec96e428ca0c32898c1d0
    tx_idx=83    0xc2b1c5aff0306ebe42ecc604acaa4405757359b2cc4d254488f966f64ca17661
    tx_idx=84    0x5b90eb920d7ce2b206f42449236c78887f2eb12de8ceb7f9b58dfea6be1c1eae
    tx_idx=85    0xd4f624af048fc2e7d028fade5790ed41336f4f2c3716d9213e3f5efe2d650363
    tx_idx=86    0xfca154bf3c54ad7fd65a3ecd66dd9adf592d32154a7040258a51a8bbb74829ff
    tx_idx=87    0x967771ca582d38a4fb68cd135d7dd6892b8d8edc151939af68c7ac4d0a4f0c2f
    tx_idx=88    0x0629060aae594d87bd1ba7f6eae45ecc2f0668cc90b69850cdaa36ce55da5103
    tx_idx=89    0x716c39483204ac9b5533fd93bb6c8eee196fb97eedd4695ee719a07d5732211a
    tx_idx=90    0x86cd609755d94a5da385aeaf8802b86603ef64abe3b90ded8a8195fbaecf8193
    tx_idx=91    0x40c530a4f6998ad01d1a7f5ec3a546a16d3b5dd825ab0768da979cd50a051682
    tx_idx=92    0xe4a792659f3d1be6e81b6b0a4bbf7729196e34f2f28c28d36816b256c500676a
    tx_idx=93    0x638513cc41ea1e75c2c7b70195e2496d5e42f32fc2496b90dcebea66b4081fad
    tx_idx=94    0x7a45067f92eb3eafa0add0ed05d3d8d6657c86c224d077e262bee555f890a803
    tx_idx=95    0x2130a8d82b4ee0d3174ea780afb59ce20a14bff55ff1110e4fbbde26d775e2ef
    tx_idx=96    0x6d69f52fa627d426d463d7f34997b6b7b9de217d8f52533d087f62c234828b20
    tx_idx=97    0x114af0ceb4b51b6e3fcdb676c083ce67bd3b9142f1d9c601317f039f06078ab8
    tx_idx=98    0xfa9d6acb86356d6c7076b53d7657ba68a6639c0d8bc17178e251808cd81fc005
    tx_idx=99    0x95fa8246b8d594a17efd3cd9b77d07fde51065b2be42118a26c2189f6ebe22f2
    tx_idx=100   0xe694516c2dd02e94bb60fb8d2f93c410fe0af069f56b85f226251dae25934ac0
    tx_idx=101   0x03fb51727de56b0ece1b4d983fcd27b93311942e66a01c726751922bd724b699
    tx_idx=102   0xed524a972ce577a40cbd752712ff28063cf6dfc63f7f9c0d6e59fcc32f379b6b
    tx_idx=103   0x6e8b794d81ceca88fefab19732110b58c5676c9e045a294dafdfa722a1ce0b8c
    tx_idx=104   0x663b0a9d3875cb63f0d7adb0339da925df90a63fa7cc1f8edcd8f7d49be0e2a4
    tx_idx=105   0x034b87d4d3e1c10b799879852c5c04414efc88f228502636d0f7de1fd533f387
    tx_idx=106   0xd9d388a470e582fd64d686c90be6caf0ea9427fb11b97a209ac911d1778f2dcf
    tx_idx=107   0xc50d677f2dbc27c9ee6c549644ea5969d100d83c934fd7046fe87b043bee43a4
    tx_idx=108   0x1b636761db13f4f9235d430b6725c9b4fd25a12d3b0c7be9c6578ef42afbb8b1
    tx_idx=109   0x11240c994276f17ac59c754fc84ec7ac6335213af7ffcc39246da0221f18c771
    tx_idx=110   0x16748b867c7f9de719965c88f09f9b5672bdc7a8be3630edf1ced24b41bc8927
    tx_idx=111   0xcffd3ca7fe57aedff67473a6161197f5e743f26206db50a73e523cc844277c03
    tx_idx=112   0x7c8f98602bcc3b89ddf5fef3c77f4e87ad5fc14304e07200afec4016a562268b
    tx_idx=113   0x420c0f072c241d5be2bc4d91d0c70f24a18b27c88b6dc49b9727b6a948130ab7
    tx_idx=114   0xc9035751bac20845475c280f1f0c9019ec7efe5d8e3e285cdf7a50ae369fd247
    tx_idx=115   0x914d4061aba5a911e9176298f3c533cdb389b4330d13cf4a889d92ac3af312ce
    tx_idx=116   0x7f194ee1ee1d9843e9156d6779b8bece154ed8ebabff2db6ec61ea719d4b6963
    tx_idx=117   0xb604fb0dda59f691b530a1171b5c9bc875245a5dae6e88e7596687c06295e676
    tx_idx=118   0xe041530eb7d20c8754c2dc15d2e89b932b34dc65e6983baabcbbcf786a82d91f
    tx_idx=119   0x1a1376de6e5445b2722e627d905bb09054dd17fbbafcb4bddc49033328370c39
    tx_idx=120   0xe0af1281ba3c8206d2e4d35bc19224f23d931d018f9e873da87b0eadb1fa18a4
    tx_idx=121   0x30a27f0b1631fb1af2087127797878443ead869231b289c51d6c19e758f47083
    tx_idx=122   0xf2a0959dc684ed788cd3e44016fd00c3419d90d48b06812142fe1999aebb99c4
    tx_idx=123   0x79f565fbe060878b45782da3767d72f576eb53ad49093a591f6e1ccac297a312
    tx_idx=124   0xca913031e3a5934f455c6fa64e641602eef22afc9fe5f9817ef13119e5f4061a
    tx_idx=125   0x6497f2e7a2a46c7c1c3925a56f2ad75616dff454b61cc307bd54750dcabd76cc
    tx_idx=126   0x65c672732f7dc0ffb4400e1f368c7300905343cc4148c330825977c8982d102a
    tx_idx=127   0x08e4851d1b3045ee660a6eb3b60ce9dbd8f1bce93d11955f1acd2c3d03135e0c
    tx_idx=128   0x8595b72eaef1af8206284b0f901f8e7414059817c989f4948c9043ed8057d39e
    tx_idx=129   0x93b7d569b7d828115ad235ed0f7d8884a412e8b9a391fa58769f202521c19bb9
    tx_idx=130   0xe61f827b8a59478e5ea1fc46afd9bdf197d0e8147cfcd413c798afb4a8c69278
    tx_idx=131   0x427dc98fe4bf707019a8806ec7d40176ff16896132a391480433173b3427cc80
    tx_idx=132   0x20fa3c52448b795deaea6ab2f6138a0c7e229db46b04e922e52ee44ceaccd28c
    tx_idx=133   0x3d4ec828e13d92433c6ec8a753917571e1ce498100ff3bdc146b592622300c0e
    tx_idx=134   0xe00c91169b340bb24c5f1c1d8cfdd9d84e7f2c8305c8547b798d618369dd30b9
    tx_idx=135   0xbae420ee23aefc6ecef7dec4d2b2b521c9ba53d40437795bfb403bc158a45e42
    tx_idx=136   0x5acd79633f9d7dae0f2486fd55c7130b6e99717ca2fb8cefce9e27e3ac29541e
    tx_idx=137   0x1bd35ee7a7c614812750b40c9fa4d98185511701db2e2357c8fd04f62c801d8d
    tx_idx=138   0x08fd7bf4af5b778bddf7a058cce17f71cc59f4d540e9598ebe4f0598dccbefc7
    tx_idx=139   0x84de2fb66610065ae23db022b3d6017ec946eb187c2913cbcf8a05ce18a1a58b
    tx_idx=140   0x613f2fbea47ba7c6f74f41b516e6a3d8c7d9176dcddd708ebbc1a983f75a45ef
    tx_idx=141   0x8951f854fda2a859170f1c5268a694918ed1d4d227007f9f40eafb9909dd4248
    tx_idx=142   0xbc5e39601faa0e517b02409a41481a2f0c8be9fe44db3561905f6d7204a4969a
    tx_idx=143   0xa47e35456a8e24a6cf120d003253c43a17e453b625359720f1fabfa26655bbee
    tx_idx=144   0xce41c074439a7a3e82f4f5c589433c4869c76530b77b3848b367e196024652f4
    tx_idx=145   0x136663d35dddf5e6bf32430412d48352f1474f585cd4fd452c919bc77bb1570e
    tx_idx=146   0x22d0a5ee8cada8f11085d32ed592d491ff5613004ea06901f3cf0b73286c1843
    tx_idx=147   0xc984b5e522e9f2562daf60417f50bf35df8d61ece4e79b53b69fab500ad8c8e8
    tx_idx=148   0x5f35ea61343027d8922f952f85f4c4b3948d3cadb761cf10267be21a1a82109c
    tx_idx=149   0xc6b692aa6b7311b20406f6d63ac8ad5185ec64c93e4a5c8724c4f8c54282ae17
    tx_idx=150   0x86d25593008f2af6eb837881c9030cc7ca9d3499d59e99812cbb998d585eb13d
    tx_idx=151   0x0f9d2ff4ae0ac6a4016373aa3bcfd907bdb4f20bfa85d2ca0bf526f1a73cb580
BLOCK 25463126  status=ORPHANED_SUPERSET  canonical=172  stored=437  bc_tx_count=172  orphan_only=265  lost=0
  canonical_hash=0xf1fa05a1255ad3c4afe578ea6370825e50c99dddc7f63bab3312a921167450bb
  ORPHAN_ONLY_HASHES (265):
    tx_idx=172   0x6e0f2ad6c8d1de018b0ad6fdd4a14a5aea4250a57a3da97fc2ebcb198d71c880
    tx_idx=173   0xffedcd5e82a38a7a9f9bd3f2bc6c6e0028d71bfce3504cf2a80774c6dc27e80b
    tx_idx=174   0xc8d1eac8b65c79aeb70eff9584d930788b7083c1ce65a6d7e36cfa2a027c4b1b
    tx_idx=175   0xd5c4e17d213be3331ec0e507d4adeab0f1580eebd7accce729eb2dff740931f8
    tx_idx=176   0xb686dfe0c7ee1511a2c25833c870dcee078eba5198746937d3fc926e73679306
    tx_idx=177   0x83c32f5cd1777d9a9f3d30455df2824b1b3ad77c5e3b83be08552af96695a7ff
    tx_idx=178   0x556f5e9aa2577b88b46a7d32ab97c48f6025966373545c78eeaf88490d3a7828
    tx_idx=179   0x509d984abea5b7eaee5f4ff5b4ed9090ce09f1ad6609493a99637a970e6e81dc
    tx_idx=180   0x744feee705a53a89080305ad30ef3c28cfd5b4258c283fd5105e823ea78ae488
    tx_idx=181   0xcb621a76402f4510b34c2ecc6e8909d72d6a0bc4302ea157c71dcb126546fd2b
    tx_idx=182   0xa596601d3e99e3afe06639732207705e598c2b1b6ec17ad2e2ef65a3ee384c85
    tx_idx=183   0x93ba9baae5f7e198da2593edb74e1d4d48f7ca7d5b1a7e28ddb574429e1e9b02
    tx_idx=184   0x2d4eea00fec97b748c4ea90a4a2a65330375881ec73db83ab15c56d5139bb7d6
    tx_idx=185   0x858696887849ff162da5babce8fbf4472ac08ab4c519f27487710f12154f7410
    tx_idx=186   0xf166b61bd46c0a8d71fd1490e9f45faa45221b97b8255e1f7a4e9e504ab65764
    tx_idx=187   0xcc3209aab4d13abfb1debd04f33bd02a8ba284786ab2c296c73a3605dde15832
    tx_idx=188   0x6100e84b5c9fbc13c05ece45598bc4ef9c1254f6ba05ced3ebef20c21cde1dd1
    tx_idx=189   0x16bae5c762a47c34edc03b7a61009787f07b466d55574b5279b397cad8109b82
    tx_idx=190   0xa78c3dcd31cdc23a57a92e43cef941727c6a630e9bd74d8e65f78e919216a034
    tx_idx=191   0x44591eb1cbaf382cd5903d102d6c5c8a38cb2bf5746e123a49ed48c1be4e1700
    tx_idx=192   0x113d78dfbfb5627c3a1066ed386757e5c6ec596c227b2052c668f61fe1477e4e
    tx_idx=193   0xf54bc7f81e3b27835f4b03c4bb3b49e4ea59ad5af8ddaa5ba0696fc213bc868b
    tx_idx=194   0xfbeead7f1a1f7941c2f7893b2439e2058995dcd414bbde945e738f385606e4f6
    tx_idx=195   0xcbf16f80ac866d1d88fcb43b1edea5bbf37a0712cebe24c1e08913c7658d77b1
    tx_idx=196   0x398e8d51d21f85bc19a71d28da7422aac3b9f5cd7921329a6d0fe7d6499d3db1
    tx_idx=197   0xae4d31edd17ee1146f428449c76b92b7bc343db7bb83649dc77dad9534aaf7d9
    tx_idx=198   0xb044bde4a0b4047797c2100d265923f5202b8f51b5d9957c9e3aa5c368e904a7
    tx_idx=199   0xda870559661e08b5ed4abac78cd9e7cb42b6163bf5d2eb705a46e12c1e9b83f5
    tx_idx=200   0x814e77c210a39a66068aaa3d351f8d279958a9f0ef8db9d5337e2778b3efd613
    tx_idx=201   0x1bf420acba8e79756b1a1cefd75cc388371c00c162f3c8aa01a3ef5ec1a229ea
    tx_idx=202   0xd7abefeaa98d1bc8f8135ca1b9141ac0806bed82e5ddea305398731a0f3c1fae
    tx_idx=203   0x6850992936b04f635c7019c687102170868efcc43dd4de026896ed25788e753a
    tx_idx=204   0x3c4cccb55c7763dcdfeb89336bedd01e04a7d652d00605290dd340bdfcddf989
    tx_idx=205   0xbf40e61ecfcba637d34732790dba55624ced2a71ea197d59260de60b0f6b6cea
    tx_idx=206   0xf48425514fe85e2be1530be2b333557ff3c7a7339ae894b68c3c65ed42fdf430
    tx_idx=207   0xae69b8f4bcc07f9ccecac28bfab9db525786c73311324dc429cc89b4226afb2c
    tx_idx=208   0xaec6e9fbcc81431833330683c75d9dfb4fe722dccbcce50b2dbf99a6b0343bb3
    tx_idx=209   0x4ed0d7271edb9ce8dda7278fa35f4cecc8e35e66794573776aaa831b8e08b393
    tx_idx=210   0x843fd5c3455a9da101ab6da93059b702013f3c89067254d207b606b17d6dc21a
    tx_idx=211   0x3258a537e7d7326bb1bbb3988b1b6f866b192c078e642ae50fb5b6cb2d413b2c
    tx_idx=212   0x15b6f871bf6f113097652a9b3c3b5468934fcc3438bf8efc842740a0422f2c03
    tx_idx=213   0xfb690c6f7c91842ca8e38b1b589c0ecdeedb55e24b56b5f9d9e9042c73713e84
    tx_idx=214   0x82bbfbe78acf329401a4ab9d9722042e47ee4199bba8a1b6187f089d87d22734
    tx_idx=215   0x83c9be2bd824eb1d726ab0278a0015b5b49b8fd7a56e737e19c03eadc8bd7442
    tx_idx=216   0x832540effef79d259be4d4769fc601a0272a172890cf4838bd80c79d9ee22fe1
    tx_idx=217   0x90f835034d4301eb1fc4d409870bd0438184b2e04c59605253a5c16c9eab4b25
    tx_idx=218   0xeb6f92433c896b37deb65d7e84a4caa64da0289ed6e9b68a11d90aebbfb049d1
    tx_idx=219   0x933f19698a57d884a9c23e8839697ca1a78de8e6c88c4a6417a8d0680e67ba0a
    tx_idx=220   0x8bf22fd4a4e9aa98f0da6f94de628562a30c50a7346e1cb859df08c51b56567c
    tx_idx=221   0x3dd95bf642f55a520e18fb9dbc4c897c5fd3630cf374804cbc452866d7775a93
    tx_idx=222   0xba68adc3feb584a0fb8d8a145c395f96b93dac9a80bdf8c35108f12ff0918e26
    tx_idx=223   0x03e3159a1c699f2b4dbdb11492faeac592a6943cc95af70b7639a30443abb817
    tx_idx=224   0x65db89e19e4b8584b646e7a849a54e49d51a5871807dcbc4e02a03b393dddba1
    tx_idx=225   0xdb29555e457baaca524ef0552176833e69281b6df6df9636c9a65d04400db947
    tx_idx=226   0x1d952c1296156eb0b86e3754b54461d92835c0c0454b77c2881ad3264bb20691
    tx_idx=227   0x9bd46ebc27d1484e7cfd8cb46c3bb100f6c9b206b49fb8e6a36b256a5061ca08
    tx_idx=228   0xed66415e80c037b0113f3a2e2eae3d3db45dfa388090f7673ef451cd329133ac
    tx_idx=229   0xd072da349aa39516ded49b5498a7a268a44f827cc7fe7b22ea3611ed7008135b
    tx_idx=230   0xbfaaefe1952b312c0c60c09cfd35c9c66eca864e02fda5558726d87ca45b488c
    tx_idx=231   0xad01787d004baf7d3b142633005722e0a8caa4d3c56f2f2e71ae04e7cb1c7dcf
    tx_idx=232   0xad2835e5aa94993e3b67cccfe16662a08de95b765d27448c8a93faafb1d43397
    tx_idx=233   0xa362e6777c1aabce1ef500a2ae181d722ac63e0057d25fd8f58dc4aea4ad0560
    tx_idx=234   0x2c38478662b45b71d922b3e872659e552990f1b66b2c83d36291193d58181ec3
    tx_idx=235   0x912b3a5ca47f38f8b62b5cb049bbd9196a01d75fa3edf87a7cf7e327cac3d13b
    tx_idx=236   0xab85aba57b5b4cdadae6fc4f0ff6cb093394b60fd0b64b8e015aff376e50b902
    tx_idx=237   0x89bf263cc606c509abc41346df3e7b76c977591f5dd045f33e5a9a92405b4aac
    tx_idx=238   0xc5f8d3a2f5837aab2a71f5d285c14f497acc426cacadc16429887fb83ec38d3c
    tx_idx=239   0xb1c7abf9e2dd2a309bddeab3f5caef68be567283ea27360e7a435ebb10176e47
    tx_idx=240   0x5f1b28528d344f032b7357374a25cf8e6e453674824a3dc03636c4272a74a979
    tx_idx=241   0x8322532d2dd17d421f35ad16e07cff6089c0c13706c9329a5707f96e2266e6aa
    tx_idx=242   0xff8d81486b0a259f5055c6a9594340d92ad3b3c43c7d61b143ec15cc9d18308b
    tx_idx=243   0xe9abb5f8aefecba0fac9a86e2371fe04587820a84f64f6e677283fafc78de752
    tx_idx=244   0x1dcb7afd91c709cf0309841ae8b912d317d22ec8039e5673daf4179fb60c8ef8
    tx_idx=245   0x5b99d7e11e7f01382b814669c97cb9b798fd7477e33956bf41a44baa88e2298a
    tx_idx=246   0x769424b1aff53a5a103f5462e55303abb46413951cb3f2b7ac879247b6f0fb2f
    tx_idx=247   0x868961beb8afec1f6d788b6af64b95344f4dd20342bf9a9c2d8eafe1d9f69b74
    tx_idx=248   0x5ffdf94041f7214b5b747415bacc6f7684111f9a3218756beea8d0ee51500a42
    tx_idx=249   0x70c138745bfbc5c8e983b78964f1b5aeddb6a3720b25f9aa9e16068737a9a780
    tx_idx=250   0xb6b971d495bd876ed4f6b4574bb68e6299f098c7a0f13d31c480792734cf0328
    tx_idx=251   0xed0308c2bd5e21f8c2d40b0998e3a372d9bee706f6b1965c65eb6e3e5f1666cd
    tx_idx=252   0x17a9bb2ed1754b36bc05ad1cae63406bf814598389c9141e289c9af1201ab28e
    tx_idx=253   0x91a406851e467eec6bb2a73929c5135566b52294adedc5d1325570e03c6dd90c
    tx_idx=254   0x724309486bcc189c3a44d1c617058e4992410d7f571eb7c8d5e5b36b18c9982b
    tx_idx=255   0xd9d6cac58cfb3abb08def841e0a57300e7fda40c916a3834eecf1e75509cc0d8
    tx_idx=256   0x5d930678735f40c3c4184d36d5f81891cd74dacb448280b4745315e8cfd7dd17
    tx_idx=257   0xb0a2761239c494194485291074d28dcb2eb70b55d83671d857d87c123d8c0b83
    tx_idx=258   0xac7dec9ab28ed97814a2f8c89003bb0cfac03a88607511d889be378413b21322
    tx_idx=259   0x5e273a7aea0130810aa3245f9fad3529c647d8bd73595b1275f46ba6a65362f5
    tx_idx=260   0x7d0818413a364a6b55d56b327ccba8589c7dde162a391002641c3c14aa985d18
    tx_idx=261   0xbc4767c78b57ae7bdf9ad0b35f6f634810cfab9a8e566eb6e9416f1751ee60ab
    tx_idx=262   0x2e1ad2f93f6fa99708652905dd73a9d89389090c0844b733759d82b3ad529ae4
    tx_idx=263   0xad5be5614f58801369e5f3a26839f567bfe5c51b621d9ae0dca72c837aa9edae
    tx_idx=264   0x550c85dc70a7ada56acc956aabeceafe963ee231eb53ce42a1055d4b7ef46333
    tx_idx=265   0x876f0a228b3bfd739baac06164ce5da108a373fad5e9a19f0641e5121aff7aae
    tx_idx=266   0x9b5555fce6489a77d6deec2d1d76ba04bf132382cadc1d69956bcc2e739cc90d
    tx_idx=267   0xdff414e002e5ab523354180be0061f953ff027a79e7b6340fb029fc00c6f70f1
    tx_idx=268   0x6c78b7a081ca09ed5f034b1a8258fe6eda8afbe724bf2897496f0d282db37db2
    tx_idx=269   0xc8b8ccfb2b863a5229a8aeb77628630584adbab8b942323e8181ced62c5500e8
    tx_idx=270   0x5d99cee2210580f0d0e7b7b72b5a9c30d8cf791cab3bc013e3b8006fe560cef3
    tx_idx=271   0x1973e98b681ea2becc5ddb40b0b9db332093093e4e468bfd3430ec79bfeacec0
    tx_idx=272   0x26b7e102f1bcebd60b07e466aa77f722b13baf9ddc38fc8be3953d0c433c7596
    tx_idx=273   0xb205e1a1cb3dc70ca0070ee06fa1ef823b1229a6348c32891c26ba0e85005a74
    tx_idx=274   0x474b444cbddcd055e9d0efcc2326828a21e20da9686a697134774ab52f76160e
    tx_idx=275   0xacdd3cc9eea0565fdd304c208a8f123ab546d98ef618489e9928a710d381ce68
    tx_idx=276   0x6f34aaa52c02560fa4aaf02fe10f6c27a4316db120201e88ad9ce70e4361a7ab
    tx_idx=277   0x4c94e9a35ede4cf93acbfaf0a0abc6d6cd4397d6d5d83eca2b8ca9c389af4ff4
    tx_idx=278   0x8336ea825d270b7dafdeabd07a80de7fdbb7e6fb0072b6d22a4ed5fd4d81fa71
    tx_idx=279   0xe1851db42270d6cda6fc48ecd469e7b23b9d49073103d964e02ba0018f9f90d1
    tx_idx=280   0xe4f829d1bc1b322bd550e19e8bc9c2d460c541eda327d7d9eedf5c951ea66723
    tx_idx=281   0x87e30a2bd589f67002abc3c8932a7b077dff97287a02cf2d8dfd63040c5f0731
    tx_idx=282   0xe943953a6a9892df499864fef74847fb31b4f21582d7c400907bdc6698d49325
    tx_idx=283   0x354879c4cda4e5b2cc53af7847948c6fe6cc4a154b2ac3c7abf3f9d985bf89d2
    tx_idx=284   0x1793b6df722414c89cb298a3926e58fe3bd6291dd44ac569e1f5b341fdd45aa4
    tx_idx=285   0xc01d808b4e184560adaf6fcf4e27f6218ee477387ed56f36444b817da21eefbc
    tx_idx=286   0x74c6767bbcfd8be8822b859b1b71af2614a76ca97e662234ea2ab9f5b785e008
    tx_idx=287   0x3596d945232055da40e4cf891bffaf99864d85b4deac05f42b26f05a4b0665c5
    tx_idx=288   0x3c94fff76c4f2f99d298f0066b00475831ef331d5813c696c7bcb3ba41b2e8bd
    tx_idx=289   0x2422766a0094f715d6a83403df72d2d73ab75742ad9a7a4fc017ccd472ffdc3c
    tx_idx=290   0xfad0815befa6a3153394a510cdbc02e2901d1cbf635f78ed9efd621beb3b835a
    tx_idx=291   0xc25df0c6197c902146b69cb5babc257a76156a6003449c0daa1f12c35395edd4
    tx_idx=292   0xab0fb7a85095c19baf3551781bfd82d40a7fbfce6ae45ef37e0b3fddff66d90a
    tx_idx=293   0x379746d4295cdf193235725470212c88c003787a649d937b1decd2c9dcf58068
    tx_idx=294   0x165d4535cdc77d08be45af864cbc05ae759345eb4d7638fbc4a0dc14438b130f
    tx_idx=295   0x431694aebd85018aa713444988a4754cafb0fb352b2e3ba61db3a631dd09f393
    tx_idx=296   0x8bedc3d90d3477aa129ea649d5935cc69f758c3bd0792b47d2517e258b9c2a35
    tx_idx=297   0x686753aad131d15090d83a92bb557fd7252482bf68975a05d0a825f2930032a9
    tx_idx=298   0xe76aea5c53b0ea9e1c3171f47a8fb0e00e0e09e9038598231bec52193ec14a2b
    tx_idx=299   0x03dbd38db52cc5c25444e3968cf3790f09e0e6ac5b97d06bd1398c4d9ea39021
    tx_idx=300   0x0ce5d3980a13b9a5f224fd2aeb1012ae576be0fbf587ac02301b180ea2d808c6
    tx_idx=301   0xf8d12d494255ac26ef494c575eb46f0762ad9cca970f4fa239d796bdfc8da4c8
    tx_idx=302   0x41bdab527fbd6b1adac9aec394573346485599b230701d0d7ad7bacd95c98c53
    tx_idx=303   0xcb7431c7a6250f0cb6c112205035e331435f0fac21693b305c7057bf263e7e77
    tx_idx=304   0x0bd89da0cff1e934f2adc0c1b3dd03cd93d5990dcfca6d76e9b00e572defdedb
    tx_idx=305   0xc0d59aa5d8d2b8f6f3779bb4e460e35733aea918cf5f3bc8a559b7f584fc41c6
    tx_idx=306   0x50bc7f3d4d52c98a9598f9127e75d57b5e959f990769665b35618dd0c5a039b2
    tx_idx=307   0x5a400e77380912355abe363e6c21ce544c16abc2bb7d7e05265430d15512d1ed
    tx_idx=308   0xbec2031088a52f37ac494f793279b79c00ae00f95c983f063e9d18e7364d2bde
    tx_idx=309   0xd886859d3e57d44f1e45f78c5673def6d453c058f99e1679816fe48775bbcde0
    tx_idx=310   0x4348ca5ef4d8b7468da25fdda3d576088daf71e227540c6e788ccbfd930f080e
    tx_idx=311   0x785add7ccb8cc902478f2772c65429d384636360b05b82ab53ecb976e7fdeda5
    tx_idx=312   0x887f850cb355084f578146a314ffda9e4f7e284c701af7142618e51f6eec5c7d
    tx_idx=313   0x7d236e9da36d4bdecfe286aa42568ab8b97fd99aa2e1c2ede8fb3372b9c98c43
    tx_idx=314   0xd1ae468f15ee54e4060ce06d231e4dfcc4982ebc70021c1d9a29aed9933aaa02
    tx_idx=315   0x691127fc00298d35af50d3f5ce2609f4b5d129814472771dc6b63912c3679da6
    tx_idx=316   0xa2488780957cfb5ea8d3b13c77b1a217b123f6e6ad0b2bd8094ba8079722054f
    tx_idx=317   0x4c9f20762abdd800f89865cbeb0e01236c97d94442694eca65161e16c62ffcba
    tx_idx=318   0xf00c1f6c164e41921a4bd45fd26f3d298b07501bd8594764391832c8e19213fa
    tx_idx=319   0x4bdeefaca4a4cbcf6daf8d8f8957ccefe15f7783430cff1b7ba1e9f196cd1ed8
    tx_idx=320   0x35b041a3aacb9f8271db7f9d80e9aca9c968e26f05369dbb88880a300ed6ad48
    tx_idx=321   0xa7bec8c30e4fe827170ad4cb5c9ce9576f43dd2cd715f36a273c37118241c197
    tx_idx=322   0x87364390694dbb21b25fe44b150522e8dfcc8802c7e2c6ffab6dfd6673562b2f
    tx_idx=323   0x761b82d7f9d75c3cfc74ec8ac7a5af137f608350b24fba417b6ab85410d7362d
    tx_idx=324   0x9ebdf72ae2070d850b5dfb3eb9c8a031393fe57f8b73545957e36003d224e36d
    tx_idx=325   0x49a112320ed679e75773e3dfa8783e7ba381c4ddcb866196a6b0021b40dd0482
    tx_idx=326   0x21afe6c994712e726586b5e83b8f22c2edcdd2b4c8201817d6b83f3a3ee8b209
    tx_idx=327   0x9c83c3645f9c392ca17a07fe07afbc5dfe7b5875f8daa41eb98080f5f017b84e
    tx_idx=328   0xd2bed145d0be9724eedd4176324ef9aba02a04967d10f3144e1c24f34e8d0356
    tx_idx=329   0x51091ecfd1ff263077e99df62755e86f15828e0e529a0dfb2a6c96d3d9e372cf
    tx_idx=330   0x59ecb4fd830f00c8f4f6b80047ee52e0b6294d717d0b98c67e9cc2f1bb3714c6
    tx_idx=331   0xa3dd04f18c06672030e83ed6dcb30450a4b3d81e9a3382715e85c35f1c5453ae
    tx_idx=332   0x62b0122da8b99739ffd6376ec0df4fb5dd6d73c79a235a59bdc55ae0c1e16d1e
    tx_idx=333   0xdba3c7aa64e80f77a9f5b9cf059078182f2114ee685fae020537b7e444696f98
    tx_idx=334   0xc7f7c648dbd8d88f074e12a5c15c26779ee21f4efd07c7edbcfd37c2c0f5f736
    tx_idx=335   0xfb4ed00b85f88043f61f3e4c4182a2696b7461cd3a74720c5d4357bd6a04aa2f
    tx_idx=336   0xbfa2e6a1e56f0a48fcebcccf422a371e58903207d442451a3e78588b9fad24fc
    tx_idx=337   0xc21f454248682e0b6c576385bb418c3242c709e23cb163975c7e8e32b4822bed
    tx_idx=338   0x291b7a5e0541aad263f4f3c08909a1fe0eca2cbdf1cdc3960c76ead6d769f0c4
    tx_idx=339   0x6cc260b17958770dca9e52bad0521053721a657de6310b91529b1c565b44ba66
    tx_idx=340   0xd616951415b0931e72f813665aa04c383ad81cad3ffd83c8a0b89d2f74826057
    tx_idx=341   0x819324c20ea5ae5a7c51f6101582386cff3e2a085b466fb1e7c0fae421b20516
    tx_idx=342   0x74679ebf2204b9f5945b38d1efdee7d999ab67283fde84d77bf9bc8132fdb285
    tx_idx=343   0x79c929b1989734f78dc3859b3d8f9221afd511a685fba55621b2adddc08affc8
    tx_idx=344   0x9ce5495244731c552b9385ce17736f23b26a2d4cac9fb8f097579d3e8da7edbe
    tx_idx=345   0xbe41d9a4eeed93c0f3a3223129ed7f531d1e73abf5d59678af160ed92dc451e8
    tx_idx=346   0x2599bcffbe0f48b953d421b84a254d8a084a75cee9f43d9a8bde9e70099f6f9f
    tx_idx=347   0x3c330c36d3e54cd6117810977c791cfca1a90e571c05db4fac0f8f0314281535
    tx_idx=348   0x335725274e9e9a7c94f9e158348b1e12aa20eede6b17a8de3afef793931df828
    tx_idx=349   0xc8224863dd79f64e99c627be78b69920b39314acc066203aed1a75998729a0b1
    tx_idx=350   0x609621df833989544818e750200f1953874170d07c9999e677bf624f5c91bcf5
    tx_idx=351   0x54b16967a70f16b87446becd487320f8ffefc87486c42d5a41dbacdaefa51285
    tx_idx=352   0x79df2cc6b6e629df14adf4cab04ce39b6bf74a60682e078b6cc340acc8adf714
    tx_idx=353   0xb217a7160419d87375eddedf36581b502bb213d038501a2a83ecdb645399fe65
    tx_idx=354   0xfeedf75b3644b53c0b87d9e34e0a6ceeaf60ccb287780eaa7ec2aac0bcd6d7f3
    tx_idx=355   0x234a7b675c80561ac9e359266eedb0f82711a53267947848398892061c0d6830
    tx_idx=356   0xb81012e3dc0a4201d198c06ea81d62cfd97a79a1a5954d24c4fb81269ef8f808
    tx_idx=357   0x4e529552849ac5713efbcbc13a9eb0f7dcce3eba087c29363cbda0146dcfe996
    tx_idx=358   0x9b7ea602d8858d1980ac16bfbb3fd33543b971eeac63fda4e9bfcc6994503264
    tx_idx=359   0x289d22dbf61163d116f5df30147b3c21e87f1e338c7daa2025db8168819e41de
    tx_idx=360   0x904986c3d07740b52b6fbdb11bde1a0610e36e39315c21b279e8ed172bb35abd
    tx_idx=361   0x1ef274ab3ec8a4ca6104026dd15d2181e06637593c80ca1889b2b225092e7fa5
    tx_idx=362   0xcee5b5667332436b295ae8c0d22f1bb01a2408aa3896ec75fb9df4ce404b20fd
    tx_idx=363   0xeba909871236cfc554f049569e7ada70681d8121a88eca2afb8c38bc818a3a76
    tx_idx=364   0xba03b9a16c4aad286857b5afed92c0ec79b41eeb33c99f6057286940544ce682
    tx_idx=365   0x9c667ab2086188e8deeb847c2c2488e638a0e6b62f95e3cfeff3005ec474bfac
    tx_idx=366   0x26aee69116848de0beab5f702b66b1aa3ce4fc6bca4926552d8a2cf96495d861
    tx_idx=367   0x46bd5692d5a6b10540768c02dba57762dc8e45f13ed69281bc1876162be1a39f
    tx_idx=368   0xde924eeab2f6e31f175f61d05b063306c273e28ea4902aba8fecc0ed78a87d95
    tx_idx=369   0xf59f19183b6ffe1c6e9b99df45c1637941e3728f80173550ea6924ef08ad643f
    tx_idx=370   0xe80c2aaa6f1aa74e1799107c944cc61360576b81b05e31f97397a0bf34a383aa
    tx_idx=371   0x467f06d75e2e0395fd1b9faa1992bf1729779786a51454a8f21f2d99e921cba7
    tx_idx=372   0xc1130858a50aabfb3a0d446560f35f0536bf80ab2957f57254dec8204a824740
    tx_idx=373   0xe9c109a445b83d98dbefad194412fb27152a70a338bc8c4e37223c52fdfaf3b0
    tx_idx=374   0x6b3183360f59693adf31c8f36684b8d3c277a95b285e809d895a2a6f3e43f736
    tx_idx=375   0xf85b24e3ed18e229ee0b9fde0568dd4cb8abd040ec0174b03b340588b2740e85
    tx_idx=376   0x6cf64c2b4c49912f7b44e2639c42a68719f702eb50128e5409ad0c873dc72165
    tx_idx=377   0x62aadfff9ea13b4ec0ac39df5a7f69afe6b5b812bf0f903d47c1b8aa63220827
    tx_idx=378   0xe7f1656212a0eb88192efad9c74f2fbb4f7fd8a6da4acc5d3ea299386bea132a
    tx_idx=379   0x0b02b98da1e995c667be79e967d2d0125b882d2115b8b77237bc99f59c626611
    tx_idx=380   0x99ee8d74573b5385c6f5e7d6510b11940774a7e2b7d1ac12a03acb2fd136dbce
    tx_idx=381   0x03718936931479fe70c9c68fb1b254b3b73be6412915409471f68dd3479f554a
    tx_idx=382   0x5171e80d0e9e9360e48d1833c9b8f61cbfa19b5c8d35049f827f08b19e8b1753
    tx_idx=383   0xbd5ac40670c9c7dca8e1321d80c560736aaaf584b79c31da744f160ec808e294
    tx_idx=384   0xd90fe647d41e3e7140e14195c925e66bd187bb7c4bafc01eccf77d43b2b404ac
    tx_idx=385   0xd271ba06979e83173cdb358769f251f3e870abb4a25fe00d7eb5bf77913e40e2
    tx_idx=386   0x6da1df6bf7478b3fe76d1b71f736ded01bcb30eea5a8315e25362de7e07758e6
    tx_idx=387   0x77ad5b7619ec0f47ea0ce3c0ced38091b551806f31e4bc8a96aeec51393c67bf
    tx_idx=388   0x1899a691dfe467aaf5fea65b84f6c176cb55f458ea7c778fc652e7ae853338cb
    tx_idx=389   0x9b2e0be2815947b7028086fd97051462d5e7666fe7c6cac0d06fe8f9338534ff
    tx_idx=390   0xb654502621fb0e01cc2acc1c5b88b63e8433198457132555a57da0269de8de42
    tx_idx=391   0x5febd0e3ea07fb1aa7aaf7a9b60cb566ce1738fbe75c7687bfca3e335ae5e3d7
    tx_idx=392   0xf2d7c5191a50d819de0cf35bd1127306d8b6c022ea297100903d71c6019ca162
    tx_idx=393   0x1f1d439d5e6c6f773d9e0bf6f216b3559ca18c6bc0707aba40ca7a277393c0ee
    tx_idx=394   0xb547f065e558de8805bbafe5eac54e3ae7e1c0dca48129e5629b6f76c8f0072c
    tx_idx=395   0x7319f5aaafe24e860049b633a55f26e079806545fac6745e439910276c57f75a
    tx_idx=396   0x5a8112c9597d94acc3ac06a6082219b1e7b1183e7c83b0f8ab17e94ec8e60039
    tx_idx=397   0xf25eecbd7fa5562ea90e5eae2b32dd4e58f139c7c2e60d798512a467d11629f1
    tx_idx=398   0xf407e10df9d0f950f6f23d11e616105b129c1f921e12a6b6795276bca7b9a5d4
    tx_idx=399   0x610473f1c590591b5a145ec658d385fb17343e0396c4b5b042159a21a6b641fc
    tx_idx=400   0x69b51ad7b3d6b3dc73b51d682b324771f5d68de07863e9c96e40a1ebe6512210
    tx_idx=401   0x60c2a43a91ba61c810c7070156fe049cd094692734700e12fb0ee860a20992e9
    tx_idx=402   0x303c51bddc5228d2f3557d1b37ca9544b801aa103fadc48d28995e00aa28f2f6
    tx_idx=403   0xa2c996bfce133c5fc67474aba0b6d3cc10bd129729d647da0de50e08029d0db4
    tx_idx=404   0xfec115514406bf8977f0830af424217f259916e827e1dcf9b136da3af51dc615
    tx_idx=405   0x0721da4fb450aae448fecfee177d25699a2c8b3b05de9dd3bd759d2fad3c5d51
    tx_idx=406   0x3fa3e40cfc21704842ea72e377cc904dce9af225900b65842be95b31585a4b99
    tx_idx=407   0x0ac30960db7df12644020e9a382056031e2ce8f61b369fafb739b627a5891780
    tx_idx=408   0xe50a2f5e475e355b1d1d1ef0ac075b764f805ee68cde56e4f3ff6254bed003d3
    tx_idx=409   0xc34f4d513193b884df2cb97977f671ce87f9f145d82234197e7f828d91e91cb7
    tx_idx=410   0xb0a78afaf28415fca437229c27e9404139591f304f8dadb813b05c8b54ba8682
    tx_idx=411   0x04d05f48b832fcac46321c107b316b1d1d3402c26c448eec610e24d5387d94ad
    tx_idx=412   0xb186b21c1c18b3468f0ca6bdbc6db236b7a7dc7d2ec0aa9c3bcbe85ab215476f
    tx_idx=413   0x0268f6ef5f84ccaf7f3c50ced9f3909dac6e5a874c06407b17fedecde77163ba
    tx_idx=414   0x681c5c2da0326634edf7ff173a1b3f60ed8ffab3813762b573cd69b10b2fe722
    tx_idx=415   0x6a013f83c6ee9067f4df5d2077addb168a5892ebd533ae83d3827f50672d19aa
    tx_idx=416   0xcb2f5f7fac863090a4352aa018cb803f7d53350d6e1c821d44ceaf6a32c59e96
    tx_idx=417   0x731f9ddc68dac5c8eec5c1bbf5c4722e21ef6e75bb3e3d2adfffcb2cff2bfb41
    tx_idx=418   0x4ca643fa94c9ce840d716e602d7706d8157434ab500779a947ed179911cee959
    tx_idx=419   0x4384ddbb89b3f166396017df53e34a9d515e037eeb93e093d05770c5d9eaca36
    tx_idx=420   0x13f662dcde3e0c6738711136359a9a17c10b0584b068b57a42c6f03339c049d2
    tx_idx=421   0x0815163736ca4b8902f9e46c8f236c19ba42f6012bf8c10a0e61678d91e55e2a
    tx_idx=422   0x9495a0c0b0ba38cd599801d6bda0ff59ae6a015e5d68e01c60b0ef74ffdec384
    tx_idx=423   0x73d39f871b323cd0c95ec93efa65f469aad79267d4c8c803b61f5eaeba135df8
    tx_idx=424   0x60ec651e6081385feb1e40068598966166ed7c6a707926850126d8fabebc1b66
    tx_idx=425   0xe9833866d69f08e60d815dc03fcd5247a745a8484c14663bc6ed1248ce8a34cd
    tx_idx=426   0xbcde8ac8d34269a11b076a8d58b229135c812a1060b8c2cc5310ebf44c55b26c
    tx_idx=427   0xe502ceb92883a85282b5d23720c09062c6db15c990b2d2db83d35e51b833a03c
    tx_idx=428   0xaa2839564d5e8bbd5791017cff0c54d8513cf0802d3c42fb7f29090ae7a9bd85
    tx_idx=430   0xaa55560facd7ece0bdb68cead39086fa52e8efbc4b4561237e77b6cca520285b
    tx_idx=431   0x756085bb4faba79fce880fa4eddf1852fa2d33775844bb7d4e8445d070d63b50
    tx_idx=432   0x4a7f51a6a5d92a0e3984a929aba68a89b823e6678c56e2a04ff1db8063324c6a
    tx_idx=433   0xfcae719ccb035c4225f7dd2e40a65be426225def09373ce3b9ac791c34ebf152
    tx_idx=434   0x3708f9dbda52dc24c0e5ed65a4e913540314fa801b72b4332c849ac35228b67d
    tx_idx=435   0x864e2e078993c5aa2dd662b612abd2b9bf5dbaa47bd47522cbafb823fc172b7c
    tx_idx=436   0x18e4e81b3d0903e4e5efb9d460e14a7e5be1c164cffd5712f43a85917b9dca18
    tx_idx=437   0x689aa3b81d5be6bee83ccce01936b9c923474b3e925dfeb6301b232c9a0982a2
BLOCK 25464942  status=ORPHANED_SUPERSET  canonical=222  stored=327  bc_tx_count=222  orphan_only=105  lost=0
  canonical_hash=0x9a56c3e16b2d5b17484aa656e2d67a70754e53b44c9c7bc26a067c18699b144b
  ORPHAN_ONLY_HASHES (105):
    tx_idx=222   0x055eab8ea10b99952ac0173289d3313496afc7b4d5c5dc67ac8515066c9563b3
    tx_idx=223   0xba8061430ec20b033564d3b89f20125d04ba644a6355a30e05527e9aba2ceb8b
    tx_idx=224   0x987540f376a41a57dfa2f6e187d0ed57539ce6ed9f7cf0c20080de4731c01931
    tx_idx=225   0x2448bdad1ca8f5b4d662a7caf6cf88a447847a3b03615b4ff55f06c29efa0a9f
    tx_idx=226   0x38f32d9fff3451a8996ca2d59204079954ab0bd195e9a4e62017b8ffb4d832aa
    tx_idx=227   0xe4695b95fa49c8eaa89fe0f2a117ee96df462a3a8317a30077a94b67849b0fd5
    tx_idx=228   0x7595e61f658b07ae2bb77cc13a615c0d2a520955e780d91fe0321ed1756f7e04
    tx_idx=229   0x6a45fb73065c7f6ca086ac9d0cbc2677f0fb95c378ef906220b2112abcd8ee85
    tx_idx=230   0x3d38b99b1c2d03fa390f23d29385ef38ecbf61e478f644fab1cf56156a3dd589
    tx_idx=231   0xf6804638df2264a9d6d85f145bbf2c8df127af629bd03975572d54f13abc0849
    tx_idx=232   0x23890c63d9a5087c924d6a9d9093d6871056b1e096bae8a80d3bd1d5383aaaf0
    tx_idx=233   0xd2343a6dfa4b176ebf9b41f2e91515f950fa2002a7bf8a4f9a202b192075d7e7
    tx_idx=234   0xef1d82b709ac1ab5767ce269994c736aa592b93f7a71a0615259c7644d354d4f
    tx_idx=235   0x2d412d2ee4955164c67e263326eb8e74df26f77b5d6b14789207c4282fd85630
    tx_idx=236   0x476d73987df48237d752129dba83d94bba79d603285076f1d1d3fb5d7315aafd
    tx_idx=237   0xe574f1b933698ecb0b25dfe399e66a10c6fa9c96a78eac52b5d835aafea8f8fb
    tx_idx=238   0x1595e593bd6f849283d31b96e0a3f0977dd09b32aee68b884c172d8f15c4a42a
    tx_idx=239   0x0c099717580c6d1bbe4bc45bdc0870e03abc0704a3c512d9ee3a4063a4494ac8
    tx_idx=240   0x84df0d1c63bf5d3b198d34f8b8d7c78809f7fbe424ec559e0b3e61583b054bc7
    tx_idx=241   0x257e0c19c203d0da6011c6ec2033c186f4b7688522361c56f13fc5c76c8d2475
    tx_idx=242   0xb71be7fe7ac040cec78e33550e724df69d4be43dca7dc813c3d0985416a85a73
    tx_idx=243   0xc8462d0d8704f1c0e19786915b4c73a373207d5a7f72c35c0960def158597d87
    tx_idx=244   0x6d53013c9237888316cf1c13ad914e2a5f6adc47c98ca6a91ab4b71660df9bd6
    tx_idx=245   0x794a9c2437fcc852a8843a6c0f9c254cb171fe722dff747b6e6dcc6ce8a5ccbb
    tx_idx=246   0xe76a6d1cb432583070d35722baac4e7f7b66b06b30a063fc8bb44d471deca9f7
    tx_idx=247   0xd05fdb69a19c3ee7ce6f44c587bff668f2fa782554ccbaae9574bfb0373b34db
    tx_idx=248   0x1cb3ea3050fe1f4788bf65d9fb2902319703380ec8e2bba6f90cbd57c413fed3
    tx_idx=249   0xcd9a8d104f1af8a6c16ba8e4919e98be67261f3c7cc3bb0cfbe77551310dd3ed
    tx_idx=250   0x380c1732b67c6ec98c3ba818bdbeae2219a938b19258d72801a6e3ceaa68f990
    tx_idx=251   0xfc68e6ec1f46cff8c9721aeef4cc076f63b2fd1326d518fb243b060374a489c8
    tx_idx=252   0x074f4e546014281be593e0774ec545fd713c077608e467946ed2270163cbd4c7
    tx_idx=253   0x68f186eb62212c162479d276a826e1800cba6f1ea19ab0b1e66e79d2ec11dd26
    tx_idx=254   0x229ab3a4eb2d00930cfdf173edca1b5620e5ba730b29d0d44196bca1122d20b5
    tx_idx=255   0x9e4bf3263222885c24450727b13f939556c4eca5adbcee8d72cce5810ca1aa26
    tx_idx=256   0xf193466261fd1a598188347208a6977af16470a83e217dc61034edefcd02d3e6
    tx_idx=257   0xd44d0bd6301cc29a57f8bb365100acd3e1423af19a150dc145483bf0a3a29149
    tx_idx=258   0xa43f651bb15ca4fb51bacc01f62b1853dff286384a9d42734e548a8e5f8d4e5a
    tx_idx=259   0x85d3f25de278c081fdf5cb189cb8c2182a9a065536f7a8c9c502d5a06e0de568
    tx_idx=260   0xcf20ca580d02e49fd01fb485c59242e5f569b66b68dd65a2a197046ff816081c
    tx_idx=261   0xf531c88c0ae630ee175730d866818bdd72cafe2917c3b6cd06254161fd38be60
    tx_idx=262   0xe10ac19a58b04726288049f66dcf61e93548e64730c61026eb5e88902ad5124b
    tx_idx=263   0xea815b470ad71e50730d19dd8c07b592d371bed242c97cddca11ff3dda624878
    tx_idx=264   0xacbc49ad604ae48fb8e4227a1c0131d62b07b7de073ec0ad6063e033cac9769a
    tx_idx=265   0x50b48abc115540cf71ef471efd8c76c240c7ac86d802871a67894ba8a15a982a
    tx_idx=266   0x15ca1aa0fe060e608984bfeb1ebf831bdcd301d29998427455f622ed5a6ed6b6
    tx_idx=267   0xaac43654bf2b18bbf13307d1340aaeeba95d737ab045b0d10aaf1912657ba31a
    tx_idx=268   0x26a380bdb10c73c06d8b471d5a2278a82be689e4fb45aa96639dfce3566cf6dc
    tx_idx=269   0xfe9aee878078bdb7c81717d9a12cc988ba3fef3c04e5fc8852392d372f39d91d
    tx_idx=270   0xbe50a91214a0b788eee9b4cac6d215993bbc67cb2b0e0375b8443526e587b2e9
    tx_idx=271   0x3fe8621fc8aaac6e3f9542556efc93a19240eca21deb2a59d8fc3fa8b6cced5f
    tx_idx=272   0xe24f5cef8325efcfb1b668dff8a4a349c97afe913ed4d4399fdbe53aeebd7a80
    tx_idx=273   0x6ebc0057d7b17d253eec9baeb464b9eb8650c13b0c91f615f1907b7e002249f0
    tx_idx=274   0x465e117ee81d895b45297a4ca3abbfde174dae86d86504491e5f334aa9f57985
    tx_idx=275   0x9b471e87f43c1cedd219c35be2c876cfaded0224db06b4cebe4da2263bb5b460
    tx_idx=276   0x8830a616c0cf90cc034afc1cdf32b4385e54f043337c708fa35a76734085d22a
    tx_idx=277   0x80925688691aa812023db6558169503863c3c98e4f67b890937f695bb8ecfc63
    tx_idx=278   0x379722cc2a9ba059076e4ea6cd63db2894be27de24c8dca4bc5eed4d9070caa6
    tx_idx=279   0x0f05a418d0de016ece31e4bf0f04237bc7ea68b70f102c94c0e591c8e3d1f42c
    tx_idx=280   0xdf3342887f1828ecde5b9314d5a4f585d6fc07fc7f6b13f9eef4b0683722a430
    tx_idx=281   0x36a89f172da09375e08e6b5caaab35a3f70f477bf9ed91813de0e1e1e6e6e08d
    tx_idx=282   0x7f6acae5e6bec493c724183b13b060b19534d87f06d51891c7b9c57a461a9530
    tx_idx=283   0x1587e8ef07a52cf0e63ac6bcd9ffc348e1c2915b7ae080841afa0999badc7d32
    tx_idx=284   0xc602f02f90a9f97bbc5717ddb3e864f74503532aa5527eaa7f6bcb0aaad40960
    tx_idx=285   0x84518dca21d171bb6f05df135d8e8cccbce2cdef144f15714920c881d7f9f315
    tx_idx=286   0x32f19fc6e688ef4ac986e744fbea71dc1cb0642a7801721e816bf24223136a66
    tx_idx=287   0x6e93d8db3d6a6efcd0756d9170302be84f4023f54ef04d2016d505df36180e34
    tx_idx=288   0x94033f07aa4adf2097fe7884560a5bbcb0aad009a07a590232b534d84c93c0c2
    tx_idx=289   0x599fb3b3019a0a0fa45e01c14fdd8608fa521180512b62ad6f069e3f658a5183
    tx_idx=290   0xd25de8b57a5a01dca7652123ec67269abc3a9b8c63bd41e4dc6fbe2bb88cc1c9
    tx_idx=291   0xa32717c9da622f1be955138be226c9c3c5c9d167cb6db8f44abb6303166ba224
    tx_idx=292   0xf7461e2e891f40b3e79b5bc7a9b9026698e216803f98ab8bda6d6e2daf7670d1
    tx_idx=293   0x7171b013e99fd9bf985fe99a0d84c3ee858a42e4797e585be69d7febc86b0232
    tx_idx=294   0x3cd29308d488d7486fc4939c77346e26038369f6c1dc8c6fa58483cbba04d930
    tx_idx=295   0xaf5b315cef9090aad599560d37f63135f227937e10b190e83e52c8dbaba2d721
    tx_idx=296   0xb03ceadbb9ba5e9e6c5803f0133d25247279ed24b5b992e3b6ad0a9aa6031d00
    tx_idx=297   0x602c48014c978542d57ecc531b39e0370ec95e0e981b640bde3b19caa9928a52
    tx_idx=298   0x2f6cbe8029ad8ff32972e3276ac2101c08a01a88024199dfd2297aa9d660f27f
    tx_idx=299   0x6000964f3019ade25f27cd64f0ff739b52a942cc80810877e5a4de05d0434e9d
    tx_idx=300   0x014873c3bbba0d2c2443b599758ac5e0312a9fe45d23e9317669fb96b7ffe16f
    tx_idx=301   0x9167556059145ff42f2b2b9b6dbcaea396d6493c62265f9354c7f5e1da0e4003
    tx_idx=302   0xb17edefc101a00454558443203fbfa71d4ba81e7e3b10e510e305988e9b7f783
    tx_idx=303   0xde05d2018d49d23d4497930b5703c2ee7a31d2e5afbdd0722d36dcaa2252fb5f
    tx_idx=304   0x2ad68a1873cc72464a9001a30902972c06aa248117469331521be1557e6bb22d
    tx_idx=305   0x559f8d02caa53bc757b41f04190360383a4e3bc3b61231d9effa483423b4b4cf
    tx_idx=306   0xa7b30981f513febe6995cb2da896cee55d9907f23c882a4034f4360789344c9e
    tx_idx=307   0x69c87e505b68f9ff09807ced85c528cd9695b7cc1d1c0d941e38391cc681be95
    tx_idx=308   0xd2735826459c888cc11a278cad98c34870a96ce9d33c83f2c6f709af79eaaa2d
    tx_idx=309   0x3fd3a6b9bf6c52db295015913868306cfa5876b1467478846df3b0d68c12340e
    tx_idx=310   0xd327d5f17ff82cafe0a4a953ec02f2c95178dfa552bf7dd82d60e5834eccf926
    tx_idx=311   0x24246ce16677fc6138651bdfcbe4e69bc418bd1f294d15d629293ed7cff1df2d
    tx_idx=312   0xf1bd773a7f250c73db7203a73d67a46ecf50c267a092d46cd83e08eb86db9e71
    tx_idx=313   0x53fb5e2230fc917e7d460f674371a4784322159dcf4314536c908792ab398a4f
    tx_idx=314   0x3030e761474ef31458f6210f01736d602c2ce0a78c64f2f43c55955a248c8d0e
    tx_idx=315   0xb31235e0bb625bbce9ce35246aa38ee4bc5fd59d87fce18d9fda185c1f41819e
    tx_idx=316   0x09f65b6e37f36447553bfaadb6e129ca969780924654566333cef9d3791ccafa
    tx_idx=317   0xf9939f08c15eb240ee92ab10526da2122a0a7fa2cbdb7ff7a0522cd02e69e238
    tx_idx=318   0x5f3d5f97897fbdb94e98c5b23199326823e086ea2e8e53e10bdf14a6c69e3ec9
    tx_idx=319   0xf749a4496dc3ba5bab27e2578e14a5f0defc2e1c25ce1c055e0a770fb082b151
    tx_idx=320   0x20895285cbd71bc93ef15dd3203429180af671ad3da82dbfaad6a4b4f9a55eea
    tx_idx=321   0xd7f3aa8552744ef7da3670cddf0f40a3e7468a3b1c5c21bdc8b998c22e6fed23
    tx_idx=322   0x3affc811ff5689c31ab14fa8c78cb0ab6f9236f901e509fc09070bf0a7530101
    tx_idx=323   0x9d0234efea2b7fb7a865984c59a1e0f5c1fce22687a49a20f86e3a6a4c6e0f2d
    tx_idx=324   0x6da015942e27e89f4331c4ecd6138c7431c843dd6ea10487d25253e51372119a
    tx_idx=325   0xbd9e60f99ce4dd09803121df356e1934bbf10824867fd5d00acc1df937f7b7d1
    tx_idx=328   0xaf0665a288205a57b5b7b474b486652217b6e5ddf26fec329aedf45566c7ac3a
BLOCK 25581374  status=MIXED  canonical=416  stored=177  bc_tx_count=177  orphan_only=28  lost=267  *** DATA INTEGRITY ISSUE ***
  canonical_hash=0x2c88c707f87adb62d2f4ff2f4eb27394c64af460e64d9177f34a5bd6b4794e8d
  ORPHAN_ONLY_HASHES (28):
    tx_idx=113   0x872275e5a76972fc3993908b297c9f7828f1d50d7ca375dfe65cf7c7d09b6ec3
    tx_idx=135   0xb513c0f86f14122270fc48e50b7b18f68c811794567b00372589188cb501a26e
    tx_idx=136   0xdd6f946b105606658987e9c11f2b9169623c169b6c3a21be4cd186caaa88a297
    tx_idx=137   0xc3406cd51501bc4ecdfe75f18a6c2a82217e644621bec9d649410db86e83cf7a
    tx_idx=138   0x7f0e09042839e9a8cabf3157348f93cf7b853871b4b5eec954d2f5eaebd8a65a
    tx_idx=139   0xf35c289bc91bc9d8325aafe655094061910777a8c64fb9c1004b043aeea06a59
    tx_idx=140   0xdfb85c874c53629d1995c7e521c36945f8aa43943a5a773682f1449d648d2672
    tx_idx=141   0x52cc01087a7e751354d0eaac6c494fdd4eddefa8a99cf4e905876e6737e30255
    tx_idx=142   0x4843d1b8db91785cd1a4c05142ead1189f9220bbe3ffea5afc48ba83f043a365
    tx_idx=145   0xef5750efd2c09d0a0589131ed4b554bcd1253c854ae089fdaa7e76039f73a11a
    tx_idx=146   0x65695f92d937eadc10a9a2065d4b2412537176f10c3656d0c80dd5690c5000d3
    tx_idx=152   0x2f1bacb8b1c4dd890095d8e503d920484c2c35ae838846fc3af2fceee5addd2c
    tx_idx=154   0x5f2f8b7ef4bc336a75d5895ec6f177b853bd477f276d020d4c55149a0e8df3e9
    tx_idx=155   0xd9fd7dc1af440a5a3ad9b234bd2ab94a600de1f2f07afecee65b52b45c303240
    tx_idx=158   0xc8cba7c80196d33e7f706771b3b7d8eed6450703763e018792a1a65a24e0797b
    tx_idx=159   0x1aee1666ad9458e3bcf65a15ab58ca625a20b7453e800a39cb5dd1fdcbf56511
    tx_idx=161   0xa90f20e77f67a8d4c40c47d79b45fa898771c24a3df6d47c3e97cfd3e6ba0087
    tx_idx=163   0x46f5c07e63d833682f0e6a86a3b2b4c1d5125f1e4e0d231e3f0d372a15ac4683
    tx_idx=164   0x7686ffe4a89d7275075ceaf2a34bbc993bd80800aaf572075fe253b2ccebfe2a
    tx_idx=165   0xd12950760c3ee828b9636de3e1a750681fdf27130c83e1ce2bdccee85fb39b0d
    tx_idx=166   0x5953ddd09ceae3a834dea03f8726765ef5d645374c6ceaa372aa855b0809a49d
    tx_idx=167   0xbaf645509136cfc2bdf3bbd74c3f9119418a3177673b94b6a2c7cbdc0bff5799
    tx_idx=168   0x4729febe89aa9fae22a6436c98886fced7d5310f79a94556e2c433f98f6a1f82
    tx_idx=169   0x5d260efabfd280b16da00e6cbb62a5762a90fd9c96b49bcbb9144b90d81cc50f
    tx_idx=172   0x8880b6339d3f0e8a33de18735499dbc99d0f0f08147b7802d2f105760f125585
    tx_idx=173   0xff612d598621da643caf8709abddcbe75f2d4ca40f38179500be930b31ee82bc
    tx_idx=174   0x847066589a156e1922e4951eda608cef496b0dad80326632f97e27d4dff6fa7b
    tx_idx=176   0xbd87fe8243a094f35dd1049eccdad1801f05c2bcab2006584c96877410ec05f5
  LOST_HASHES (267):
    0x006a19a1b26db10d308df8b8be52e6235d8a67c31fa47d1de398bc20ae34236e
    0x0273e0b05b0c588992df4cecd733749df537dc75cb59ad344933b2480addfc5c
    0x04563ac50d4ad0e657d372bd6b421881df3f334c3c0820f22841128e634e9279
    0x048bc71eeb47cf8785627b9733b84e5ddade392c5d17dc7e83edff0084233985
    0x04c71bbc7ff1fcf5616f46f018ee5f9917fdf67bae73276509a047c0971228b6
    0x050a2c219ff48d50318e9ac88c08bdded950b070c6162e900966d4537e495994
    0x061fcdc2847c675cfccdf042b63c03a662deb6d89b19295d321e4b7d822d1ec6
    0x068e01dd8833fbdfdb02aa9fa7952801f20d53bc5224d3c148bc4b4dfcecd990
    0x09ec4088588e0f0e69c7b1a9246984951b45866cf94131aca269cd28eed60ef8
    0x0a3259364bd0e37fbc61c5df74943c66cc4a860e0fab219403b4ced62765b205
    0x0ad7cfe5082e3fea4ea40e5a7f29d5665875061cce5997f6e3e3eb35c4064794
    0x0c255c02eaa87dbfb83a79fab0c5503faacf18697e766d773593e7944dc4df58
    0x0ce4a28b435f822edac9355ddc9f2f3ea5c05f4c4504a72e4da660f4144fa9bd
    0x0cf32ed917170c2e2993cd0f05500e3e2e5264157da52baba941176a18baad60
    0x0d5255d44a015cd710e6ceecfa1527fcc06b89b86ff07b200dd06ccb21f3f7fa
    0x0e002130523037d2d44fc9fe48b476853aa06c2bfb9072b0893f5f20a932876c
    0x0e21447a2efe36685eef4a48ad88a0a0d55c760d016d9772f2b24098e11aa2a2
    0x0ea4bb8979a377b8dd9e52327ab67d5060e20f67d55a3abe4079e6cb6bea0e8e
    0x0ef6d1c34850b7a45b4a0a49591386def180404792bb7599f1c4dfb491b0509a
    0x10e4f428fef2550e60449d71d0fafbbde7e74098739119d7eba2a912a388e338
    0x11133a57e470b77cc10e0654249ff6d7ff7af3209c3bd538843669ff914577c2
    0x132673199315ec487c864c06763ebb086c7be9e1b6a934587e4d0f6f9bdcf650
    0x145f329d405ec737a51dc3cd9df42160b3161f04833c28398bad6d1a11402d33
    0x14f0902f95448d1a4c40829e54c4ce683c142877e804bfa5151beed2583ba72b
    0x15bf478d7b6f5108c32261eba16bccd96903c5174cf3cb4484d38f33fd446716
    0x15d19df3a5dea06fc8715adcfdd3812cd898a580aaa85f612c91a1b172221d11
    0x1bf01a1c2e52f75304f838b95287ef6898e8b3326e729fbe68fe0079f11011e0
    0x1cb1a8dd4710d2f629547d23e5a849d5e077b2a60fb6bdd73592e0705d8a6792
    0x20d4e99d3a0fc002fb2b0dcac147d8b89f91c0a5f2f50795da6a64a2456a282b
    0x21184f68601487bf543bc46e0531477295c00542e7060fd33df7424ed71b2a61
    0x2262a56b0410a1a4973ca814e89eaa51857d3cd037b265845d53387d382b2af6
    0x24a3672adcb7828f6dee7070d3840fe75e1a317638c59a2335520ee1dc091663
    0x25c9021ba5eacc5074d9b46186574847bee37d43e4770d407cc4dde2d1514b38
    0x2634805932b8d9affce5b34e169dc6e9fe596c968bdca4ea107874917324d4af
    0x2727b1d98deb941933c39d671ce13c7f85c9a8d64d7597dc8eaa901a924d8419
    0x27f690cadb2d2ba9540f855db9a249bb22b9ee79d5c5f517d56ea81ae99ded66
    0x2ae86ff098c8b1dafb39c529397c554d63b671d580f9feafe656f9c37dc99a41
    0x2b1c8fb8795ea7a1627188ed570826d2880409bdcf739d0ccce313e2742e8c2f
    0x2b277da2e785129dc20622f0d8db1845beabd34cd6d15591415ef27c7f9f6529
    0x2bcf24bd598f8219105348817f7e78e43e19b8d21364c93fc740cd6f59e2de00
    0x2cd66b7bf100e5d4c4b36118e09d8c5e4ccc85c40bc799f0797a19d900874d05
    0x2d520978268317168cf00ba6b2934ddac9cbc97361115c8588a89d21524d0936
    0x2df20823cd4b1261f7976470bacf41aace5a9ca0a8e6c8ebadbafd93c367ad06
    0x2e6ea71e593f98571484290e2be9d222ba1634777c820918891e5a6c40931b85
    0x2ec6284af8e142ce15cdef26d084a2c0520b5d7728c1f67c1b22984c761373e9
    0x2ee08aa7b6eb45f5d458944cb74c24760a53479a9fb22f2f8e0fe132dab7aa4c
    0x2f28190a491df45b1dd3999ef9f22f4251aaf542b2a4580433d05a3143eb93aa
    0x30f0e2f29970d76b2ada82a31e13618baa90c72e29ba0334fad88a12d1cb4a0e
    0x318b117bd54320b9ea0df09cd4340bf0e78e01e523d2f77344d21e470c4c49f5
    0x31b3d53adc2376d9879049d595b1015d3f2536dacd25c5a3129bff6631868ec0
    0x32a71ea0fc6d36d2a08871b4b2f703aafb23d1eff0de18ac4f1398c9b38ca25b
    0x3452232f3e4794277183776eaee62b1334a9c59b54aaef6272eb85ad84ae763c
    0x348a70ba59c829af9ecc2a2149fd5558cf544cf9e33747a01f336f1f2e03db1f
    0x34de6b135529acfd617d35d0bf1a76e2569129ac8353c8d6db7378821ff68c95
    0x35420e93816c2605a0606429878d631ed7ab8ccc586e8dc9d786f2e7c6544da9
    0x3651bddeeacb41bb87c2bf5a3ac362615597753bfa17ad70162d9837b499e773
    0x366c6c7cf8263abe9ccd9e8fd8b0e1bc5229febc86e104193369538fcc690498
    0x36b725458c70ce6b7409799f7b3b075f9d3cce90b568d9b89124676a51d10fd5
    0x38da66e0d92b96178fc3ab9317abf8e59d1a39acf774e3e07fbbdb01f1c990bf
    0x3922b6f71e63b5cccc67abaf16727be275e8f74059c1bebe453f94c936c2f0b3
    0x39493471a1f17d9e9c7ba270b688dce331f5ea03e44ac9b4cd9abda146096dcf
    0x39f5617c70cf2d32551a65ef7082f70cc5f41ce4b1ee0004912bcb3d10b1400a
    0x3a923ff5d39f8bc06245864e1b2aea7aa843157f0a8295154b1daf5f8bf517f2
    0x3af120312a591c5c2434a54dfffbb04c030211dfda7db87754d46753da630ab1
    0x3b66e829ea0af03eb0d6e8533fc5b4f158daf45ec289387338e19413803ab24d
    0x3c36c41a4efd8b782dcc19bb4dd784c09d52ebbc7aceb6c978aff96ca3f72498
    0x3ea8a0c6307e51f063f9157d358b8ed454138a13cf6a03e7d009b116f5732db8
    0x3eaf28e3c95dace7611ba9d660fed893bbbeedf500b8a0271410ba2cd1548050
    0x3f7ce965789b9ff62f66ab5cbd0a8c2029e35a521381881338fc331a464798fb
    0x40435003ea128b864461561ed7726a4bd96f96833e44b34fa64b1f7de28dd4fa
    0x417ae97dd23f3b2e66998cda446a70efcf6c522642701b76320ff26d5e9751bb
    0x4237be1f03fb5f7a95d2897bacdacb9ede3055e95e4153aa74ac99916bee77dd
    0x426b366f76b115cadaba8623b9b4bdb30c7e69f77c45fce7bac85e35e5726df4
    0x446e41ccf43571cfd01e34bf234e286849e31558db653cc30ef22ca8f2fa5a0d
    0x45563851b3f827dcb0859ac8bb46ba646bbf9adf5659c9014b2147c3947042dd
    0x4776c6fcd464ac4e1d2bb2d03524a09316456f2d4bd6ae0abdf84069d5e84da0
    0x49766b988ace9f3b0e3a952ce5fc10fb17608ff61db78f1483949e3146cdc168
    0x4a19216c61d1cf9b4a685419ad802fbed8330309ee1b93dc6cbef0a726a636f9
    0x4af645dc3db19518790636d7b26c2448de68a2530fa5481d45d331bd9ecc8b01
    0x4ce0e40cb2645b531a0798a6d2eca654c11809533d99542ac65e2f7813827299
    0x4eb43b4f9c585c684dd4976088cc2fe8a55edae623aca8412392e39a64b55d86
    0x4faa63dc01ebef43d63bc7997b4d5c584c259f44f47d5b543f982c98daa90d5d
    0x5162f9ec68e080bfdfac4dd86dafc735157124dcbc384c32ca53aa32e7eabfcc
    0x52eb295017f34e2f761b263b6f137840187e647a405512bbf2eedeea801c7b2c
    0x53eff21678cea2f463f78c63469847e6ed727dc0ca826a6b135681690062cab6
    0x567772daece8de2e76a1fbdfdd2ad2fd82b3bd6b54f053eae81847434f1008d7
    0x56cac1459608524bec0b7cfb6838838a10f2f846524ee152a72308de69bd7151
    0x58e56006f6f16cff095f0eb1b8aca73668764652e1f3bb2a57083288261e88a8
    0x5b3bdfb42c28e88000442d2b0d6e940dad61fdf9dd7356538760967f2ba2c26a
    0x5d3be1988fcd1bee29b3e967f3e987acded93a1ffab2c3216698240a0a66e15d
    0x5d49af17e8af525fce31325c75f3dd51bd5663b736290515ab9cca1537c7245b
    0x5eecb9e266cdea279da7c24ec9f4449ae3075cbf0df3356334235b1931b2de56
    0x60cae756182d7dcf1c7b86fd65dbabd4567623ace1858fdc7e57fcd2b1aaa044
    0x610d82fc262040c398d91e387a7317f40c77366d64ae976b366250b6ead59590
    0x61727f89d550ea69c041dfacb0f22d4e7e6603fe1b927790d78be275d1af4b48
    0x624eb3949d1cfff56cfad9394b1877f07b16a5fc9bda3c9bc35f08267734c1b8
    0x62dc229299e1e220a3296106f5d71cde285d2a52b474d1a0696b67a8eeb231dc
    0x638058b18f5f5436a6b9a91aaf732726b4c51426f7c0d8af8fca9ea8a26130cc
    0x64a4ec4b72c477367ea789da8eca38ef50f5cd22b1a05258dc3c86bbcf52aa90
    0x65216bc27a86c3c68a511650e49413d2f335fe7e332ea648f654e9d0424eebe5
    0x6756a9a6d82205da03c1bba32a67b4ed87b34defeb9247f7eddba97f79b2838f
    0x6af40c54992384df14201d7420f35209457f6c55ee9d9dcbbc78a8e3b1e6bf9b
    0x6b97b0a6b57e47125c2a0a7e07484266a44c9a91784d4b310f9bb66990bb157f
    0x6bcdc099bbdfa5c9976315ab41af5e9b5adbdbd4a79c51019bbdcdc9241c7f53
    0x6bf21bffb1674cab9c4302e0d6a85a8d6a9bffd745c095c5a8607427309b5dd4
    0x6c562b7ed9091aa3864f5c0f3a787c37146fd67754260d683148d151de99562e
    0x6d3638794f4e546db600aaa6c5e3076c262b6e4ef860b95f7328eeddf5830a02
    0x6dcf0a65df0e33c9bb8bcf592bfd3bd239a074d1af7a6fac205cd16bd00f02a7
    0x6e53c2fe6098592c10d1656cd5381209b2bbe636d30c21b4c9f30ce37bb2519c
    0x6f175a608ba1e22f908bad907150e45f762b1b1579cf3ea83561f3db9ad43d0c
    0x706f7b6a1c977fa5efac772c0093c676622e50ff4994f675d2250082b4a3f698
    0x71bad8310d71f25addb6cfa5e7b101652c25d61d45259f23b305be52ff73d820
    0x71e905cf50efdb8f537a8e63e04635f83b2c7384bdedc2ca98d6ae466e8dece1
    0x7200eb08f67a3839b63b51c810d039ce7af10e1fb99b5491ea221116d47f88f0
    0x73e1f965cbea15d87a92e9471944986558e920b783d6b4e9d32fac33314102d8
    0x76268b22e63113b0f115094474928fa1a6ce3a438e691d8aa741fd3fc1b4307b
    0x764baead4f3eac62bf50fc8b4f710a49aaa25daa45923f947f0986b5e14b5225
    0x786e4a6192df1d23cfb13a7542d038acdce76e34a5029771aca49170ca889e91
    0x788ef42d334c27ce7361017c3733a131f2c0302677ac6b6b4976de3687296bf1
    0x7a5c7bea24d91801e8f2bc326e4a90ab9312f0a1c0e6233bdc14f7a73e520410
    0x7a7a06688055821bdfdf9fbc4cb0514eb086079534b7fc64c82bf20506b3f694
    0x7cb19b51a85e9b6d60988578b8116bb3a4f786bc7469740ac925c9df47f0416e
    0x7d257bb50788c5c70408d714c6acef68ac97fbcdd060af2cf8efb1e9f9422025
    0x807867f6484153a088e355c076e2a5a1abe17faf89aebb711153d581659d90f3
    0x82e9e76e45f1f7549b7ef585fcfdc57f1a7256d6a8fed76ed9774661e00fe460
    0x846af51496ce3a412081c6c8bf9f1cd8b8c133d75f39f5d0eef5bd145672b158
    0x848b42e8c488fa80c158c3e4b0caa71d9977ae0bb94d69de87dd7b75b8b322b3
    0x8577b87f3294e315793c77df04939de8d60d204283c48fe7bc47a02ca83e8d54
    0x8600c845bd92141e956291f0e5a4d3e66db74b283e3921ae6b6e25fc3ac30c7c
    0x86119b5743336c4d1d410db685f7b94f7fc15bbe07284b60c3ec92bbe52e4417
    0x86931efbca744c963f7835f0935050b5d00344ca1ce024122e0abb3b5ee859df
    0x8797a3428e26c9fc94d1991b67cbba014808e1323d7d619e8b3faa6534ba6ef4
    0x8865d1de183ffa017b19a0cb8ef02faa20556cec0202e72ee3b16e4ed4646762
    0x88f4b286a545db19c4d01be2d2434edf990143192ac4155b7f3c0393172d4567
    0x8b30f51fdae26a03fb591cded2fc73a8b9831dbf1e5181738ed3a4f96e800384
    0x8bea9648d4428c12ea809a296737d0b0591ba1066f2919f68b946b863d18ba8c
    0x8e235c59ccbf0cf49bb7aae4a7925bda4b2a0f9249fae5ac822fb3bd364ba35a
    0x8eaa6bed998aba25bc3b5850dc3fa65f7145383b68c918906f3a046984fcbd53
    0x901f5c0b60bc29deedb556bba8e69f018a6a554eae2d4c78fd4904c7d2130503
    0x9302459a6532453f5a335c8409d11fc1223d7de27c58460fb198fc66a88ff451
    0x932c585ddea4f2b9f9c0f32ac1a02d6a11ed4dabb8f91711013ea847224a82bf
    0x93ecbf7d3deb892475c5a40193c6ac4605c6f19f79ae22d565bf45540c96df2c
    0x944f8dd7f71597f5103e1ea4abd7cec8eaeb2334552eac6966f011308b3236f7
    0x94b230124276a1cff773872020966aa2edd6503887c293250e682b21215ff9fe
    0x94faaae643cf018df2778b773371ca278f286ad1abba00ea325300ab8d4d51ca
    0x950df70226aa10cd81d5e70098750bddb4be7d92e54e0dd93883ff9b5f9d8057
    0x95186fbd4a07175c1b2fa1daec63cadfe61228ecce5727189e191f0d6b7992bb
    0x958ba70037dfe70dd77f9d52681eaf97ce646d2e49f5b7c2c0250f8b7c27f4e5
    0x95a3fe98e178a6aa347314980d88661d55a2c2b91032a24161d9ee63de66c517
    0x969dd0021da52c7461edea937016efb7b622224c278081c9f94792f348b7c730
    0x96f342d29d8fa8da42117b5b89aaa5f08c872cfe154f9fc9b202714651da7148
    0x96f5ea54c96eb18a4af5655263cdaed243e94fd971707296559ad17151a781a0
    0x975778a88dcf0aad0a36ee031e68db5d0ae034e9b7be0b6997caf90bb6371b6a
    0x9928bbc26b1a6ac918ee66353c0a6fa3824c156486492d6393f5d7fbc6671d39
    0x99b50c849f35dea488ac563c9ae822ff435470c4c2efde80098940d0116bfb8d
    0x99c3b21548cbe4702f57ed19bf369a3512235ebcba57bbb6bc0f0121e603ee61
    0x9a92c7e3ba036863254e83a82b54339a68241bfa50772aa0e745d50bf957bbc1
    0x9c272a7a7ce0fcc96c8defcf44d7b3b2fd60942753a83faf1b2be56f685693d3
    0x9e7746c064574b645c22ccc7a73f77a0e5f8783625cbcc99559122268c238570
    0xa032e32ce9c4c4dcbc70729a3f8ca206f562071ccd67eddaea9bf1ab83889ead
    0xa106b0967271402f0a54a872b3c1580d99d9e3f9874d1ee54f5b4b9521d49358
    0xa1db20439048cb85a24d3b97998ba524072fefac93b381036d61f2eea4792a0f
    0xa35040433719ab48d81c59d8deb934f20952dbc360875ee5d43a5b4261e161d8
    0xa54905592875ccf452a404a16b8873db91e08f960e5679d5171cd91cac2c1926
    0xa74632fa9eced10784f9410ede6ac640e5ee721fc2f5fe7b6eebbc00deeee20e
    0xa7ac719071088add86dbf9de68fe25cfbc899c84596f58c451e54b2e09f83c50
    0xa8724e2db83bfa5831f6b022dc84fe77a54f9db3c7a1d390143c730e62642434
    0xa87466c1fc4d863b153d73716eccd8684287321db03355b4adb74e4b1c9e596f
    0xaa0d10fc1249895f189b6b9ad08f650d3d4e583ef1f690212a4e33d7c6179c6c
    0xaa3331a14824294a2c8fb79dc4288c9c61d3424c6284a69a36acfdd4065b4dab
    0xaab58c95f4fbd539a59163d22c81077a1e239292076d618cc6667a5d3f67c599
    0xaab9e591b2829f2468614e4569eca56bbedaaabe7f8293900718d83dba701bea
    0xab59019874bef190fd6fbbff2296465de4fbbfe79ad545da35e78cf50c673566
    0xac408075a3a9cfedcea1db3804456358fa22b7115a99148c316c72a4988ff4b5
    0xaccd7dec43dd1e6427a2d6520ecf9cc334facc268b20ad32145642110ce1b6c8
    0xaedd3310fec8a344ff1f4034dd1d8fdf359c6b39278997f6711b699af0cbd515
    0xb168d9f602ce3593e097ce872ca4ffb74e6882bdc3c320800c19f7920b4b5642
    0xb17f09941d94525ebb31a8d1e00979beb46a1b5d0c60a45e66a3a2714970504f
    0xb2e8df0c247f4f4f9f1d1a2b5837b0d25a65101be52b7cd575dba1482984315d
    0xb384be9f3bf122ce617b03d2041cc938bf9452cba77f903151d210b2de03184f
    0xb609eb8864fcac7765a37d5ece68e25078e6a02654d9ff9a281d1359cd59b2d3
    0xb62d9b9c5bffe2eb1098d0331273835a3df4d7277cafe819beb366fd95eeafbc
    0xb6763c345ef5738e9e3dd602ed03be9448695c7baa1e92a781fdfd3f70574bb7
    0xb67b0302d933706aeeaeb185fed327bc92cd934f600744bcac0f79b2410f2a7f
    0xb6d178ab2a6993caab3096b0e3a5ed5337eba236cb82f80c89471c291ae185af
    0xb96978c26ee026c9910c847fe8196e61606cce436ee29d92af02f121035e9319
    0xb99af9fffd563857fa2ecf9c16960fcd783cbf56776587bd2463cc163af6b801
    0xba5368b796a340fcc69aa9252daeb413c50c42aece0044740eeea908e7906e11
    0xbbccc7c78d2ae47b22a30bd1c3f6dbdd000cea4c6e7f0e778da55b6977a6c5c7
    0xbca5040942db66564facf4f34540dbccf2b1fb0700f49784bf1713c8abf549c6
    0xbd3a5d79474b9d629a81bb4686a407543931f5cca2953ebebb68ed1bfcc29607
    0xbdceb068db229f529e20073148b2e446139d1091cbe28c595dc55e3d57532d3b
    0xbe52183e061193af506f6d9e7fabf804be3d3da844d020a27f1f2d60f50e4bae
    0xbeb2f52f5240b113c1445e8f97be19d871366b63793e9ed4a1bd8d6776da6a5e
    0xbeb519b9ea99a3cd3d0cdd9b873588be2c7bba3e82560af2d505b15117644dd8
    0xbec26c8ec67e482b1241364ba721069fa06a86a382ae18b656928f263525a67a
    0xbf1c1989a199ee8b8c90d635a16a7d986f98c4b9b25c11b3da0bf5200a1992ae
    0xbf268288995f8527b63df30f3765a4693a4b8999b2f5fd442d59250276f339d6
    0xbf8426bb53edb79d90c5b3f89d9a1730ad3cd2de4f46b60ba17804d0e1996e3e
    0xbff86b5fbe7c95b76736e778177f37509bfd95502fdb38052a744cbff3130cad
    0xc1391cb21eb851260c3c7e2962d40207d83b5338d904a487af65651a01ceeb00
    0xc2288a28f3da47bb3da18d4191a335ec68c6f1933586c9224051040526a48ff9
    0xc3b70a9ab1ba29cf478134e5956f7253bfee72c2920f786d167cdc58ac5e7d35
    0xc4228d7879111f062489be8eca1586461118983400502a4403c2ecf4a4fa8e13
    0xc4b666a71e49e47a2bbace2ead981e51652b51ca541565df43a0b50fa7150687
    0xc4fe205b9d392f663ebafdca7bd2abaf9126cfd591af676d65e09994c95d1cac
    0xc5636b6079c5bd773bc0a7b9c64ffabd910d23a3a235a24d63be3b65622a55b0
    0xc599882e4047c1b2355a4eab3bdcfdd5692dbeb67307be584426bfb8b83724f4
    0xc5e5352813140b33531362d785523ee6d10e456b8505b8f3a9da98fb3fd1b500
    0xc62ad1331372cd15c97bfe8b2e46658493fd53585db3ddfc32860618e265e002
    0xc6656067c36a7ec88109570e50be3dfa43dc68747c86f3a36c10d5672d6dec1c
    0xc900180ab6a17d84110cbbac910c0ff6b7a796f4740be22eda45c76fb8947798
    0xcb2bb010b00485fbaa881d06378068c3df10988f497a7452b47f355e26096fb4
    0xcb8dee5986a11f3101a38dbdb4c52ed3a6719ea7f11128a2b5cb41e03a3bfb5a
    0xcc29906ca440c1bde706d16a4fbbd1d8205868b4482dbb81b8e9fbd57fc508d9
    0xcd759ca487530e5d3381b54bedee69d69bed0d5cefdd129183e3b24e90572c25
    0xcdfc37f27c80f76fca64d6eaca708c42027c357ce37566d454ba7d62afdbab91
    0xcdfec09041cbdeb3e464f7e6172523e498f8cce29d3e857c6f894b8e786f2c86
    0xce01e5c72ac05cfd27216d5909fc6f3ac96b3199bed7becaa2d75f1ba756a0e3
    0xce99b09727fe4c9dc4e466d699de4c68fb78422b8c4b91aba606fef9f9cbc11c
    0xcee5bd9123e3bf1862945705ef5b4481558268f35ee517f0ed0a8d54d1890bcb
    0xd24e975dce6f702f788cee4a399da81ca8915984456281eff9f1d66a5c905519
    0xd44656935b1daf1b1564886282f11da65eb54d15ac8b8d46780f23e906d3f8b1
    0xd48809a2f3b5a03540e0262d7bba10458d9f4f9cbd572388aead68c2bf1b5b16
    0xd4f23ff0d2e06432b46a067e6da76f40e717aeb4bcab5ee2fd573d7231f45ed2
    0xd56932b93dadeed311217a9a581c97567a77a6d727b833a95b8c315022143819
    0xd748ced3884449cf8e9ac6810769533548cf0191f1ccc864b7ef45a8ac28cf37
    0xd771522f43970de3f8494afee462c9d96cc9c55f62cb08d90401d4aae6cd5a1a
    0xd7eaf6349fdcad80fdbf97999ee10ba4a636bfe8e7a11f6aaf9badbba16890b1
    0xd8e32d3c1a7bf3e62d6b36bf0dc4f46849b4dfe2dd9141e83e83c440321f1d84
    0xd94a79268d5feb993bef98425ac489a09fe2edab89d74ce542884b72c6ca177a
    0xd976c1cca6dcc1a7b37b0f2b47ba0f1eb22ab428c3f1129eeb3fc9d1c1c8f237
    0xd9ab2945397d7502e84cff2006049f7acae2a1ca48ff832c24fa7fd8a4fe5dc3
    0xd9c1a31b232f4e516c7edb1c976e9307c33959c228a03daa3ca13f93a85566d2
    0xdb914af2bdf343f4147f98e989162b7314e0b6d2b3098dc319e00fdff743d373
    0xdd7feb46213f3dec8024a0f9efe6f26f47ae549a8727dda2883286be6aa3f81c
    0xde2c15b2c63dd4c9e06848c459a8e6cf68d5ae4f17a9aad4f49b1b7d6af2d561
    0xdeb394b646413f766fecf7ac4ab01afe75ac6b98b6aad3359ce7b5f56ddb127f
    0xdf55220046ace819c6a540ede0ea1bb2644e70311164b5ef4f8c52d9d39cc36d
    0xe063a01bb58fe0d0c83a397f9a3d4fe0f3c839eac85be3dabc34683328ec47fa
    0xe0dc72c7933f5bff248016f386ae78838fe85e713a2d54e9e77911098af3ee08
    0xe3695ac43f3aa32984b8213735e83d2905aa47fe31c6183ae58bc0bfbdd5ad79
    0xe4d24e8a7bc4202228932c85dfc936c62ab615ca39b1af6ea0aed21ed303f073
    0xe849ae111ab47609549ab9898bf2336156d98f2b1264d3437f67e0dfa44d8721
    0xe84b1073cbf6e48201bef29b6cabecb00ef598ed7f136fcd8631f14bf1ff0ee2
    0xe9383a9de29f717cb473d1e5b8f5cae9823835e14954c930b6176930804b15b6
    0xe9748822647f589bb8c3c2bacf9c93384e5673850a64b81be4e39a5cee831bc3
    0xea3f2e022c2b3cc51f6ad2f4c42d4e82f3aaae11dd51b0ff6773ed06ef46513c
    0xed576541380f88999f683fa00c19a01235013a8948dac50f475e95de51499adf
    0xedfa5a8d195929f14216f9ab1a8c9734e918a97668552a0ebb93b64157bcc766
    0xef26d7f69eaac16ac3f8a16d53be364a6e2655475bd15fc1672ef398a1ef175f
    0xf15e9df7ac22e60ab64b8f4c4ad8e39dc70d6adeed35eb3798c2d14bd8e1281d
    0xf19f12bfb647d2b12f7fd4b3ad014c22faceb6d348c183b92c4bf4d698d5b39b
    0xf1a11554294afdb0e804abcad67097d7393826f528a26bde36fa298ede213b45
    0xf1a569cdc398aa085e8b8359ea9798b0cabc14d052eb8f758aa4c6aa2bf7d260
    0xf1b8c7e2b07242e32a5da7132bc49cef983f6dd98359eb23e9c9f55ecf8d0c92
    0xf4370760f1380eec6ad65f69adf033de96ae180b2729b2438b010a46ff29b31e
    0xf6649da7b11a29c461277d61d95bd04d8eea0f94a3ededebe9354ef97ca2303c
    0xf6c27c334e73046f0eb295fa8763185103638e140ceabadca55c62294fed64c6
    0xf6dcd1e681efa27514beb7d51448b37affcd6d31e0e4f1a4ba3e9fb1f26b3c94
    0xf761a814e0a6d92e7363b1986e99947bc8c631fb2f74cc92782a1b80535a184e
    0xf85b3111a59d36528eb22ee1d2be481838bdb69d6a65bf9ca87e2cbb83360502
    0xf8851a622a2c054f86e1f3dfff4150956f3ce0210f69d2a7eccceb2b1d518868
    0xfc67f777ae6cf9820a3a124ecc0e3ee122e318baea13ec11e36dc5d7929c1a97
    0xfcbfab3d5dc6cb97b3b7f74b09d271beccc98fc14bd27ac2ed8cc2be6ff8491a
    0xfd8bf57f40bfe6b93ee72a5023963d15bd1a43100e31b9c3cf3363f1c4ba3615
    0xfeb30569a70ff4aa088fde14da737f4fbcab1d026088d4dd934f4ddfdcf60fe1
BLOCK 25583383  status=MIXED  canonical=47  stored=152  bc_tx_count=152  orphan_only=119  lost=14  *** DATA INTEGRITY ISSUE ***
  canonical_hash=0x7d377dcf659c00ca2c054f0dc2f12b952e4d636192ac6ee29240c9d6cc65516e
  ORPHAN_ONLY_HASHES (119):
    tx_idx=0     0xdaa9b5a388b3e99248e83213956968983bba3ab38b98c30fe20e6c797d9a9d44
    tx_idx=32    0x5a9360238bc316dc369ead1d2f07753a75c2800f517f300c4ba59c42967da7b8
    tx_idx=33    0x41295f74aa510aa93f48a83f32b4adb069c542bc9ab32aff48e7ddf29207d7a6
    tx_idx=34    0x2bb920aa00f8d01d6ba4402aeeb7d5fd5247d805720ad2d4534885c44bf3dfc0
    tx_idx=35    0xac687beba95c9395738aeba458acc209556a30c3221a0d20343e61f20a5c1944
    tx_idx=36    0x57ccf900755c05d0da5253ec3c8c0d6823b1bef5f03b4e7a6f9a3bb7915051ac
    tx_idx=37    0xae30810c85313629c96c61293b63b8a0e3d8473e874786cbfda16f63f5455304
    tx_idx=39    0xfdf88481e07990252799633706cb808d0c03f6ab5a3f542ca98b0d0b04dd92bc
    tx_idx=40    0x955ea19c124159264e736ed6117d88bc0b7660ae322a9e5fb744a86fcc88a97e
    tx_idx=41    0xa908425acb57379e56e763ff591113e4e2569d9c55cd62cd125c4b0c56f9d829
    tx_idx=42    0x8ef750479828399daf3bb6fc0a7ad673d2e6bb2ae040521073d8d47a7ba768d8
    tx_idx=43    0x2daac4d75846657fd69a71df8da3f7fcb00cd02fb472872554eec81772fa03b1
    tx_idx=44    0x800a9214cb6b2806ce4d9b5441e5dd1b5feb7de2cc7b9ac7936a0edd8af9b7c7
    tx_idx=45    0x7f84d8f05eb4caaf5603b61d31753b041a2d556cd3190dc2084edd924cde6152
    tx_idx=46    0xe6a1b4dd91cc24675c4d1e19c6cb0a4daae16797125b27c6291032bb7828d4bb
    tx_idx=47    0xdd72041e98d2b4f8258276bb3d7d18985e6914b58499dca310638c1fc7d2f618
    tx_idx=48    0x364b35f91857600b0b53f3a7a16ec55676406ea5a21118316aeede1e93c776bb
    tx_idx=49    0xe6baa3c439783a3385b241307605435a13e965f168a06d906628185b4c288f9b
    tx_idx=50    0x285ce748f775f989e9a8c5f79dd865da05b985c089f24b8a989aa357b555e0c5
    tx_idx=51    0x9ff5902b935d149852c3c600c015a894ce1803a5ba593e04e0fb571883923ef6
    tx_idx=52    0x32a3b7a4550ae66b0a9b8f144869124287b5255e0e5106d083829681e1dfe71b
    tx_idx=53    0x458639238f4544dbc3c4dd896f7be36604f849992b2fa051de225e234c0dfc55
    tx_idx=54    0x79f344cf27c389e7bad43727c3cb5c088771de257b4637ed7732876e0037033c
    tx_idx=55    0xa91b8717325ee6e367630d511bea3035c790771e1bd9bcd4d77c5065105622f0
    tx_idx=56    0xfa17cc6e5844ef0e3c9a6f59efbc0a73ce66ffc5a923015ce68401f1f520cedb
    tx_idx=57    0x3b56b95440b3daab61da42279fe156ddb269f39e2656aaf86484085955cabe46
    tx_idx=58    0xc65a2c5bd763a6e6223bcf6d6e431f8935926ce506545fdbb4b0fee8aef3dcae
    tx_idx=60    0x1585e15267d4b4cefc131cfe56352cf350c3c77beeaa9f789b5c119efabfe265
    tx_idx=61    0xe092418a4cf722aa6a17908649a59c9a20a253cb911282219e81a842735c19c1
    tx_idx=62    0xc6260797989220bfe078d72596ef62a43d07d462a7aeb222e43943a97059c1ac
    tx_idx=63    0x44c1eeb5a334d8276bcea8a49685a8257aadf5d518b2e004ed3e87dee4a0a62c
    tx_idx=64    0x6feb34001ae4eceabf6a7128e692d798fba5a4e1990c3e2a1296b9ff282cb497
    tx_idx=65    0xb8037c488fda2b2974349313bb084a9318c79506e1f0aca4f15ecbbbad26cfd1
    tx_idx=66    0x17c60fe233b53a7c675d2e49edc0ecfcee7ec4b4c52537bc2596d9e4ed4c47e8
    tx_idx=67    0x415e36230375cc885cf1515275ec3e05db02c5c46406252033bc7b6da98a6963
    tx_idx=68    0x4fa2f3b4d363c65f3770f577de3f832ee2975f6fb05931cea2414669d73f9d2f
    tx_idx=69    0x14ffc8e98b07d2be8e5880f6477beb1ed33b3470cc48c3e1295592f8e9263ea9
    tx_idx=70    0x0fa032b6ac6c124f27c5e4166a740b51e1ab3d7b5c4298db23109240ff213e74
    tx_idx=71    0xcccc761ac5858a4aaed13728604f898487d89065f04fea3da009880d8b5f7d4a
    tx_idx=72    0x30b65a351d8e846aef53435672c83798ebbe3ef6233d8e42c72398e393225f51
    tx_idx=73    0x388e93c514fc373d495282ae0606d0998b4c31c82f673246f200c75c8a236fa3
    tx_idx=74    0x54f181fecf9dd93dbf343866434f4ce120a34dc17d212def243ea0d2e0991580
    tx_idx=75    0x9f704abd953298e5a2e124468500ca5c6c350d28b1012ad363f43152da36dcb4
    tx_idx=76    0x43bf1a8be9d794d4128de052bf6f7c009815deb33e2d5807177d6b5e9a3df01a
    tx_idx=77    0x54fe8cf54ed07c556aa1c7fabf735687c8dce9257f2adbc8e16fc6d615daf8be
    tx_idx=78    0xcfc1d7b5a17cf5b64a30099e0bc284ff0f4598d4e6c7fddb2c40f6b99e808ea1
    tx_idx=79    0x10afd23b0c8ecdd5cf7792ca4a7ae7c03be44c0c9a3a80b65c4e0cd0886a233a
    tx_idx=80    0x75c46df06f3cb67f890248b64fc84a849c7b3bce3b266d2c38c456d73bdfccba
    tx_idx=81    0x15fbf57398db1fb84085436ce8f40d502c7a6d56530b7a9a9b6a762f59255830
    tx_idx=82    0xffc885f9f86e3b51a1b80203a739bcbd3ae78a3b50189bc316978b05142c14e5
    tx_idx=83    0xdf453c147f596769f21d3f335bdc3d883c53980a127277b6010b7d5033e2f0e3
    tx_idx=84    0x38563049a60a149047da34d2641fa00290df739493915f05ab5dd1252d0e68af
    tx_idx=85    0xe7721caba21b39a951e422baef0f993a03d0ae379a6a14417ff982121180974e
    tx_idx=86    0x84ee6b4637e3b2e82d5b2d8ea9cfec36ffc942239645dc3fbea8aa721531a6db
    tx_idx=87    0x3ea458769c5d14cc7963fb894594d949550f73c9bfbf0ad32292177b6eb0e306
    tx_idx=88    0x61359d0828d00e1ff3bd9bf66dad8331b8ae09576e09c024537daa0419d37bac
    tx_idx=89    0x0d7e2b184460df7ceab17333e5acc649be60177379ae52dfcccc9a19d0264f98
    tx_idx=90    0x3c5ce27c58ec791eb195bc2bf95ea77e6313c29ce8280c45fd1ec391504739ba
    tx_idx=91    0xb056b0b968bff48f973b06b333b328aafd46c248b9dfb03e7f2fd2f78724e39c
    tx_idx=92    0xd8cea5c94ae3031fbe7c185264063098c720c3317933ba68aee0370b3ec8cf4d
    tx_idx=93    0x7acba7ce7210e03cb66cc24d55627f851a726288c1f128e9fd8d9bda515b6cc9
    tx_idx=94    0xc2a2426a1601cb6a941bca97f1f0701e4b441df2a30bbae3b3b364af67d71346
    tx_idx=95    0x667e71c55a94782b75d619819f48a2d547cb42c5c82c7ff809f8a1e18949ccf6
    tx_idx=96    0x446de0639529e86bab272ea101d85565e791b20038010e93d7f566147998d334
    tx_idx=97    0xe1d29f31977354afd8719631056d1b0790bcedfe9fa8f05ab172105fc2c5fbcd
    tx_idx=98    0xc12535eb9af8e4ecf1e20e0c999793df580e13f0b7c99a8b1fa174e9273abf11
    tx_idx=99    0xf9c306e78931c9f07d2a55adc3c1f1375636e20a21c363e34df36deaadc711e2
    tx_idx=100   0x4233f3b82048f89e4f883831142a9cb2d14f217029be9c21300d15160bb4d6d8
    tx_idx=101   0xbc2fdf51cf84a9a9147b743fbae5b6d182521aeed3de60fcd7968e275833930b
    tx_idx=102   0xee6e31d915f4639c712bab6db3a235a7b61b1b8a0e44f0b8d4bd8b9fc6b9f69c
    tx_idx=103   0x311cbe0015744edf341089532470753d8fc221bd816ce79353cd507e436c7360
    tx_idx=104   0xf832d53c806f9f1213bc2db8139d1ba4c43af1d0889548a0154bb34faa4f7d41
    tx_idx=105   0x2a2a81e0859f7db1ea7f684a3182ff3ac2223acdad23d37c2ea4be407049857d
    tx_idx=106   0x8b425b6825815327dbea0b55e3475700af55b2d51de70e07f6578aa18c83c4a9
    tx_idx=107   0x69ba70e7ce3e8104fe9aedbdf36fd3133332b083e4e85eff37603f6d8083bbb2
    tx_idx=108   0x5bc5b4590439e85684fd136c44c59883bcf97ee00fdd739e68b7d22a78570730
    tx_idx=109   0xc6697d1feaa3b8b5c5e1e7f6355024f409c6580c8ee5d92935833c705efa5efd
    tx_idx=110   0xf60b605bbeec30dd39771bf41c19adf28fdf7a18dd8038f792ce9c69ed1fcf5d
    tx_idx=111   0xbdb9b2f4d21e29e4b2bcbe4700d1f7baa87bb45e2a7076ad7121f457530640c4
    tx_idx=112   0xde49e78265f445a679b674267df82d7d093203364dab15ca64cbcbb06949a96a
    tx_idx=113   0x741762da7a6e06bd3cec503e17382a0a85395c6737d4b47b4f967aeb673a2328
    tx_idx=114   0x3ea376960685d5bc1642e84ae4599254e53a631805eaabf7203a83dccd19f739
    tx_idx=115   0x291846fc878f85d8e595046ccb380d826b96cf6c1f0dca9943cf4f0781455875
    tx_idx=116   0x412f443691adfa11080ca608d61d48026e029c19ed173fe89f10899fea19950d
    tx_idx=117   0x29e8052a07b8b2530ecc3836713a1980b9833228f623e039672a7190926e6946
    tx_idx=118   0x8d6737ceca67ee226c0da972b70bd37ed4e4dc62fe7c61e4fc566201d0d35046
    tx_idx=119   0xa7f40616d9f07c5b57af6cacfc0bd86ad9cc60f06f85a2a22a1c3f89b6faa10f
    tx_idx=120   0xb998f467475cad22f7ca9a0d5b45acf7aabac6a0bca5ef0bc22c9d9e877c2458
    tx_idx=121   0xc8de7c041bbf094434594baab5f94543676e28188f99fd8e8db768afefa9fe44
    tx_idx=122   0xb5049448c709700cda7e394dbd710905eed9216ef12206f28c838edbd28d24e1
    tx_idx=123   0xbb0a438cd7f4584ec6a12cc0c49db244b1c2063ecac986e453b6fcf6b3cdb3f2
    tx_idx=124   0x7254b586d17a0bdf71f863999894d02de3405c9644a51f5ea895b02bf6a36e28
    tx_idx=125   0x1799c33e29ef5f4a1c98b17fecd98b303b647811601039703b6b141fda7438a0
    tx_idx=126   0x4b0fbc65bedff23b4d37d198074b03199380fe2524ce4a08c36b19c8d8f1b7e1
    tx_idx=127   0x5fc3f41ee4e5e636fe0c064822c96ac8f33a8222ea8370d43715a48c95b807d3
    tx_idx=128   0x03dda9890da431ecd7b9416927e19a92d097c6e866b20de4aadf57af322e97c7
    tx_idx=129   0x68aace4e02f06a35fac72a2ed542ba45a8c0a40e938a2a09b63a5fcbc8c2dbad
    tx_idx=130   0x0a7306b54ff3384128c6c1aa0d5adce45b765ba18c604e8c44945d195a0140b8
    tx_idx=131   0x4deb7165b9e734df43798ba5fd1e99e505d71e88b7f51084777f63474811f39d
    tx_idx=132   0xdc3b86fc67795707e1706c5069bc21463291d012edc4ab69429e9986b9bc4750
    tx_idx=133   0xc40e4f80ba1c7b30b6af6208c04e2a70e5346638bf69eeca1cb3459a9e0cd6c6
    tx_idx=134   0x18f078c43f1772d42cabc5125a3f5d0948368c5eed909c29e53cb37093e8e313
    tx_idx=135   0x9479f03a7bafbbce165cbf754ee6c2f11c078b1defedfd2ad22a758a321ba9bc
    tx_idx=136   0x83e318a23722884751fb3302f598617f0e8d30eddd87eb2c784b6365e81dc7de
    tx_idx=137   0xd635a75af239cecf90dbadfacbc0f4fd966d1c56bd5f31f9faa959f009691278
    tx_idx=138   0x23d8f11e3773e5081bcae18bfa6c35e2611d64cdfb96facefbeac19e159e6248
    tx_idx=139   0x3f74aa73939b6d02138d703f74c5fb4ea7f5788ec5ffe85ef4d14725712b6686
    tx_idx=140   0x3f1ca8ef151048e00469c23531e7b4ff4feddd21d0e7793b3200cc6e0347b62b
    tx_idx=141   0x95aab7c5266f400c82af405e69e958975d42f0d9157f1359415810d94f6f916f
    tx_idx=142   0x18b3c12cdda7db7f3de97d0d3fae5a2819b30d0063b03c3ac2085f034fbd893b
    tx_idx=143   0x2c9261b0d08f07bb90c3e3ef462306a55bb2ee7479788bc958288006af1769d5
    tx_idx=144   0xe9f42e492526346604313971a5cd9444f18ac1e4204219ca934b7b6d250c1667
    tx_idx=145   0xe6a14375e9adaadfccebab82cb331b0a18cff33f50a72470bdff8f1250518282
    tx_idx=146   0xf6dfc5111d14d7e972eadfa4f7272c003b48d479ba048fb03722de98725c945d
    tx_idx=147   0xcb6ff81fb4b0d8365770cde79908eab04df8221ec534b14c50fecd20c3d6f143
    tx_idx=148   0xaecb0aac5f503e5266d28946b64331669665ed65d31966ebd5a86547f30e2700
    tx_idx=149   0x3aefe284134684b845f95ea3a6704470f6527bdf766ae41c768b0efc29fcd8b6
    tx_idx=150   0xd5dac4a0ae5cd0c52a6ac3ee388b81324c57fd370c5daa05b3238db3e548d762
    tx_idx=151   0xe0480879b8ab7734275def3948f6e8aacb93f4c79fbc4ee16fc2958fc1549ad8
  LOST_HASHES (14):
    0x18377c0f47b14311f170c482e2bdc8a733b3bb444a572b85c4daf470248e2fbd
    0x25f7486a1b73ed5f86b4fdc9c241d789a626aff6f58c5053f1dfd93c52085797
    0x26912601574673ec1fa4970028fe1bbe0ff3b0d858a0d72f7dbf03de0685cc23
    0x396a66b1ab936f6fdd0e6a11147d14631b57c39eb1c7d0bc6b5fa022d883db64
    0x51396961aa38f6517d245a948dcefc6e5d5f2d5e275d19a15b6db24a3de9a620
    0x6c0cbbb72099bd23d15ceb1d4fc08a80dd4ed64ad17d7fb46a3123249533550d
    0x6d8e10a4192213a63810a424e6a54a57a11dca7f05b262fb8e01ed1b1f5f87c7
    0x6d971bfdf1e379f2ee0acaf8771ad11776c3bff5984ca2926ce51c9a48099306
    0x986b1ccdcc15d71957175c90d3435941db6ed3a8d8fc81cdb9903cb4643bfa8a
    0xb5565baf146532f844ceff59350421214ae2351d6935646211efd1aa88a55b5f
    0xc99c58e4049b295e778ed820a52cc77cff3c9d3146b701022e39b34e88c12e5d
    0xcc8d3f47e138c58dec64ec274bd6fc11c4e18c39fcb509826cee466206f16a91
    0xe30a443bb803cce9f4e20fb9ccd8ef35e1c8989a4cd3a2c62fb0b8c46b813b43
    0xe3cfe858c1d2e09647a4101fe306935304fd1fcd88856d9999285bc745f69191
BLOCK 25583534  status=MISSING_CANONICAL  canonical=185  stored=74  bc_tx_count=74  orphan_only=0  lost=111  *** DATA INTEGRITY ISSUE ***
  canonical_hash=0x4588c4669f3a0cfa81d20ca2abbfefd44cc641e475dac2664bdc336d102873aa
  LOST_HASHES (111):
    0x0166114b172a7f57665187702d22ad0209963a8d42fd352c53be462401e7e9ff
    0x0320e93a025c5b61f45a59593a22efc53f5df6a9c4e0be96bf388c301546cfad
    0x0ae085a44fc25ce5f065af5c6f9ad339d24761624d9da44dcd8d2c24770280ca
    0x18450df0ad3bb736073b0db9bb666bf262343f7087b4007ae84632f61d1c423e
    0x18586db9a759c54dcc2ba66e071ffefa392ea28e25fc94a33708318b0344fd86
    0x18a6d675201d220f30e83252ce028e49a7f71dd4fbabf59a47d774790e54e818
    0x1ac831ea8682ed486293d95b7e1da0b3099ab90802a75526391c7b2444892ea4
    0x1cf80ccaf561ce39e9067d12cde951090fbdfbb16fae12b979a7972e4861e553
    0x2590e0ae0dd41c21476555539b56af4298447d7402d8daf475a740f75ddcc4e4
    0x25fa6d83cc22ed3c7a2e95f23d7222a0ed5cc12de6ffe9ef448552297d2ae3a0
    0x28b48fcdcf1592accea08196f7136a5418bcb7afe602be8eab01f47101d8fefa
    0x2a4f25a3eacf360d8128a15371acf2df551536efb160b71c9cbc59082f1bfaf6
    0x2ef927fec523feb2990b75ea479687419671f57653879769f6bd494d96a6e0bd
    0x32164cc6554e315805511559e4d230e42d99401cbb9040e37e404224b1efb4e6
    0x38397ff9283a093e21cbd0ca6f9684b4de5385a042408f0e6db4b67f94254827
    0x391452985887a25a0da50f3a285332e9b1199d23a435152c7b9c5d2b829a0c7a
    0x39725d39759954ee1e90c4f3e5231c9513da0c73821895e186674a201dfc0d3c
    0x3beec9df2b57d73a1ad1237618a013b3d42f769e333a986482c1377c5cc80d59
    0x4188133d6db1d726d4b84cb4b39a0f2893dffede5befc4b3cda6472f4d3194ca
    0x43c44926f51b876cd848d93086ffe272d2cc7235f8f0552e41062824d9eef15c
    0x44f4a6f5a910818b01b0fb781970357c11bf906735a719063594e45ae83acd4f
    0x463e55b4f2493000d58ac3e1fed918ca6eedc91dfb850d5e1107b3911a107c0c
    0x469b7ec6fbc3d07516c6f2452314dc59df4ef5fd008097006bdf3f26d5e55e11
    0x4812e2bf03f9088040fc2b6a8e18ac23bf6858ad013f6de03f64e895c6e0c803
    0x4a8573c2c5abc5246ede3077591528d969f87ee79699058333bf55844bf06ea6
    0x4e03b3a468116dfd0794dbadd94bea27f94cf6c376f709c9ffc0cf3a0b2b24bd
    0x51e143b6312e3f229d2aadb1eb68f4505a6bb95cbecbf57cc50941f1eba0fe4b
    0x5926ef270ec752f8988a4a6697bc8ca8607022ae294adacde38726549e45a0be
    0x598b00c47742cb89f29c7fe9109cc37c3beb5b00e0eac572ce930cd7f59adaed
    0x5a25af03bd0a91bfa7c80b828e749520badb65994474a84e4408e2c086adf737
    0x5b594e12f73d117d5c4182c17311c07833610b80b6321578b25bf9f8e72a19fc
    0x5bbf7a810a963bc206d393529f3ceed680b27ef50b7d5e04a1468d18608f5490
    0x5c3fcd1d614f7c76e0efcaaa5832ce5582ca019cf299dbf5057f33e2a0f89d77
    0x5e96302a8f14ba4b652bbee011912d1f09daa86bfecbfb19c7cacc147fe0728c
    0x6377fd8cbe7786a000998f21eecd4c96a3420d6cf3d4adcb06829a9b718e8594
    0x645b2d436aa25bccad02934e6db42d5c82d73d7832d426f2071547df9fc008a7
    0x64db1606eed2a81e2a21ee15c98280b3cfb3ebe24f9fb621eaea3aff34bf9963
    0x66761493e1fcbe0cb12ce0926c700579b6452f58c51c1a68010bd54c79b94e3f
    0x66976857eb4c619462e3f1856815ea80b5fda8d05ed171835ee869231acd6a0b
    0x67b9e26258c79d0284a2586933ec480488b4a7930f0b3c06e253cf7cabfa9150
    0x68d42a4b0d3cdb2c4b515dd800cf4af201ea4e0457bec4ded417aeb403ac610c
    0x6bb5c4c7e202b445281b08af71bcfc57f7b5a3cc9ddc8b9c2c09eef4ca099eb5
    0x7024e7f056d39eaabd144bc6902215b5856131616c6d908c5f362590bbe67e57
    0x7391dedcd7193d8cf1c75cddb918833c88b12118d38ad7c3e0d76ce412b10cdd
    0x7761ab89b5f0a7de48da86cdfdbb05c6daabd1262acf58c42f6e15bb77eae561
    0x7e704cb4fc89bf9ded70826ee96fa2bc1828fc5cbbe135c379330ae2ca59050c
    0x82f391e31816e17f540d16af84e9b813dd70169e82aa1a74c7272a24a2f3eb81
    0x83d526aa13999d567a531b0de0f9b30a017f31daf26ccf2934d581a14d6ae450
    0x85920a55ea13b60353e2c3ed39568dab888e03e6075e3a673aa41bf30af1a396
    0x86b9e520f278b9041eafadae353e3cad3f9ef5335351272632defdc1265e081e
    0x8749f6a786be7a8768c6438d618a772ca9bdf6f97e46f921505c9ffd43487759
    0x87859c2475ba03a8da3a7c5b1447c5827a654ae23e9b254ff3310f19886bd935
    0x888218691ae17988af1131cbd3269720b36d446f891c88051b79374b0893f123
    0x8a21adc298a69610c7a97d16aad44ab75dfe4256367e95f4713829d9effb99e6
    0x8a77491da495927559a7ff67f38d0152c79479a88d766105f052656d6dafbfdf
    0x8a99bd966b0b48bbac61ff61db10e42b5a56efb9adc7d6725dbcf3e79015955a
    0x8ce31f4a18e0894dc5459ec50cf227c5321b3d78d7408a67239a1619ce8de06f
    0x8d22177881a10401feb8866434765bafd038336f00ece72fc12853c5e73f7019
    0x8d6c01f9478c79b8a192001263af3a020805eb423eeb1d6089f7c4eafd4afdfb
    0x8db6b88cfe6f962080ac4cee96dc9a37304b4199014c6b3024706b5404ba4350
    0x8e79a3bce37c3eda677c6962f830c79ce0201c437efd540dca0ea29d82d448b7
    0x8ea45548454d644548cd6b531fe2398fdc22780fe3c22898fdc81d1e83381f61
    0x8ec62c1c6afa6ebfc299f110dc5bf3fabe92afdc8fd339b6f885537102e92ff4
    0x9092a17a7f919865716884eeec93574d0725832f761d3c8ded7430a1c04d73e6
    0x9149c9cf2314f15fb43e9dc3351b33414f4539ea0f834968348dd8afcdfa1f71
    0x935bffca1e8cc76ec5b18d6c0b241e6f82f963720606da0ae5fce4decf538fed
    0x93ad5a6a70d356effb1ce75a624b54caa9afc7e0473f282efb35bf993ea6e3f6
    0x963726fc0bc138bd41e03d5a83d2b7f906afd497a3ab407a50b15d3198d63185
    0x9715cf9acd3d02e1f12873d0f2b907625c2e4bb4609ade06e2ca71432abdc137
    0x9c0fa98ac3f98b65c1efff409af7a97ebd0ec23459fecdecad972160101a62fc
    0xa14eab346192d196371b9aba13728e331142128930666a93d5070db11f5d31ce
    0xa35339440efad3e54f8889c9bca7cf8fbf94f4f13c438fb23cf1427219718193
    0xa3bafb3e838da3466d93fc9d02411081feb74995c8df01dafa27ebd8e0609754
    0xa4a6241be8c7da12c2c37d10492c5839a0fb4ae7fc15bca81760d7184dec58ff
    0xa7e55bf412e5759d4e207d270896a225a256fd4d9a66eb2ae70132c580fec0a1
    0xa8afd575a734b04fa083b4d56350458050b6daa36c361b42d0652705a0af6341
    0xa8efd91f1416e6e544d81a2a2983bf26b62a2d1ba1bdcadaafae702f3bb858d5
    0xa93995708af7592ef6e20cf460b37972180abea54d8564b24bb8f714cf201352
    0xad516d6adf840119b354af28101179e645f7314ca973f2f764da2a4408146abc
    0xad92822737a560469bfeb1df3a48d1f953d0749a082684943750ea88293e584f
    0xae52eea67e219da481a6f4926fa7dd1522f83410783100a0f2032d208ff450f4
    0xb06340613806186879eb4f0aacd4c5a7de429d1ed83dc95a927f0e8c80b0f68f
    0xb168393c0cdb3460a252621fd5d767ca7aa555fee552929bc111af5889b05cc8
    0xb24d2b1797641feb5fd5ebe44820da8f2226343e897b91fe6a17a8c9abfdfd05
    0xb278cac7bbeae961bb496750b2f7ea81cb08ca7004a70cb577f961f9d8a0ca54
    0xb58899e703b3899cb186fd61d831b5f07274078e7689f6d0f42c17e4570c8461
    0xba2af556be6cac857ae33a29e89d63c5f6da1d0a0f9ce1870ca28e32cf74ae34
    0xbc93334f6f9fbf01a13d5baf4289a69f03efbc3459e8bd6d52b77afbd3a57521
    0xbe0f4370d3cd7e51cb76d3fd4b9eda0fb11d779411a4df5274e5053af7a20baa
    0xbf786ef2c6d758dedfd10747b5a1b646cafb200529b53492fc5c08e0e86b8b29
    0xc3a1b4de1b044639cc05b38a63945404e2f6117d5973cb0bea9b8a594086ee58
    0xc4dc9a811cb233ba5c2200052ace03469c12057aa8e35949600d43bbd62e568e
    0xc66231a0cbabda9f718ddbf75fd4b832af2b62907c57c96442243820b4cee4a1
    0xc8a1c7d90819a7d9f587dcb6db92011385aa11b1c19937da619952c1555db542
    0xcaf1e3b0d75f83b294c5ab0bfa96046d94a32a57b1635ceaad8f0980aebd3986
    0xcdcc455998ce76e63fd329ea014de9432167a0960ea40573f428f41b334fa32e
    0xd473c531a3b1afa7de3ce471987fcea7eeec9eb8badf8c9b4efb070237233f60
    0xd553afc049616b7133d03861b10651aba95d1a8fc46809d301669825b06636df
    0xd86dffc2eae9ea2a1035b282efe6861ea807c83bfa55d9badcdf4f6f55031941
    0xdd01245a1cf297e42ce615e28a217d380a6b92541ccd8c8a2a475d3e192598ff
    0xde6b94ab4ed8a8d55b64c633999dfd00d64a5626e8a9e6daa85a7eaf2ac8611b
    0xe531b3a24fb8bedb8d6907ba93aac206689131e697e51eb0409091af935e8025
    0xe70f2b0660cd3fe35692cf893a1b92fda5c17f8a7753e81c93e1d1d16dbc7802
    0xe8d3a22e173419c9c06ad16eeb1aa400ed28573a3d52ad891f9fb07b33bc7ad2
    0xeef8216c82e503360e1d249a35e60da8c53153fe8b944f4530e91c12483739c5
    0xf2366b6f97217f5ac9b34c1f93a84c282fd13af6bee8a7087762838995c7f2bc
    0xf37bcad6ee8585be1ee28a05707e562d4e7034031ffe2546538c8fced357a2bb
    0xf74b0d49ef301eace62eccfd7282dcab5b5a140f8e6c326c40bf9311ec9235a3
    0xf74cf15afd891ce2c37446975342d3c41a665063a9fc6a939b3185a0300b4105
    0xfc2aae0f2282cea83363dc64e672194ce0d22d4f0fba5f0545a81246ce4ae850
    0xff18c27be8296775d94e09b68565a2d4133dc2e69de7b71a1df14ee16b7783c9
BLOCK 25585170  status=MISSING_CANONICAL  canonical=766  stored=204  bc_tx_count=204  orphan_only=0  lost=562  *** DATA INTEGRITY ISSUE ***
  canonical_hash=0x453688ea7cb3757107b098fb408c9f9a9e3f6894123f9369d6071ea3822f4033
  LOST_HASHES (562):
    0x0037ea9643a1a41c83954ec6c6a3cfcb9c58fd8f6422c2ce36a999dd2fa69d8f
    0x005d94eeae66c28a50e32e62be7e14b8cf167db1fe298071d5f275097d36e6d4
    0x00bba6160cd5b2780da1f038fc47bfb6188f6fed2c17a796270d5d11bb574070
    0x0117fbb380d2977d7ab34167de508a4ccdc29a6ec214a80990c3e61e137773c7
    0x0180eefb2f8c117612ed3e8e9f554c767f97d3cc0742290ad5bf316cc442d54c
    0x01dbce1441e554fcbcb2f636e5be8be9e1a08b7c3e4f9090941c8289198048dd
    0x01e059631fcedd74df5f01bbb3ab674fc645c52b1dba4e1ef6bdd1ea9138c3ef
    0x02279a87b98993b9bdcacdb657a8456ddf44d8fd8e36608f0e1cedaab978c6eb
    0x03a177a5ca779969b4708f2563c535fb928578a67234cafe9edc1d7a488c079f
    0x03c25a5d9ca12149fa2892673df024fe58084f073d150dc222ccef0860f14a1d
    0x045ba556b76915fed0030a1039eec3fed2f0dda432a83e879fbbbca9357e2320
    0x0460ebb896c4a573f15158c1397870416a16d2ed29d490dbc328427114836a4b
    0x047c9b01f63a069489baa6e41254fd0017f7ac20d002d9a7c40294860c0d5ea4
    0x0642c8a69eaf9a94e947ae74d6200603a8a0a1b52cca94430eba53ae6ce4b63c
    0x0656ef7065ad1037fea5b019e92bc866ada86280486c6d908e87c257f71a2412
    0x0696e299b745da751ff8a0f2092bcf9e0bd23a71ed81b1febf78a2ee07127993
    0x06f4711ae5076b1126e0d4f98efbfb1b5a3a602b1f3c052c37711a372ed2ae61
    0x07d8f8ca9ed7d5ee071febcfe132e1ee07d691cd5baa95a6a8753a920f1bd47a
    0x07dfb56c1f4678eb8ac60a95c260e08929f8693a1ca24613f05c622a8b46d607
    0x07f963c90f573fcbe9da9e174e122ced210408c1a56b34011d8446eafc0c75f4
    0x08365beb36380b4cc8a45a850da21b8bed37be3d15e416a6453efaeb40324808
    0x0993b21c66a66f140eebd28b844465c28ee7b7db945a5486537bc733e954e6a4
    0x0a4bbb634bc24d667085cc75066076f0c31b3db5caaf08048b8a4bd484282975
    0x0b11c1710502d50d666d1dc7cd8f5a62647cd38617a03cc0faf2724de8f7c80c
    0x0bdc77d1a7d81d9a046782330e0685ee3efd28d6169adaa0e5ddb20b89f1be04
    0x0bf8f49941ef2caef7419367d6a3d0b2172f5201ad8c583d504ba5f41fe439fe
    0x0c613b9f38238e6f9fb471a08450174bcc182edb98dd9bdfb500584582dc1122
    0x0c76476860e141754fd9cda8fe71adab78905a1e527a98e65e73d785e756a96d
    0x0d14fce17f5acc09570fb6aef9f3fd6d3dea2d63a34d57cb71b60f0e3e13d0bf
    0x0d3442f56a2f5292469c9d53839c4f4e63cf0a55b3d874374b73c7360eb32234
    0x0db9b791b9d27f1aefd5cf1968c3942869d692dc287bdfc504b0b97d0d54ac1e
    0x0e0464561c89ee49d012cbb63edacac555d6a7c90dbff84386f5c52f053c2e8f
    0x0f14942bf8b4d66a6fccc084fe617498a4b4d3ea3a56a5ed880847c91cddc60c
    0x0f794dd5ccd7f809c877166954eaa96e77068bfb42e496bacee7c592a2a8d72d
    0x100967701d9fdfb7fd76b91c8476e3daf5621cf4097dbc324ead3cd009194add
    0x1033d559bb77ce7bf96e33c9f4d2fb633fab1cab030d3303c16e982ed59b3446
    0x10f1c4816ceef3ed4fef39981f15a4d4fae96360482a98ef40bf3df651549caf
    0x110a9d4ff4b1c8bf7dac468e736db3dc935300d74d8f2b4ac0b1c85bcdf0cb4c
    0x1117ae728fe84a63b14cc31bcea6923e502f0678355879fa836f7f3e04c119b8
    0x117b612627427e6748aba65fdda2ab48c53533134c1c28882e202055538c4fab
    0x1180ca1cfed852a6925e583fda016ca29aeb6ee7f1b2116ae18362701215fa6a
    0x11c49f829c0c45715e4a15b5fa4bcdf1e0c0e6f8f06d113d6f1d497d1343d9ce
    0x11dae5f6c12b42b23b73c8cc39c8d93e62b4d827f410406a4a0e11f51770d1b1
    0x12524f30c9b5b62930c0b27c127dba1fdc76bbf493cb99ffd5184ba08b36ff81
    0x1287f6ff3eed11a3fcf766326f3e6d9d7c8b684cc72b6c282d4e40b4c0562d0c
    0x130c680d7f3e53dbaf6f1adf023da70ebaffe9f1c77fcd57f627850564c42ae8
    0x13437365128e92015afc11d29f5b21f886846d0a1e8820b77712fc4c2e1051be
    0x135ff2d3be0f1cb149ff85732e15378071c920ac7bc4371a017774228f1dacc9
    0x149854e296f55266b7c649b463a083beadb0da17ae5f0f22c90fd59404fd4ef6
    0x15047917fdb1d30fcb458262d43b593856d606c87cecc5a9a81d25f6ae46c7e6
    0x1511a7868632faa33965414c2a20988bf411aa3daf5258d7e41c4ae4072947bb
    0x1797eda70fea6d3289c298fc298a8faf875830fb26c19f8fe24b81c77654a4ee
    0x17b83b960bb8685342c4540660443ffd86ecc6353433ffa3b9f41855bd0f49e8
    0x1849ffb5156c7601c52321641a4a34ff160e01130c7d2257dad585fe343ac250
    0x1852d85cf1a1dc03515ca670baa8090f6a2dffe8b7fbbae92027557c311c78dd
    0x19ad16acd089f9d0403f2ee94929ade24adefdc7daac9442c2b976b1f08bab4d
    0x1ab5633fd927cafd792f062dfad434539b25b6280eb918651c0449565a5f9f45
    0x1af3461636f7d0a8c3e9090e8c29f069963131c27530e00367f008112ede55fb
    0x1b165badc2c3da7be474e7bb5713a2ebe99a34af856954fdab9d9bf79a381118
    0x1b5824dcf666f0d77345d63ecdaa097cc056a66256901a3073479d9e821756dd
    0x1bdde88a3071af00d97d878e9fe6e3f364734149d87162324b1e768b0a5275f8
    0x1beb12b55622a00ab153caa1ff03cac4240a070f1be7769aa5593ea462d3d6ce
    0x1c82407edca0256e31441130b4247c91025d2ff3324fa75150e2399cc965d057
    0x1cbd1ca8a56cf61e0f561a4cb7359fdbcf3deb395e333daf8b636a2a0212e238
    0x1e100bb43538e07db1c02e4a05a71609c72c3068d945299a058fa5cd5f043662
    0x1feefc9775d0c0c0e0e3c09a8e121b41452b74b1e2b6f3964d29fbb4f3200570
    0x20493128f10b6c728080418c2026ab942b2e6fa82b06b1971a2b6b621542f9d3
    0x209aed2f00cadf2c4853d92258d098b1e787ab7680d9ac2b964f65f544c257e3
    0x209e7a17109469c68e1772b5886be6aa3409a5478be8cf67fd9a6a103b979e49
    0x2106206bff3e7af13437a469af573e6a3de38dc9e5fdb1646bd042d065b3b3ee
    0x210dc3bb52461f7a79d15c1423ad7495fb43d36cc64d994e1f28bfb423118205
    0x21771b5196b7a82090be4c2dcd9fe750a10face61ec327a7a9a3bc87664c7bbb
    0x21bfa4b0eba92615566e523ddbff0652ac636e3695437828d20ce4dab63a4f4d
    0x222a3477cfa4f029578ecb22e4a0aca1742cf7d977afaf54bbf0fe7cf0fac099
    0x223f9b8feec524ba6c4325d4c68b2eb3cc730f29c55e3c7f450392e38ed6a315
    0x229dd79a407b1dd921639614977fdfe9e0fe33168dcb14e4b827d25f1377513c
    0x243a30204018308112d0ac4147958319fc6c64c79850a68397ab212a66a028cc
    0x2479722833a5025e273a5af7bf046292e9e659604db302047a69fb8b22ab7821
    0x24b4475747ee6af6ec8e3cabcc01562fa77c268c5c2c21a09b41968e0d47446d
    0x2541362a6cb3c131bb8fd3dbf0ea56b6b8f0c66fa0d392561a0092be6a15526d
    0x25a26dec47163b8555fa0a5385ca2a008b25237044e92f14bb61f961b6edf63c
    0x265c6bac3048d0f485fbeff88a601503368dcbe3721549adf911a0edd8a908e9
    0x27c1318aa877e225e695ec3852c4a69c1078fea5fd4b8f4293a9d6ee60663c1d
    0x28376fa23ab7f763cfa04a12b6b71feb3ee0dc8f4dab7d53875046377984ab9a
    0x284edc085ab0fe412990794ee6dc8fd0445cafe7dca18bb215bbc6fe8d831777
    0x28608e094d8c0882d8c1a596b2eda9b863ee27aa584b37ad56e287312f096580
    0x2906fbecc9d3c54ada97469e8a8d1fffaba6c09743a137c8c30e7b9a8c1349b3
    0x29794197eebbf1136b0e7a4595b784cc98f775315e959a56daca144364b30553
    0x2a095cd472866ec74e86ef8cb6da41ab1f71fc071a4b177f3aa4cc4464cb0682
    0x2a52dd8b6b63eeebb412677db081aa369b76a19825a9f199d20da7ece5025b33
    0x2a6d99072909ee1e9cc6c6af2b2da0f1845bbc61037d5f4fc88bb6015b45e079
    0x2b065bb6a486cff002f9f22e03e45d050ff1538304e70364139d53d04a28500d
    0x2b2595b3ab552b01bf5d851e1f649432edd2b52353af6e1289390b0ea8644071
    0x2b4bb3b105b5b235d6656b0193a81838dee8bdc77845bfa09ddbf4bd20675f36
    0x2b6bcdd0e92b8fd4d49c6c2c956530719b8b7190da913c269b39c2159c70190a
    0x2c03f1733f45ce4df03387bce1958db027557431345ac0fc1e59b545888a0779
    0x2c7e79345a8e6246565417a2b6ef42e708361a062c889597fa3cc0b998f82233
    0x2cad4e26daf49319076350959c3fa65e869fa8b9c3f92810b04834bae13f1b9c
    0x2d0db1eb5e4b7a9990afbe1372fb2041beebe5c6c7e88fcd126d84a62791dd21
    0x2d65a0cde0d152d5e65f2b6273416f787e81e9b1d445651d8f8cada5f1c5f89b
    0x2d7ab8dcf32183578743decdd3b17a24b8ab7e1e4e8dbf26a489d48ad575a330
    0x2dd3762095113ea278656236e0195f9457be23ca5481cd4e60e5697754337d47
    0x2de60d20e723853666b0466e4d17d5dfddb25006c7ac27a2cd346816adba10a6
    0x2eead2a05c427626059d1cbce9e551d6a3e1019b96b53209cdfff5bd5d6be394
    0x3047d29859876a86718b51cf64ba02f0ab90825771545848166d9ae1692ef355
    0x304a9b3a925a1b0c9c877653c5ea9fd15f87e71cd6a3b61f1e10e9a9b157a70d
    0x309ef0ede5e1803d69c0aca7deadf225d8c3977dcc44e367f05952a449dc286f
    0x3138edebb3b0b6d856ce79baf8cc76862ea996322453e400dd5bd6195f233d23
    0x31c0f6b34ced618582f7f24800f1536452db40942de5c0e486cf8e23387ccf37
    0x346fa5168e9e8685f8c0b966b30b04a11e64042d04908bebfb7f97dba386b56a
    0x34c1af70cd9cd0901a33b260f137df148603aec6aa19e3b2b8742b564e3a38c0
    0x3542594fb0c9b1b3451717d3bedb72815a51a5a8b6b09a44b3a38c2d1fedc227
    0x35c563ddf60dc176bf2220bbb0e73dc6a934c8c6409c66f7e9d3f3dc80dd90a6
    0x3771c0c4761b95f8dfe6aa5ef2ad7b6bdcf66b41eb477c052f04059e75fd48e2
    0x37adb5e7800c1dc386f55be73e6b888b1854e74e7ab37e1d079dea798829c111
    0x38329060bb98693d9e7e40a3e4049ec23c07091404df1ac563720ffe183a2104
    0x384bcfecade9250a27d83d41f84f2198fc199d9abc046549abc3ef571d6f626c
    0x39157e0eaa1ffdfa0ea091596a0f95cb1822b050b679cb0bd4ce1101251cbfd2
    0x3a1cbb155c3b6c898895dc096909c6001413bc34803bd4dac025e38e749b47f6
    0x3b1901ce7398c0bb8478f770c857014ff69c854effe87210baecbaa1514c99b1
    0x3b7b63d4f54e645b558db74891be40d5b65c4b9589f83394aa3c5c813291b672
    0x3b9aff048ef596fc152fe3374aac45ea1e3052f2b9e41e4dea840200ea7acdfa
    0x3d52bb5fceaad573fb7bfdd9d193fd5cfc5746d717b822038074bcfb9e9f731d
    0x3de920db05cd4f4e1be6c42b36489efdbb49f57a214641654187ba73908a5a9f
    0x3e0dcf2ee47ce7344f3de252782a1ae930e7e4b2c029698a97f768822a137bc8
    0x3e7507d092f2387e8764eafd99980fc7c71a10e5f1da0f9663a7c27a98afe374
    0x3e7a5c7aea1f7a1268f11383980746a18801a8fa708363465e4700d1cde24ad4
    0x3ef9bc577c02c4097e8144b9b6fcc27c58ee82fc6809fb627b64dafc32c4950c
    0x3f76f5e72a971dec631cba600635405c200c4dee5249ee2412caa1d84d960711
    0x403b4c45a92a5900b382bd217211a43be00111b795a8b282b0d906841f44e296
    0x4063cb2c36f6b8ad959e906d487d08b2705c3841574e36b8f0f00445e1a12125
    0x40ab16ebd35e20df8992928134ed26a629f92d529862b7d8b197ef6de01f9d95
    0x415e0431ca655e3f50e33e686581f431895b46778fdc5a1d3e01a4b4d9b79d94
    0x418d5439cba6236e3d838501e10ac9da6ad15ee95a04354be61e2c1a6b65dbf3
    0x424e22a5b7a6a32839c1544f77c1f72a9e7804206c78490fbbf034db600defe5
    0x42cf15a68c9e02c7aff1c3af5b3473480478fc9957360e252f7209ab8da0b4c4
    0x42dc3b3f71863e92bcc3f50feae67ce89e880ef0d79670272ef64fb5f325ff0f
    0x42dd9a7b40fa524423f53e80b668b80f9c8abf17c625130d8a30edf4c24208d3
    0x43655a81ce3e9ee55424ed563b6c842a25b4f0952481f3a2d5e50778c8bafdb3
    0x446c2218410ebc82bcfa86fad63ea5f8190529b75c48fb8b6b3a2304350fdab6
    0x44e083363351f4cb2d3dbe373037935840ecf7666f1d5f722c3125683f3d4057
    0x45135750b97f2c1892c60f1ab5dc189c9271ce055c658cc248568b42eab069f9
    0x456eedcb72ae6e81734c8575dbf9027584c8cdca0a095d423d174dd0a83dd173
    0x457385646d417647a9127a743b9e847ea0f298ef88ae893c99d3f4c1bb147709
    0x4576a7fc5c06d189c89720309277299495e6aae3e4e0f22ea492401f3f32e1a4
    0x46c0296653b28f7dbc94873c91c295e13f5091340bcb489987503d8d8011d5f3
    0x4723f06c9544b7082658f65cf0384a0edfabd9ee523e1d12ee56ac0fa7a2cab6
    0x4767daea72509d55b648129f2017622a95dc0117020ce79ea7dd0ac19e12e86e
    0x48a6c4cb7c172b2e72767c722f29d7d2836c44a488d6115ad5da6f2108f14e27
    0x49293fe7b49683303f5f385fc7527355d18c03a3131cd884daf547893c071159
    0x4a01791bbd9f421d6b8feea4ebc096e0adb9c1ee4f8d1980684806dfde40101b
    0x4a4a5c942914ca261c73fa179e1cfb5b6494c8032d9ac1d31234bb4378f947a6
    0x4a9209aedba778d35361fb7650e16b1c06f354776436e96abc6562af089612b4
    0x4aa82bdaf672762ac15c1af696ff917458b2b0e2a5250f830646d7c6bd366215
    0x4bec71250a477b84c25c5d29a832878ebeca1dec9e31c9aa11f754ab0aa6e362
    0x4bef44ce2f7fa7af6abb5ad3dbe9bd6e47f53cbb7217ff6db4b6bee1140056bf
    0x4c1e11bd2bff1a290742007cd359bd3e6afbdd2c9aa577cdf5a3835954ca42fe
    0x4c3dc5b9e3933171925319ea77f2ff1d8dd797e9e83eb3f2ee5ea751168db2d4
    0x4c65737c98dbcf03fb7b71ed4954c13737fe01f89eadd7ddf00e75c21303ef66
    0x4d6bfc075f95cf51a15ee314d39295e3a33334790fd32eee039e35f77a8dab6d
    0x4d827afbd3af0067c75c3ea4016cdfa11f7273fafe8bb90f4e103017c61f4caf
    0x4dbba7c2cfe5a3b2a2892c04bd65345aad180045ea41824394d2daa38c9aabc5
    0x4e4ae9fc302b4bfa93428f8e93c180c624a7c8ae6051792490dab556ddcbd3d1
    0x4fea48737cddc506d3baae852882a8009a46f5cfc83912f2f5f6b9fd5202d4f2
    0x50203b6b57b459b2a0a6e34beb11744c422808b6f1dcc9f9bb46f8b3e77a9141
    0x5176dc93bf9bd458fea778d2fa9556c8630b6a98741750017a10cd3eb89c1673
    0x51d1d7837cef1b2c1faf0e83daff975eafd2abc0cfcd2faa929131a63495ed8d
    0x53c247c8a5803c03ebb6de21ede040a2061fd104ab417c12207f9a4815c1b13e
    0x53efc6e8e2a54d1c32043753f35c2981821c4afaf01f143ea00668c4fb7bb7e1
    0x5414017e912d0bf3f83242bbc36870be6712fc809f3946abc8f06e99cd580637
    0x54ac0872fb4cd9f530afeaff0f06231f423e73eccd4806d00adb71a124a7465e
    0x54efc80105cef5700676959bbe3ccfc79653fd56240af9a62ab2cce4beb9cd3a
    0x560668ebaa1ebe80fa39a6de3c10619067d5e238f5518b4d2b842f82871e1cf9
    0x5615af7b7eb5d6023fdf50e713e586bf18d4b38eeae0992a31fcb5cc48c9e9f3
    0x562a752c5e3052446ec0773b7adab8b3b3f90c21200f77b6de38719d27084286
    0x567c0a73caf91c29c066eaf14580e95b61897bc005cc1e05ae4b2fa1a6cd6f96
    0x569eba4ce1670833640c13e1e17cd26afe538f6c48397959935b5bf3bec60fda
    0x56c13c62c7fa122c754f74cb6e1723a29263ced9515c9ab42a78aa7fa4b6ae21
    0x5728f6209fe829f8be03b247560f9b2020210b765bab2e03863d88e429c8b58a
    0x57899afb298769914f8440518b69d15ce987a8a9181e164b1d0e26f026d0d915
    0x57d37f7847d87c421d0f52a3f9a325fab1a8b74b240f5401fa518131afe114c6
    0x57e6873c5c340ee0e1d6fb411bcd6cbcba74911d7c9a0f999aa44bbecd400f56
    0x57f7153f5acbce129104716ae131e04eb77a302a449c35472cdfd7536f6132c3
    0x5812138cbd81405afe2893074c16da85ae7e3fa8b6ceb6a08c0c28f52920f332
    0x58c0910568106066c98e8a90c52d1a0afdf936caa3af948a4188d5ae34e483a5
    0x590f9b5f70bd7ad214d86490f610e3872fe4a1abe6edfb4adf35574a7e984ae7
    0x591183bebd07e7d57f429e0b36f0f6a8543da63a01e345a23a89c4f75cb466e2
    0x596bc3efe4f12a3f3001ed8d632ec88c0b313f0c63b1a0c51e7c18207414475c
    0x59914c7781c195117e5e7324617f107ccc011b385a13080144b153177fbbd30c
    0x5a4cdec882729438e7cd23f28a20dff325958dc85847d322a6caf8ece8b1613e
    0x5b2899c07e553365e4c0bc9fa6900c7a816306e39a197ba38dfedbcee3d1df16
    0x5b2e9d3b8de61e258997dd86ffb945135cef81f8656b41fc62b039af8edb2e54
    0x5b9d0b54b779865b0cbeafeea22ebb523f81b03ea0279d795559f885e162d881
    0x5ba9604c7575f9c98e1c02f20d9f8793027f361ce926801c598b709096eb7214
    0x5bd9e7e53aacacfa14131e5c78ee058cdfb0a46c4953bcc289a9eda9cc3485fa
    0x5bee04f918a94c47b24a0a248b33063c78354429df6ddc175e2bb2b796d867a5
    0x5c63110e63b1430b01c02712780829ec0e5b70fca3d89c2b627d3951f8fc0362
    0x5dad48c6c500f3900214bb0774bd71089d7469ae53f4ad792f0d24902cad8623
    0x5e15b6373612a50708e7b598e0963e398845003e0d1c9966833f433a783d8d03
    0x5e381df350a8fa5a4cee8192fa010dfab7aa7d037446bd68447f0c272a359654
    0x5eb7c518f7caba11ae67bbb4daa10b76e42d8dfd4c5b8917666780aebbf01398
    0x5f02859e2a5ebe481ae1e917b705c3d1eaa87fbeb1de998de14d5ca495770657
    0x5f6627bbecf21fe371d259a20d77d7a5de3b100041541ee2d5e9a6abb6e07611
    0x605d16949057da79d4f8d6105524f6a103b7c09e349ad3e5b867b111b5a66e5e
    0x6069cc9db85a14fecec7e1d8c97eee91be3b01dfe152c146e2def741817c9948
    0x61434da06eb1b8faadd85e51098e54dd121bcc773154c384e268dec859226db1
    0x62d4d790fc780b14f205490b7bb01f9064a6471351b10c8e86cf4eea2b00aeca
    0x637273a0b5707dde4f91903b06dab6805163651192ad62056c05e5d4ee2c72a3
    0x64dd1515542a8a2bdbdb8bb210eb426b1f5d9f91be73f067a13a21ceee024f1a
    0x64de61d89bd5a1faf5d6e0f9a54521b8989cd0ef7f37c45b07b91de208e5d00c
    0x64f41e269be0a566ddb25e6b191fe7d701c168bdb64dd63a3502438f1e578129
    0x65c15312d93aa764e73b5f03c8b472fe02d9453a65c52c5d029d9121fdd48bc4
    0x65dad86a1c11178071034d1bf6fbf811c01d49dcd5f9a631fcbbdfbab2471fe5
    0x66069e67e8b3a208d137dfafd2c916e93f07118f0fd06f3278e5c795ffc99d06
    0x681653996668f5232b88a9293446654c212132518a9738b7feb1b74df482b9ab
    0x6886a1ecffb1aeda070b6f30b0c2966c42a48ce240f6f7afa62698e8818b541d
    0x6890acd5f769c48c0a287f994b9733d9ae5db820c82260ad5766d3d32db8cdca
    0x69360ef70de4153198562b020a5fd42b92bc70d9a1c7144d618a8da63e4e37dd
    0x69838a729371811bdd55e66b1dd03387103e71c4fd309154b13f0d9700e57b35
    0x69d75c3613ae15a77490bca86dc2d929041595fa6d67054344d30f05326b8c5c
    0x6b508db32bdfe8edb1c993b77103bf6d2c5b55490073ff7c40199e994ec8a845
    0x6b98b5c7308cac22bd35019345ef86557ce79b4df1438d5d198352ad16e22fb0
    0x6bab6cc47f13bd94e7a646fed698b6a5765cd0e8660397b0312bba75847fdbf6
    0x6c740c0a4b5044609be4ae3c3a72159f57a3ecbe5c028113f239bac9d7672317
    0x6cd59b769d92df2ddecaf5390184a9981709ad8ede63aa26ef3f79fad2c8c30a
    0x6d1abae96b171e6e2514fa2e7d9d2b842250824749f663b82e3242be88204eb4
    0x6e00eed89e72779961dbd675191fd9550783289b4a531b5fd3a7cc92d61d0b59
    0x6e4c5ee8003687e05b96a9e3273c9862e94cd188a421cb55e5ba8c5b7c921cc5
    0x6f2a5f9a9406fdca0fe840d68fb00512e9c05807525c429a11db8656d8e81853
    0x6fbfe23f2081f22feff0edf8165e3b0a384354be716cea513d4e206527ad02dd
    0x6ffc10b495be0e3cab33beb41e0ed578335324d0c93fb4df4b9cc6c78432792a
    0x70bf057f3dde1f7af1914497fed89a7e713b9669b803a65949dd08b877bfba43
    0x71260a33f4d10adcea0e022ee1aca4c8c1bb4085cff78d5982fd0b55132db872
    0x71530890fb94bee7bbbcf97c543a5612f3a1ed0b2694e141daba1b6c5d9ee73b
    0x71a474a5418587ba9d3b8008ea65180804340a9c3bc5df5ab809e4a84ddf5458
    0x71d6d58928434abb364837d842c160dbe90ffebc017dd1bd40af4183df413978
    0x72111a2fe341be9fae0bb51175112461f07c5ac720b09eab062e4baa58265f59
    0x73958481ede39f157ecd43c6c0f60022dfb2c6f4a1e232835cee465866aa1bad
    0x73eb602a4b33e210cfa08d92abb5f49da1ac517506806cda59b7fcd9421feee6
    0x743b6e503e1148b8e9773467524178eeb226dfb06bdca214c99493d33f526517
    0x74da38656e2cfd08b9961a589db5e5060475fda2c552c1cca657554063cd3899
    0x759befbec35c8d9c2b883b2caee56ddde8754a2c82e976de994c4c03b824662f
    0x75adceb3796914ec7811e578797c0b0100da7949aa071a76d3b8984996cd8b2a
    0x75e776265a24b03e452d5f13deef409a207c679efd058c218c56b11fd1a8e1bb
    0x76344b6789b3893f44647eae54ce7850a4b816dfa0943ad6f31dd368d79bbc2a
    0x76fd8232e9507d133a3499d1d130de46e5e8b7bc671d501064cd2b4e62dfaa5e
    0x76fec730bd9b3a32cebab65ade2af00426e2d2b13df17592d2ee53213e0f73b0
    0x77051c426fd979fe7a9980ad0835798e7f93d1837a08b9a1d5d31a15c3b5bf48
    0x77d3c597804cd56594769984471a7abc373f5e17d5a8f76efddc95cfd546693d
    0x780272f97b8af9e16343b838e7f9ad56dfa26bded6d279338054fc5815c52975
    0x78be0021e6d3ca651565b5a2310d4416139d50d24319a615b440f28405950359
    0x78c59a43805540d3cbdf40299c33c4c23c8c9417f3babaa384469dec924745be
    0x7904ae66c248662a09d4858c5634d52c0e02240d117c59d5d8f5c2cb2d288c44
    0x79a49836d0e7904a0a9e83b33d4d8caaf89ad3b330e249150ba3d2c29f0dd055
    0x7a4538923151c6da682045f51e70a64aa5894941c71a4cd2d6d06a786d9ab9cb
    0x7a47ddb6c31c1a8b160c54fe4681eb08c899b29f5d6f9ae8059ec3f563345b9d
    0x7b63cc2a525ca3f0f5802558cab5557fae2c4e4f0678a349f319d613b8f6d87e
    0x7c39be55c944be569ec598d244a49102209a81e8f26a13ddf625c66b8e86e6e5
    0x7c853f83cb05e32bf0c29e6f240b3d5933cab8a4c9897a1cce434a95f4c8c2a2
    0x7c924305a48d246d947ee067cb2b24fd4fa1ebfcb4fb807f3c3cdae93ab25658
    0x7cae0eb0108fb79cad234f32bc242b14cfe10fc0d61247a007a1321c44964f52
    0x7caf83e89a77c56814029bf95dfe04e92bc83747d668d2a3f835f8237def8884
    0x7ce544d44200f481e0c34791f4d06643ea2b1f8ec4a15488587108d5543aade7
    0x7d549658a852ae49a4fbd29ae0b726bc5f28ec143c038a380d0e6cfc4a9222dd
    0x7d905f2a98bd1f484414225a844a5124f392384c8a8c0779056f8a3f9fa864be
    0x7e2dc8b28bebd51bd9a8567f3f3f0e5a2d849cc92402fce3285c4cdc9f44bc27
    0x7e68c5b6efe6da2dc2018adc2820bdbc0d3149fc804874c58447ef849b8c8bc2
    0x7e7548730f9f384a422c82083cacd5360b089fc155455b8ec48250e3686be448
    0x7f03fa64bc566a6ac292eae89798db86353b16c2af5ed05236c3a9d46588aea6
    0x7ff330469589ca8231c56e166ce394f2afa11c20bd0bef887734c9292d36a995
    0x80300788e1670545cc2a830971f841f610ad38a302320c43f14a8991dbdf025d
    0x80f9fbbebf5f12dd84da706918a06bc312f9ff8b8f2824c0cbf4e2e6ec564f34
    0x8217b2e7f0f953a0ca28fb5d4884659806a102fd4624315577fd54592dfce612
    0x8259d1d10551425b364ddfec6cd5fac16dcef000722ab7afacccc5963f108749
    0x82606dbf70bc84da08c2f1ac1ebf641ad10fa47e7bf3fa58ccd3f276ce34f303
    0x82a30c9a6deb8f4215ce56ee41aa3c782516b7607f9c2461e6615c1cd2977d7a
    0x82d8154b30747ea0d83031168b055906d8d09aeb0b12141cd8ead4f5782ec1f1
    0x82ea28e26ccda7af92aadb8795a02f913a77df71da757c72966e903757919801
    0x830f02cdca620cd0aa08bb7aff026c4235f76842178814af4a1331e46a57687e
    0x83687ed72a6ec9af75393c188dbc32660b77932cb9d260993445d5d89466596b
    0x83a7cf2c95e60d16155eb4f40b899642fde423429a57fcd8a85ced42458349f9
    0x840ca578990198be32c7fa50248b22f63b4665a66eeb69df9a2be51488b656ca
    0x84a85b2d2a333f542ca2fb28d255769b1e70496d2680f243d43841282b2f8f77
    0x84ebf3c632ad36a71ccc220ad1ee6532cf43bb74868dac4fbb2e321d350a09ba
    0x856b93d062a106578e58b79291afe1e102d7bbe7385e1582e167154790cb9d1d
    0x85a7443c186627af22df123634282f4f5d2947f6e477abab20c6185fd629383c
    0x85fe2ba7171580e4e68c45863c441f6fad94540ad5aaef5b03c5cbdfb5fb60fe
    0x8619e8eb94d971df77279ae2769265b1e2b14af1ce12e80e9c5dc652c0c57c3b
    0x86c686241ef7d89fb3376502e78576cc46e052095ddb439e877472d7f27e304e
    0x8771daf3ca468bf82501f98928b4865290cced66b9cdfe90aa5ff9906499a39c
    0x87993c9df5cbbaa2730bb083bdf6dd060e01451a8b282017691e0a8d61005091
    0x87f3f65983df6a88aac7ff340e765c8ea60b9573a01db9f65dac73ec19643b8e
    0x88ac4c4df6da2d2a6bbe5e81a9eda0178d72001f392ec7491f96a3540b08bf8e
    0x88d9fe35235f9566d511476933439712940341a0859c55cb7ce956e4fb77c2d1
    0x893c7b6eedcf1e860eeccdaa902800587e24df36b4c11a3a4a70274d49b257fe
    0x8a211efc345387bc77cc31d7f52b86f151581792500a5c8428c26cbf9a8a7844
    0x8ae35a96069928fc070f2c5f797da59df3cccf28fc73d8366e1b68c9c1c24ca1
    0x8b5d9f6f5ff9ef941e91232ac28a40b08a0c888407cbee32b0daab5ae9ee69d9
    0x8b5fe53f95d46ae85bb72532080042ac883e643c2f25aee5e5405699aea58115
    0x8b62de96fa6839d63e17f72095e93bd2351a990eb51aed65dde995416b13b495
    0x8b72bf1a5b6bc129c8c9609a9e023f8e72844c694b38cd19f951dba76d3b97f7
    0x8bd3397373c8156e80f36b461fc4701f16ca3d6e5cea1020a5f88d3748f4e481
    0x8c26593070a1389a27cb092aec585818d72d9809be648aac704eea7db810c5c6
    0x8c3f3e07d3e68374269284758e45eb19a1e3cac21f41b4dade144039035e9b1b
    0x8d5b1afc353eb418446ad57b7960c512b28cfe954d7f0339481d3eb2e7af02bb
    0x8d907f6810b9525576e75b77d9be15d38de539bfc6e4d0ca8a157db0230b0a7e
    0x8e0d580f61cb7f99edaca5372d53a97e3247750c0e7dcb8f804a3081e9a0f595
    0x8e1de1b57e33d49f5fd4358b107f0843cb501a36c3ee0e14e081592817a82e4d
    0x8e5e6791d281bd69bc50527a730f1cd788f70d71c58f95d887a8d4c228a072a8
    0x8ee1ec828654e83fc394be4c2cbccd21c0734fa05bb1c3c9513a61559e019bb7
    0x9006e0b7058c80cf897c4665fe25efe1e72b186e3f2d9ed634b5db30ba24703d
    0x901e5c0897b3126a910ad570d6444b1f98b61c79f1df33b63c1f23e441fa1dfa
    0x9069c81fb7895198ac0ed1c760866a205a0d8ed9d361c5fbcbc0910ffe7b1cd3
    0x91dd7b6a30e68420ca15dfb3301543342434ca2d7d6c5cab780b8fdd04165966
    0x92bd38725063adf1cc39d6c0705b68e26f50375b09266c6835c13ca4a94a048d
    0x9301b2cc4ded16957f79159fe120642942731b2c5c832f400cf64ded072591c7
    0x932dcbff326b0299b2431279f975c12d31ad2fd36abc9e1b77063f46fcd2c75f
    0x941418abdba766b5f7f4f9b9d792302ca48ea06d1d82c4250abd5d0cc8d4ad26
    0x94d12cf81d2777290aeba731cf908d6c3396e72ada0764820ab7292896a7efd9
    0x94f4938861ddda86bac19670836e03b29c245688aa639782a4e0cc0c171638d6
    0x9503c5ccb01bec734e479c64d634aa7fc75cefd6c95f5b47ba81eb2c92b4b328
    0x951a1e89ccd35356c915303fee00ec8f4854b313964945b2c87d34b153140653
    0x9552253eaf146db57d272ee7e79e32f75639dee0fbc10b18030586efd2c48a52
    0x95b6dd7138c2397a20e1f54519b946a0024162414ddaa0c13ddb798197ef3c24
    0x960e2ca73bfb900cb0382d024501d763fac7457ea175956fb77e4abf28adcc68
    0x964afe2b9385ab1b920eb1314a39b780e61352dc37f5cbd7684116e596adeece
    0x965247cc085b199582e8bbe82c870a21214d387f84e683555a19b26e81b413c9
    0x970d7f32c49f8caa933d91bfecb135872728a97ab41da3ce9bd143534439c39f
    0x972a0c9a3fa9e89ac4d2f129b37ff0d17d4ad026755adea67e73c6c3c9525be9
    0x974eb0a940e4233ab4f976e7b4a3b816362d748eeda531480db583cfbf150248
    0x9768352b8652ee9c9f7a29caeb2a59d9528de9311f33ea5bf56c2424e5bd6e0a
    0x9774bcf3a21db2626e782d1464d12e6496e5c206f4abab3525a224193e14a847
    0x983c21e0fcb92ddc21907dceca61477303c036d812e5b6eb0d10fb3d7bef36db
    0x9843b540996244674b73848d271e84ac9ea27be8d18971c9e30f7f4c655151b0
    0x98c4b39b0c57fda7ed8db0201823102450a6e87dcb96a87f371dc9c1162f789e
    0x98c7111986d317e228fd031a29cf8f572ad85bfc30d7c3a94921bd2eadf5a46c
    0x99b0dfcb7209f0be2a05637cdd503266db2c58629ca2aefe975f1e8a9ad5d2a5
    0x9a3f9ebf1589676dadc8efe5e7f19ef5479012ceaa553d533a2738d9bb7579a7
    0x9a404e438ad0b41615bd43e05a1472f3f115acc1d42e2162d6be354c91c7127a
    0x9b8e688be63e1b29ef24f419d487b799ae95ca277da03928b71d73e01597771d
    0x9ca7d0ee0a2fd6ef43430b974c3920488aceb991f72750edff2e671b168744f0
    0x9ca9cb9e6dea1e016b299694c164623d5c09a373144406fe33feb5aee1fab9c5
    0x9cff8160a247dcda8fdb4298a7d08584309f0645d1076bd65243efbaa138166b
    0x9d26df98c2f1405e30217acf987e810f78941eb05850a76cc4e3bc3e64a13ff4
    0x9d44dcfc63960e800b52ffcaee8a3125b197519bccbb2d43ddf300405bef148c
    0x9d4e1480bdbe287e6f1d7ea3dbd580ece33b2581f95e6d8337c4f0383f285023
    0x9df16e35ed61f51588e6eaa1e45a430bc4da6810f8988c73b6f5b289e032bff1
    0x9e2cbe9f27dac5bd0e9bb2cd90b8e5d85e6e4811fd6b02dc179f884387ce5710
    0x9f073f0a1e2a2c8978f5140a4a5619c480dd9c8b417e714d443c8fab49a2a632
    0x9f4498a335a9579b0da7d22ff55cbb9571c972094925afcb0006f3d16843d987
    0xa07341ebd87d70272d608d7de42f724dcfdb7995d2adcec7fcbfba6a2111e022
    0xa1057686552dbcc781283f0b6c031016f1c3d5e38fed9c93fc1113bced6653c7
    0xa16fe817b0f9a405d87a07da29efb6e1a080b7b81aa38af31722132191012de8
    0xa17c5702f7409b9e903f07736bb9acb3393fa6432b5ac4c678ff39fce673bce1
    0xa1912d2736d23f8f70b75de4943d12d922d7ca87401806ebf3116d89acbddb82
    0xa1b0ee719a1f9763d5af700ddef193054ce9cc800948be1065b8b3d3f3b7dc8c
    0xa1c2bbb8f30d7ee128c795b6089e1e047001ba1338f2745418dec4a339c0a2b1
    0xa1f6d95b36215c14af02c5773c25660249ea130fbd44fd9d034652c2cf045fdb
    0xa21375d103605f6285c4a8ab1c3f1941b9abdf098ee88d53c40fca3db427c369
    0xa31ffa6e42ad7742ea17a8f40a4f5d96e46306df99da28256d09794f128be2fb
    0xa368c5ccabdb85c74242d2f1abc38a497400e4357d0e9b8dc485fca2824e0f40
    0xa41acd74a3428e37a5d78a38779b8de088901e69c62104d9eee41524b58a2e5f
    0xa51f4f209e61fbfb23568425fdb4fe64d2ae0aa3ed4439745a790b3294f01864
    0xa59bbcf86f2c17b8597515b3db7ef7e10a52671a2f5183dcd4cfa7ef01c4885a
    0xa5c3fdbf810a37c07b70ae191ff4c39b5460a4a75e7218b72ddfe9379c3256c5
    0xa6164b54ac21acf750e5b279be67a7981c1531701ddc7ffc2d0aed42fcf8a3f5
    0xa6b2bb3c46b4e21f95b12cc0334fd087dc5727379027821a7fe92eb7338e2ecd
    0xa6ca84cd3c4df2ea3676d9a4e767a68206ef6208e3bda5333ed07ae5680d0ca6
    0xa779108f87ea150c724c94dbadd3b0b314c89ae21e39f5a5f9c69aafdea8d94e
    0xa77b0b90e948abc113ca9b5bea43526f9969394cfecb155422ff1aba6ab67ca6
    0xa7820964782ca779b8ecd3788b3f66f7a697cb73a7c2185bf04e369c7dec481e
    0xa7d4ef85006bba3e136c2dd3b796af39e2f599efe89ef03c58486309e30fa0b6
    0xa810ca588336cf533957da191ce6d86f3a788fa165167bdd413bdcd3a8e60879
    0xa81945144ddb1487b35f12657c83e5a1864cf34dea8d8b0d4c21dc5469e2bcae
    0xa82cbf1c89a3188d25196e889c18777d807e7a7fe1bfaae409f95168eca45099
    0xa891a1249598377e1d15b5e8799dbaf2d5f79a7c271c59f58686ed8937655b2e
    0xa8a13d7a27b863874e50835c0c1e870357a27ee6453a8120608c95b66cc76e25
    0xabcd3a19e678fcdba4f5ded728ff26657a7be1db294bbeef102d48ed83e211f3
    0xabe109f6476a0d8ba7c16e168e0fec2d01ba9194363ce5649f762660a7279217
    0xabe689c0c3885ebce79b37a0f62d0ba699b76ccd9c31780c7e562610d7ce7a57
    0xac9283c180f03ac2b8d3ad9bfe68a54b35a16a22a01cac6000978154766495ea
    0xacb031b25c0895a6357bf4e2e27bef245d547949e07c016fb833a02abfe4e7d1
    0xacdc86d23fc35d81ef0a497191186a8308312052cccac33acad6a6a8c8565623
    0xad697613f1c70f3048466bc7f693defc4099f4e9bfec3facb9546900fc350b9a
    0xae0f7ec52b7a6c94eb9dff550ebe1ca619e334b93d7ddf8aeda9721cee88c3cc
    0xae30d57b97b47c3cb3794315b2fd66090ebaefb0e4c0dd006a129f042dc3ab4a
    0xaf5bfd82f39ec83a00c5ab392769e6c632bf521f5977c715ce1c6e51c3a1f3fc
    0xaf6a7a1e97f66487527cb514e24e1d1ab60fe13ad41032504d00537965bd3929
    0xaf6dcd3019db5f73cf4b112c68e4f37f05beaa8fad39885e277bdbc6f16b4689
    0xb0bd8c534bd267435d2e9d776688da6da240417ed64de68dfceceac8e0cb00ba
    0xb1677da433bd7c8b59469620ba4cf9b4e25f02a1cec8ccaf225d27b8ca7ac56a
    0xb1cbd21fe57a591ebb3884809256368636faeec9b87cae6fb75301385a72e071
    0xb1f68cfa6fe598b33550c899f55ceae27ef4498f4b394868a90a5e07002bc4c6
    0xb1fddbe25291b85ea39a587de79f6ff307c1777d324231440849b82f7cca1fd0
    0xb2ae362e172e4c765176c51af01fb211bb71204d0e3bbe7d5aa992beac076793
    0xb378ebffa40fa81e830e4259aa7c6edc13f28e122a3871d34b86e64c751d8076
    0xb3bf823e0518072cf0b1563e6a4f4765e4c5a59f60000c7ab38a6a7f3182ca36
    0xb44ac127857496dddc917b43ee9fe220bc4d05ff0a0f1a3d8d1cea3a2126205c
    0xb4923e1e27e5d86f21524b1bd34f47b6e363f1cadf1425f8906d810164358d62
    0xb4df9ed581ca503df19ddc3136926024f15f4f8ee522917f761fb509f55b4ad9
    0xb515138d8171895bfb4e66af7cf0c6fba850a4109e599e826093fa66f31217a7
    0xb584215bb795710b5607cd1b3e1c2378f661304d301712c818b8cf42838f066a
    0xb598bcbba2f06258d7889074031c1612458e5f0fda511d6d6bb17f017291496a
    0xb610df31820c8ae853f6fc8060de9ed57e2cd5a952e38f35ec8b022ddb4e76ad
    0xb6c4f62df5da7905b2e2b57bc92c7895e03b71c7fca714d7146e7e66cff8c717
    0xb76eea09ba5e88b9343edfdb2958b668b50df1a90800812a1d710ad38b5082ac
    0xb7b0f8da7648e7f71fa12494b44444f1ff02e8424c2a008c99a293c63f1e642f
    0xb8222f1ba69d3a519621f089ef6d9c72fa16a0805e96d28fbbbf8c8b9a475f27
    0xb89df9ef212ada8207327f96412463330c576fc08a47fcd40d4e7938bf48db49
    0xb8eb4f438efd7dcfaf7f6d632dacb4d149d2317fd8d7a41c23270be4d141f303
    0xba84417fed192e4acdfb1b99d0da1ca44a483a321f1a65048dcdc89ed27d7279
    0xbb1e82109c6e39d568de5bd30600a5ff8cbf4372d3aeeae7b31d7181f57ec3c2
    0xbb22142571aa3a2b9ca73e7560f8c2964c6749565127c10c591df30ee4d5214b
    0xbd3aa7f99cf308fb6ce026bcdc078d7cac25120a145b69e26769d6f0287bcd64
    0xbd8a503b0549aa6624a6e05333b79915061b0ed2066e4cd3c3d7b709787b9700
    0xbd9afce19c072bc1aa4272c41264d211f75ea7d24e3de8ed75b6d59a93aefc43
    0xbe01e219778bc299dd1a38447d743fa1f8e70bf7f39c71752302b83a56f0adf6
    0xbf019e5537e65a0fdd566765baa9792627129d9226c3c895380d49e5e3c274e2
    0xbfdd4f8134e6949a1df6b154c351d5cecfad081def3d6bf6e77628f8f36d6a91
    0xc0128964f33f645fc63b8b08521d0d45d609a6b94dc8c2a2fba9ef1d2831848c
    0xc024c466e585860b47dc0134cd5cda5d7e4112ab1b18c40db2077a2f17a41ed4
    0xc0319559977bd51639d09a50655a64c240382beef76a6b223d726238db370c71
    0xc156472005e3733930062ce73c89e619d762f227faf1c26173d412587f8bdd2b
    0xc1d5e8aaafccff97e69391dcd9f7de41c3ba9996392b12e054094e5f9c0f2724
    0xc22e2199bab7bb6707fd257ce5734463ace481b67ce95502ae99b9d1e9d54ccd
    0xc319fca9e298ecb69f8ff1f5ca2a30f78bc1fb3731c337ccaf0ddb1c3611fd0d
    0xc3921fb90a29a1f3c35ab72b947e6a622c95e972b46ff623ebb60cac98b36228
    0xc447ea44412c818d7adf9772acefae34de52972ec1b48ff598e3fc0117d08aac
    0xc47a1a115fad063e5a1d2dfb6f75db95b548d402f5dde39ea9b130f1e835ea2c
    0xc4ff6d1c232e4f37bfbfa2abd3398a3744619fa12d9a7abbb3ea27b5da8f7494
    0xc51b2a917cdb6df4327b72575743a0fd6b1a553ab55e7d1690d326d1101592a5
    0xc51d81981072eb9eeb9c6bff6902eb182c3bd4c9f3b7ad5666f97d7a1b63fe75
    0xc5488c5957f334bfc41dd4ff9c25ac6619d83fc31e522e45f37aa7333224f238
    0xc60e8d61d0b2796bb1987d37f6d49a0813c7a353a19a977ee7028bd7a347c01c
    0xc626bc5b0c8507e290d060f6e58d7a28e29c70c9eda1eb1873dd7c4e9d490bcb
    0xc6d5643daa0856a2066628a19f57039601a45f43fa9c777faccb26dc0ab49ce8
    0xc7eb532ab2f87e41ed48a96d7cd9a2d555fb888ca622259adca999611640b657
    0xc86944fbb5a09806de40076478e3655126689e5d24590ad6ad07d5b9a8b526b3
    0xc898ecae9f9953f0deb087878ffb911ac86201b756cc7bc723d0faabfc7e2572
    0xc8bc5db94a6649e1ce87b1f7c7a913c297b6e7b995f3c97d89b87777b0b42f3c
    0xc9a593947e3ab6a280daec95ad534acb1a10d01f1ea9fb23487a4d59662dcfc0
    0xcc0c2c3e9c1df2284d984b604dd9c7660536c4b247e857a39157b6dde3b0c5d4
    0xcc3661b2d5a0cec89a95018aabf57885d91630a94c245dddbbc61fc6a49c0737
    0xccc280ef1df5c91365d2984d0c66d2b7de55aeb26ae7947c1dcbcc2656402a6f
    0xcda1f84b2bfe5725eef1f9562c82138c39a8b1784272f06a3bebf92ac65ed67c
    0xceb48561f2e9f879ac2e5092b53229779864b88cef7dbad7a084b8156100a72f
    0xcf30d8b5447ae5c1829b9d05aad4ffa2a6d583bdddc89d87034f07439d14373c
    0xcfe100d4a7e91e7f1ca5ca06d5d9c5173d7b243ef5dcf5401930cdcdb02e57f4
    0xd15fd584f6e6e1c108066469d4f0353224a2901291654b755f4fe60ca214211e
    0xd2179136d3beefc44c651f590433dcc35942ca72c7b2b74918f605d786e47623
    0xd238d94285b6e3f83d48dbc107e0877cda7bf6eff6d58b9f0fb836c03568f8e3
    0xd26297a55e14b9cc95ae57d63541d0a72ee5f472d0d49ed60d87baafcdc9df81
    0xd2abe0b7dae148252e2fcf1d7ba65c59602941ba1a746331686609672b389a40
    0xd2c446a0d5feed116c12331801004e1946b4a6bd9a6eb492813f436ddee9da0c
    0xd2f5b3f0ec768779613d6eea2012d35b3683f3db75e94da338b5aac2de0885b1
    0xd2fddca20ccfe454a738a59de9b77bc627f7a30197ab6e94d1f8aadd62c5e5d4
    0xd33428101168bcf534ec236a4e8e1c4304b392d83e760d835dfcdd0975a8a05c
    0xd34817fd6c675720706d4fbbf30b38517cef41d5c17687eaed4dec725e02482a
    0xd398681e2cf5c24df6dbdc4e1b944036d083140797f886edd03722cc7161009a
    0xd4466b7007afc084e4c6c71fb4e3fe296dc01c99f057277bd1f18a40b7673489
    0xd4b2590710bd4f07a68ad942f9adc692ee5565aa241c6629b014690f218f164e
    0xd5b7960b8555f7a04431f4f841d6240259c239219dc8de93fcf43120c5d0d783
    0xd5fb71c64f56a961727958928d9ddef19e7dc86a00f3fdea100cea3775ce0f27
    0xd66d2f34a953ba15c10428bb5816bf20ad00b9b704507940bb4ef22000ed269d
    0xd6b372a3b6d5de771c1b9d7d58fa7eaefa8af4d7dc06b8fd86454218f964df93
    0xd6bb3e6db8e4ac2a1dc9eb6a9e356ad4126b42b195d4689d0d79864bf8eb6116
    0xd7637a40d5abc85a5a452d92f41668ab7ba68baf034f465e37ad028d3d2810f8
    0xd781e8bdfdfa56887bf77b73fde8a7905197204ee2de7560d320ba0adc1e29bf
    0xd795267b92dff6d3b9ac27374e6bb8814979d02e307941ffa48f491358ce8bc3
    0xd7e80a8c02df7011c8a3347f243d87b38217086bf38f73a19362bb82b02dda10
    0xd7f459054af32ced10ca35515d88704cf73afaf686bdda28aeb046abf5ff2038
    0xd8206651f9ae6aa35912fbcdba2977397da5b2fbea592041c2399b29ad69f149
    0xd895d627aea90741c8202bd17e579ebee8ce5416335e3cca79cf55878f01d1bf
    0xd8b02cf7091a7c58a012517923c7f194986da2414edb0c7845433243770cd383
    0xd8ed18df788c5de223c56b4b026cbf6e9c2e36d66a6114ec3e826db9a10b930d
    0xd8f862d7773f4b6d6e3cf6ef35b1f95efccd5252507760c5705270e399fc66df
    0xd915afbad9cfe5887be08e463daabe7d5f17d7ca46f40c0c7130fe0529ba90b5
    0xd9b533765a58b9ea0512cbbf18ba2755f6c81e42c3411dd4ae172ffcdec17548
    0xdc15b2fe7b8f3925e5ad2a64b5326d2df1eb81e1ec319ba8537a3095e095f2fb
    0xdc1c371c92196374a5706f9f026270ecc40914cf992a6d99db5545c1a4bd0f6a
    0xdc32da4c57ebd11714b42f939e3d5e1ce818bbc8146e50a3601b269fa7a08542
    0xddbb78bd56bcae292535b4697149f8f18145a211d3c13b339ed29abf14cf4a9f
    0xddd1f741531120ecb0fae2ddd7eba3591cd3b006ec7b2e7abf278ce39de458b7
    0xdde4342d854b1843543baf94346227a8a110d94cf5e412ef7419ddcece72475f
    0xdde7edc7e143cb13eef06bb3678ba3ee028c0c0672beaadb72058081de2904be
    0xde1f4f6c47a97f7012e3e90faa051d7db4ef1a393cbb55799920cd66a56fc2a7
    0xdec90602011bf01ccd544cc7300b9f9d0fd7f4a9a0cf668989b2ac9bad9be4cc
    0xdf099b51ca2aeb23118935d6d3e0fbe176a9bbf4a943f4a65049b1c5d6516ca3
    0xdf927c50ad0464d2ebf7b2ce0a4eef62e522a44eb4ef9ab51ee3fc3a8bf6face
    0xdff570e1bc4b5f18ad090c40251e407b84b0b3a327794635891521cdefb1b567
    0xe0600ff1c956bd41c54bf054259c716bfc23c6322175fe3cdec586ca48b7c5dc
    0xe13c4756734d51893126c679586e0247735e8a0e388729cbdbec702356813820
    0xe17dde0c872389c334b992dabdba3a438bedcec941d74395e2fa262ffe92dd8f
    0xe2787bae0db36575d8206d59332956c20843309831481d8b4e871954bcadc016
    0xe2b67b3c7cdc6bab991b16baf6bafd5ccb681c6a753f544a538a59e9d31d38d6
    0xe2fb11cfb0b7e34163ec30fc80b00377aa016a748b403139274a05346caa78a7
    0xe312ab848ee9365f66c55afb1bc13a8249b3d4280c7a45de36ed7b8599e59e27
    0xe330617fcdd6f1f8f8af57bb472c2404a0c498d97f047fd06517a9a72e74962e
    0xe42f631d6d3d966ed76e7dee442a23303e64400142787adf7b1668c47e35426f
    0xe60141079d8746df509dde376ce1f1a1cedf9a4b8757dac4e06bfd5904a09f64
    0xe65bff602cba90080db47ed44faff96508385250e4da84f9394435c259617eed
    0xe65cad38496291ff447a203f62bf7fa17aec7d53b6795254dd845a21bd30a721
    0xe67ba0238f50089547b892ca5aa9cf585f40d8d17c25bf586fa9b44d806cb36e
    0xe692af16c983a2b13b3f0088ee83d96805d51cbad4d7c4f585f015a489357259
    0xe6a1b3d8b56e398e0e174848c4ca5e02a4f8ab8284baf83b621cb13b0bcd2aa5
    0xe7be60ab0e5d29ea3ec7be8089ef2c391d29979c650129fa2f85f2d9cef29f3a
    0xe7c18dcba25990758cb9a3fb7496de6fdcc247b8e08e0dc47ecc4ef7126aaa14
    0xe8f9b4a43b2b6a53e909cd230647ec65de9dd29841e8404925c0056290c4f852
    0xe95c2b71e52cf2733972d947c02e95ac64b0e6129926206f80d80d2ec6402b70
    0xe96fb46e64986d37206c8cec969d9ad6adffbbbe6cafa843e34b5e10320b9683
    0xe9e5aa657baf96aa57588f27383e79f3da656480cfe8f583efefe0f3a8e13492
    0xea518bb42f05ea983e5b6f7ab834f43f6ddf0f7b32dfb5820da43e65168917a1
    0xea6414a1e611bccffc008bf87a697c743ebbba8618c99f19ca22ff91d4a83d3c
    0xead62d1c99077e7cc522b8157a408bb30309f6f30f5709d6092b8003502e570e
    0xeae9cf1c7b31dbe1b6ffe1c9087a8d2bcdd2432aa389e2c2bd03c1949d6af863
    0xeaf4d69d141b49206d0f0164c0b352c8feee903ef433cd11da1a1d9156784ea5
    0xecac556a7ac86ef58cf5d8803c81d3e29c84aea58b11e47901d982c77a059308
    0xed302af7024b7c5e7fa52355ca82e5e3287bffc88382c4d2592e84e4a5a24345
    0xed9ab6d0111faf5768ca2b5c79a90e77a82bc4773680be214436891bc4c92fe0
    0xee1b069c33807a920786c8f2563e778751f89d0463c6aa846d0e678e998b8fb6
    0xee85f90810eb7cde0e6adf60b305b1512cf007c67e8fef21d87c3494f0f2c290
    0xeef1ca0c9d67a808a3d6181d560b90a8ac0999e7043d6362cc7f5e4de8db8922
    0xefa8a6f0189235f37921c47b93a776a08a6487a66d1d878ba38c197ed1952ee0
    0xeff0f1085c6441af760f926a95244ce6ab99d723692854bfcf2636d3dbbfb690
    0xf0ad25d48101ee060d447e96357ea032602b6d53bf720694b295ab3fe549a367
    0xf12ddabdddcb80fb46b66b340ff3b400c3b18e9e8c2f46231f69f3d14fa45ed1
    0xf1305b82b538dd6fd012ef7bfc6f82ca14012b0c7fa9f99b3368a4478f89b847
    0xf170d9839afa699cc0bf480aba1322386dfe82668c577f65b18c01c79fbf8ae4
    0xf19dff3a018d965db0b365a769ab175e630ca22cf115a1dd8201a196a203b3e6
    0xf237ed88790fcb1c9e583ee75013abaea0ef853c5a97f80dfe19cc1979a7c69e
    0xf2ea6dc3ddf5f1c06e32c4b1fda76ab3be18c62a61da7b019f5c6e4965db9d53
    0xf3367e696153b37f56f345cd09f76e3f4b14aed7dd271e7813f1e07e56ae1078
    0xf39148daa753dceb7e3ec18e1172c7f8e98f60188211c01ab9efba9f5b24d306
    0xf3bfd701d0b23c9a9c55b2620d601457352ab1512cf02ed63eab9a71df85b3b3
    0xf4949b142e7444a2870189a44ce20036482bef8e1705c6c07cb794fa605c2710
    0xf503a91567e334ada9f9b178a986a2d08f974f15410169254ccad7af6f5d036e
    0xf5337eb48eadb6189507bf7ff4dd3a0a9d45e605ff4a75f49e64e677eb0ededc
    0xf5aed1831a6fe76b1883254bb85d521fbb510faeefac3909dc668e709cc264e8
    0xf5e7fbfb269f709f903cf1fc63547130474b4388f1d05c761e23ddfa6d832f81
    0xf631d1e6038d9038f00cfb7f0a76d95dffa9e0bdaf1951abe3f4565b6cbad345
    0xf725c7a294d925c35cb52c407d66b27561bf3fbb97c830de097e3108c7db011d
    0xf7383bc57898696894d45cacfb99adde6ec4ecfa183fe16efbf2e030cd6f31aa
    0xf7a88bbe4d35a98441535d28da311531b2301a84aa52306ef4d42d92f2e09e1e
    0xf954d9338de16953cb5fb04e21f911484b5c79422067ed574d46a0e3f5838fdf
    0xf977b78fcd7e0fb8357643f311fc7db043c6b9f57b0f8637a63c8af6b724ef6a
    0xfa21e7a706d8d948bbd528691100b83519e1431fc80627ca8d31b227b1e77aac
    0xfa7b4f0140aff95aeb2de242bebfa8880f160d1478fefe262823d5c5532a79da
    0xfa8e766599884c1fe4175d9ad2539092c2dc66ae6409389878f34b8b3e7e1206
    0xfa91dd1c609fcbff75b694d20117425e0f214bfb5229a9b776ca257bf650a283
    0xfb7e7307c470d95c107f706d3bf9842d1d6f90ad025bde3addfcbc1f88611e76
    0xfbf855a9242ba23b31e0c71e07460f7e5c5e239641732d6e0e2d4bad566919a3
    0xfc12024fa58029b3d7c76d151ede2254e5c706c9fa89c9826b90b07a36f7c942
    0xfc1d9984892f26e1d5c261baf7a1d9305c5da86a689a91c4cd65c05506c7fbc7
    0xfcd1adee03d9d42797c395ffb86c318221345f12840088d172cf257a51f694da
    0xfd658656827c0edf3290eca6d8c588307c9723c4196f86e31551c7eb9ccd3504
    0xfd7cf2300aca53bd6633425a5e942f6df3edaa0b0af38943da447e952809e9d2
    0xfde1ad81d95b7ee8335983b8c2e65050001f6e3e0bbc46ccf36a27fa718dd2a7
    0xfe9f3312d413b440851461da7f7ad83f5489279e4f48dbef1d50bb5a7c3dddb9
    0xfebfd9e7b2911925b0bb5638ca5d9066166f290f232e07c66d9edff94981d46e
    0xfedeaa6bf343d949710142d428056ce077906abea0d4000b4e26ad65da2d01e8
    0xfefd1341fcc3d4b655774a0c9c068a78ad783ad32ae916738fa817ab2d7d1ad0
    0xff525465218bc1ba0e8da98cb06ea58e2becd2203951b6570a4cd5347971d584
BLOCK 25585201  status=MISSING_CANONICAL  canonical=434  stored=358  bc_tx_count=358  orphan_only=0  lost=76  *** DATA INTEGRITY ISSUE ***
  canonical_hash=0x0a0b1b66918c3e0b88de63262abbb97576d3172c7f631e4eb8256ec5f8400eb3
  LOST_HASHES (76):
    0x0953945ac53ca5f89cb040f57ca28be3d323317c6c77f5221c2d6594142a71e7
    0x0b94fd4f405bae7ee7076b91411487437911efdaefc585f37f82f5cf446241b5
    0x0cd4a3c3e6250056394048ff44cdfcbcf180f6e72385d4079515abdc8fb4aa68
    0x148167f90c4940abeba5fc3b0be7ec92e2e592315b965d7290b68023b0811c21
    0x151a398b8fa8256824569e2cf517c23060ef71041d26a200257ee43c7e3c37de
    0x182bb13ad35fe8a0eac21181dd1fc12164ccfb99fd40f625bc58dc4208af90e3
    0x1c17ea693b1e26e76e77275df1b3494f76d86fa1c265a954a0a66bad2afb72cc
    0x1f8b2a858bad1c91eca2378b05303509b1d4402f09de44c3c0fc17b8f9f8fef8
    0x1fe99dbae29597e5e11a612ed3f3711f662b31b9abddeaf54c75612cf471a414
    0x287510525b7e17b79ddb5ba31b9505fe5c7ef86463ac10d5e89db2d240668dbb
    0x2aa9b00a8463ae0d0b0571f9578c5b7e569b3fcf660dec5195404c1e9ef48343
    0x306252dd210ef5ed1175ae93e0d377cb118db8da10889db04852f6807521baff
    0x30905adbc327f121c5ba85f276f09d42adfd8db23e8c4abb3e7c2c24ed660f04
    0x31e16460da7f5e889e37de76c08b146c7215bcd35f6d9469d65e5de42fbc97e5
    0x391dff13a68e5a27246bfb249166b099c1195697f7f9308b02db0b60a7687333
    0x39f6f1d2b3b08d9cadf4608bc4d6ff23c7d88d9577c67b55fc66c5a7ddd08272
    0x3d096b102316d37727e2445f9bd5475418cf3a42b4edac539ce02eba26a9af66
    0x3ef3753fbae3c6cd8ebdeb02afca166bfc800782137d773aa12942be2b585372
    0x3fa65d741fde4a82e51c841606293d90f6173dc31f5ab84b49230c758e5b22dc
    0x41379f5934d05ce7c76c7db3c1571c508ccddb9e3cf684c55ab5f6deebd1c878
    0x43a26a28e691377b4d99bb71e5f2172507323eb5cf0c5597d688d32f2eed3acc
    0x440eef431fb2a1662a40ee4d0bce05217d16865547ef1f75edd9169c66a96d07
    0x465e636cb25e8e230b4f03fa361c00ce546aed4f8fe7c27a6b6bee20e5ff87c7
    0x4ceb3679ab75a00145302d39638026b361b58ecdf16a93c3d73dc292d6d86bd7
    0x4d05f0626e2a23f762240bb0bd9c8f10d981fbacafa26f2fb3245168503fc26c
    0x580c79147f35c25be9c2428aeff8f411fc14f63695efa3d135da881749315d6a
    0x5d35ad410c2f79dc91dd57319fcf5eb2fc50591a8a956913f0f995db3149af3d
    0x5efb2eb1c12740175b928a2198a86d76a8cbba66f8268ddfa9e291a584043439
    0x61861b6c4d61f527b3bc1f60fc1b5f4664ab484f51c61320c3400b2326bb850d
    0x646e780d38eb25e472d05b73306f8514f589bf8664eb1e7131e368189d17f577
    0x67989ce5e539836f538e4d9f4eee9f20feb323c4851b431a50424c2423ef25d5
    0x69422bf9e3856d5362cf38ed0e511072ff94db96331f181ab72405df58a0e300
    0x6befde6b06bd473e1bed61212ce5aae0cfab622243fb2d74b19f846178446bab
    0x7263fa65e0af8d9f30be804462a4ed7c6ddbcd3bfd03f4d9ee774e4b5a364c7b
    0x7371650129bc36cf08360f29bc00f436db685642d59370eb353779bf8bcfb49a
    0x748f1e1adcc8b098d4076e141e6874e5c02a05dc0f12d373bb0a18f6cf17eaa2
    0x77eb995f836c9347a1f95968ddad62fca787b1db082a058fcf7ea61f13963015
    0x79d1a02f4d8bd98cc38c0cc450fa1d093edfdcb3de6b0fd71f2291def6a491ad
    0x7c2f61dcfcb63f0d8f0e3ee94a5be467980b51d5e96801227967b486d75a6bcd
    0x7cd7586e81f7713d44d6cd389859cfe623c601564c9dbe30b856fd004a62c5ec
    0x7ffa129abf086afa9b70951ac6f12e64b1edf6d0ba179e2b7266bd7e6eb28b16
    0x85ba17bf681f63d1eb68917b3ea7497c95aa02f07e890b18581b3e12c99374c5
    0x8799cc8a1e5a1b3eec7cd1b9e5db86e78bfa9cf856ccbfb326118be12516a3f6
    0x8aa2c6b933179db4c018ab817d88ed907a5e0426b1736c103f98283603ab27b0
    0x8d25554ded855549c5693c693df750f926192ae88ef0d947c7cc96e08dffa91f
    0x9cd13b704c6a1a41942feae1cb53e11787559280435ec0f6c70862069a879137
    0x9e6583a7cf892a1a4117636447d6ffba96780ddc7c812ff776267da588d42c6a
    0xa0869271c67f1ca7f7445257de2222a08b32a5d6aabfd84ed874e8fa208d254b
    0xa5683cbe4b5c2ca610aa8bef41ce653fafeb1f85c3691f136674ac738264437e
    0xaeeb48b2b64118c4e09d5efe0b58b8f9e7dda893827498d46c9681e3923451e6
    0xb472e997930cff779e514f83e32d57e4d154e28bd9e98f4318957040ea5b03f9
    0xb52590983b21ee31a90ba2890c2f65c8814dcf2da1e4e05457ceb3242e79a9e3
    0xb6cb3c8ac9f5d92e76a9847382f8d2955f49bf52bd177f04ca68e14fab3e784a
    0xb753370d5ad2590dd85dd70c46daa0c18e19668e6c87167fcf0aa4465261076f
    0xb84c6e02ac0a75e61bbe2ff021c186f0fc059bd2e7b942be469fb14e168ace6a
    0xb8d2a94e1ab396a1000c31a734d0ab9ae5942cf3f3f4bcfe8abb4d0d72e03219
    0xbae871726ef75a8df3952963abc31608ead337015d7b904a758d1ddadeafbe86
    0xbb4054512cf56b26eee9e8d5fc1a097e4a2e277b45abff97ed032d963999018b
    0xc1380457e43e53a61c067a7da4a49c2b8b9c1a18a76af047111c0ed9651c4c52
    0xcf65c61f92950dd0eeeb57330008afa1b06ed684b871174a60db7c426aec47f3
    0xd10709899df2666d5639c3875c4887209f7954d5a98198656a301a4f822bb7c0
    0xd93048647751fb31a828c51a5084242f8f35442734ba95202f21fcd7afecaaf1
    0xdd4389b384a4908512267aa3f713146bd272d76300391eab690206017d48317d
    0xdf0f6b9d2f6b8cf455e188339a97573896c426115c98dc041da2046bb4502aba
    0xe3a96da5d1a950c430f57a9f24f2285e69f07ed34abdc9bd9e6dedeb41fd5971
    0xe7b8d174a8c3a6d7829c9eb0b62ccd1dc67961898249d430ac64530ce87dac34
    0xe8b58d6359c0f83cce740aad89c0876aff21472005afdddaa8478a980683af58
    0xf231f2146be575aa19c78e78b0e816a7ae422c2de84ed87229652255c1364276
    0xf33e4584a073b5f7af47b5a514a6a26ea21727246daabd276d9b8b5137ba450b
    0xf529ace49213dbc481fcc8f0be5cac74c17674776b2a709cf3b185aacf46fea3
    0xf730d023292b0690133802ad83508535c374d7c47cd3af74daa9c60dfb4b16a6
    0xf83d41ba57a1d2218636d0a730171a5f308429524dd912548d47cfd28a90a91f
    0xfb7c11c20a1a8ade4707c7c5ed5695dc33c0bdb694a60964386e8f74328fe154
    0xfc11b742e8e1e90589e34cada01ebb40e614408085659df08c44b7cf04bc4a9a
    0xff5b24681d46ada7e6ac11a812a271833c851e377b34e55fe0430af8a2da685e
    0xffcf3b4ac81c07b5039c5c68263f9755571a349569700d7c507ddf2be2e0f9fb
BLOCK 25585231  status=MISSING_CANONICAL  canonical=213  stored=115  bc_tx_count=115  orphan_only=0  lost=98  *** DATA INTEGRITY ISSUE ***
  canonical_hash=0x286ec46921800455c78a91ce2d0f8124b3d8e5a6356f481da67770395cbb48f7
  LOST_HASHES (98):
    0x005206b9261f481b4feb5c624e86efc34c20d5e3b759797dc6756b3964f7d452
    0x0271195a54f9a811b9f5fef5313604a3bcc6e870e4dd4fb4ef6dc468e64c4481
    0x064c08348270bc3b76c8afe2534e47d8b63894d8fc3879e2cc28a8cfe6860f4e
    0x09aea86d41c4f99e2318df4bec33033872d6b67ccea838aa9a4065e738aaf7e7
    0x0a96cb3fef37b1574d1658e75ea675ec84d76fb652a8bcd312fabe5fe75674ab
    0x105aeadc3f6eff3ea7146c143b03348007e5cd60336f9e595aeda352afa87e84
    0x11680e1c2f639b6871acf64f5a583d2eca46b26142bffb71170bf331c1c04419
    0x125e8dd707d1df8950f3c78bbb093fe65cd8e430c61f7248ebbe95145d5bdeed
    0x18af120a4f009463814fecffd648e80589b3b1581a22630d40535920749901f0
    0x1b1b2ee95fcf73b94843c23d509f1ecc634282fa253cb1efd4a81f0301bb7ea1
    0x1d2bdf1815baf28927f3a4c9e9a3f3390e89caceee82ec28b952d4b351a9b775
    0x1eb0d10022d9cf72829fcad6933a4f3f933254814771651093db3003f299753e
    0x225cf421616a2d021568156872d834fc681ef9045a36c48db6c3dd8567ae2a94
    0x2277175b34ce4a4f2d6b8cf9be1b60c69ca478a9e5cef38d161953fb91f54f0c
    0x25da52006cc37da54298e6782c78b0daa2b1f9a0d0a47f3097df73b37f7020af
    0x339b50b813b95e0588198676a508dedee0bb5f7cb497ea652ebafafcf91baead
    0x346eab8a2b9a72f0e185e0df10da6471e606971f201cb38acf7826fc8d590d82
    0x37a5dc30829224b2af75316751dadc74e6e3beb34667c269cc021bec5df66e18
    0x39541a825f75a1b88e37a2de6ad4a64214d38b0fb64c1f53d87584bae8301e5e
    0x428352dcac82f3843d3a623f649ee649c6a6105887ff491718d6978fd875b514
    0x43ad8dfb72ccc1f0ea935115e802e5392316b0c61f149e7baf14eee5ac2b2965
    0x4611a2749e5bde2b88a0b98b4304425978debea5db07bf9c7a7f881c7b217bb4
    0x461e59ec9caf1a653ac7abb02eafd9c82d837421ba739d8ff083c39f9a6d5c30
    0x46933c6b9e4719f944e553a0596678fc083555ed9271eeb9d300e3a6c415f302
    0x4a61b5dd3a98de247b4c973b2d9fae90c97535f43ced8118c8d78c3b6eae4c83
    0x5171f615d8d37fc6ba03358508a073c10bea4ba1951a9f3a1bbeda3b0d29305e
    0x522c5ca3fe0e55fbcdf8b300b2bcb77000c926a6134023417fcabb9b5ed892aa
    0x556bb2b53c72d726ef1b29684d66b89b4b4ee0eb8930c662dfdf02638b7a810c
    0x5639bf573f6f7a95e52028f51512f30e0afb079261bc2ff0ba5148e5795a5691
    0x568a12035fc6919f1f456a87c77f481e25a68b0b778e654cdf55aa92a8348cee
    0x57c477cc555894aa87b261c039bc39cda09ebc187ffa8a3156f75b9394e017dc
    0x57d01ba4767f899228ad0148826b8ebc547c2cceaf0d7089b06361c4e9e51c6a
    0x57fd1320c4fa2426d4cf57a0c99c43b6c1b1432ea852f946ec90969466ea2b8b
    0x59091ca7cd6955a064c28a6afd5d4c7c1ab834441b2360ab92a2780f377dd8a9
    0x61038dfd59d98933b79c0fcd132f5efc29bdee38f6dce7fc2f70d1b9a22f6e45
    0x653706997def07a2b579f102bdd1724c9009e2ba25da95ce57c0d154c489a715
    0x6548c910df14949937787ff1b9eac90b8545e19727be90f4ecf6ebed18b084d0
    0x6b852c102b3eb859497a477dee63d481a7fcbb10685797a15497d56c103b87c5
    0x6c025431571d6a85e2d02bcd01238b03fe71a40726aebbf474e247469113fdd6
    0x6c21d2fbafa06c3214d94950fc57b4868a2961964e3016139ce4932c6a51d905
    0x6cb3ca14e5e6b3956ad20fc6147ac27e7b22ae25214736faa696d781d0477a60
    0x6d76160f59d164da7ed680248739d4e200657325d63bce22025834b3a4aca8a6
    0x6eb0699905a0cc4a506d5af752730e9594ca8dc6e5349b01a9e5ace168ddb91e
    0x7082f3b6c762e6053bf44887d74c9cc0080e3f24187b917301a145e6635457ea
    0x70902cd3f11cebe5593ff64f6b0d02ba2640ab52647ed43fdc92051f923965bf
    0x716fad69dc3dca504243d0d515da9eb4ba163ca5488b53739ca604bf96041263
    0x754b8402c54c9267bb02168de8d65a70b69da8881467051a93a7d54c017e0884
    0x770572debc783ed023bb1119faed3d21386a094ff750c9c61208966fb8af94db
    0x773ab49266cd930ff187fd43277fb8ba10d136597df215155260bbce5df460ac
    0x78509606aca8481e4548eb43ea64b8c06964fe6e636882696657ade299f399bd
    0x7b8104b0315dae05b06bb3d61c43e997e391442ab42b8e346607e9509a9b85cf
    0x7f1565e783bc6eba9e9d7410484ea5efca6280ad950e0915447fa48825e56335
    0x864d0a2b5ed1520970159304f252f2a84ede24d4e3710d434768137a425982a0
    0x8c3c56da0f2a6f348968ac05cb67d3d315000a534e0a921b58ba5ae577c66cf6
    0x8cc8dc2bce68e9b70992a5e0dbacbfea87d369e066a134d6e72cc5ecc7b39b18
    0x8d8bd4d0ec1fa747f7364545d63a730e4e4601e43cdf65286ea36f07e95687ae
    0x8f1f1f32fa9577ca0e20b91c1ab56543a9071c448923af7aff01e36d2d686ea6
    0x8f987b6a13efa954c31cf2c9f00effb11fb1b84ac149794e52037bf55ceb35c2
    0x90b2ac3da5ab3cd2fd06f6ed559bda5b9715f74c983aa29090525dd46426d419
    0x913f7575993e7f042b6e2852289b609916c7344c2fd94b5bb79a77418da5c9c4
    0x9e1510c04cbe9d608815ebd030789aa816edefd93368caf576121dfb6ce0d6eb
    0xa21404654b74c96de45a76f6d30cc254d378c62490e6aa8358bb7ac8e63c2d5d
    0xa7a5e1024da4e8612824b828c01113604e60c4dc0b9de932eebcb315d7a59d3a
    0xa8979cecf22b6903acf7e608e20adc2cbeb383c433515590758f7f670cd7e6ab
    0xaca8a9d4e9f2884c995a7732a0257b1de7ad7163b7e6107fa22459925e895456
    0xacb3c0d94fe41182d5ff021f4173c7fff9182f6699a792ac5c8b47fbc9e2a131
    0xae2a6bb423b5bb63549f58c6730358c7df81f14156871f912a703d5ad2248e3b
    0xb71c23098f99cf20867de48078075d86a603126c0d96991b4587f7479ac70316
    0xb9465b373e92032011332e7225a19497835d2a8d1aa222fe04e57fbef07a5574
    0xbe472574d2e4201989b92722e131b0c3fd9acf828b178ae489304f12857829ac
    0xbe53a5df7ac795cfcc1ae6e3dcf46e78ed5c67f2dcc9641ba0f084e86cabb1b6
    0xbe65dc9b5fddf8e7c418214f1e5d9eb953da7f9a85ecdfe676f7a88ed960fa91
    0xbecd6052d3d8acbbe8c9a220f1653bbe729868cd61a40805e49944f9f4b4cc35
    0xbffde07258d927915db3477ea5e1f753e67dfc41958d00527506bb6de66df159
    0xc0d1047f5778664dc0278a8188634d0f460d0cc758fcbc42db6076e2a444c7b6
    0xc32a1d86f2610b8b70d3f39a540d8ac77e232b0535e492de439a391ff3af2211
    0xc38a5b571227c77d2d295d3c0a48c3ac146b9bacbd3eb80509c4de1a249339ff
    0xc4bb42ee153eb4f2797027159f75ce61459e4b36459719d383d20660c703d363
    0xc6946d3d3cf58079671ac5daa948d1103614f309898f0414254c86d4ab6fa937
    0xc6ca5a25650c53fa611cbd068198df04d60b7f47f31137ac9b0fc1b5745e9dd0
    0xcaaed0ef7d7c5c7ce2960ecf0324695f6f090b2f93a20275d1d2f6bafd73a1a3
    0xcee36633d931b230bb2d87023d49c0291912fce0106269e02b2dfe4cc75e3e45
    0xcf766f24c09bf15ac4c74ba1b354621fad7ae91c9cf958557f7c0e0bca0adaed
    0xd311b90d170de95a39931c998b13f89a91bf8abfe013fde94b83ed93f12442a6
    0xd5424d4d8c7a14b95db032869c77309abc6cfe344fbb968f252964d7ceb914d6
    0xd994e68794219c3c7b3e49e029e782da45aa3b7ddb3dbe87c73b2f326f5eb720
    0xda190f561983dea184e198030b2db55eed6a885e7604fcda790cac8f39aa5118
    0xe14a482b9380ba02ee6568b4e5369bf930da1ef64b4847a8268bda7954fdf571
    0xe27e0b70aee32df7834dbab695b74319841f19c64e93a3bf83b94e0b8aad9ce2
    0xe4cf000aea39bd72359066b1d2d8b1d26ad01ee34437aa7acd6cfa76f3c04d65
    0xe4e04b318781ae82611d0a16f95cbbb491484077db538936a06ff263a454357b
    0xe5ba4357ea26d3aaff097c2ec8576aede90937c2334b19266b13144526c467fa
    0xe5d581a07d40f96b94e95a42532bfd59c264f17b229ddc6210ebfda3c4750a0c
    0xed4d7dafb65523bf35ecd014c7aa2c9caf28f20b89a2bc3677f00ac81b66a367
    0xf09b750f7c4cc2ca0d4ed91575c7ac47145c111f2ba2027dc713a29a2352ba55
    0xf3a83b42ec8f1b03b173a18dbc99af1aca3d8f595fd81e396c6d3a6433f24360
    0xfcda3fa7a4b3dc5d2cd96f4664727b43915b687c110cacfec56073be6f92487f
    0xff165cfd599842f6d70f4050e8d26017b6fda107457f92e7fcaafb4bdd5172e6
BLOCK 25586892  status=MIXED  canonical=722  stored=583  bc_tx_count=583  orphan_only=29  lost=168  *** DATA INTEGRITY ISSUE ***
  canonical_hash=0x06fc1029c09a99b3fb4e416e400f3429ad37f6ab92fdae344bd5736ff47136cc
  ORPHAN_ONLY_HASHES (29):
    tx_idx=522   0xdd177cbeede74cad0ccd10bbc1553e60882cf1cf0bd52fcbfc0f162a42aab747
    tx_idx=523   0x390bcbc70c59cdbbe33d4f0f92ec91458b1961ed6fa54d0fda7d33a759eec3b0
    tx_idx=524   0xec50a84f844bbdf66422dbe43424bc707425ec2c45b500842a08b3aaa52abc82
    tx_idx=525   0xfcf33d7295aed18c695d62f2b883fe50716e1acc276ff9e0dbd0da9d65fb892d
    tx_idx=526   0x7c7127db67c48962fa4c74049cd73bff0931add09488b3115dc80d754e0725dd
    tx_idx=527   0x29c099e9b670046415157012c5184b7213d0da94c3d430549f3a5e955e23b13b
    tx_idx=528   0xd908a38de86f5fff41d397742bdb0815b285bcafe0859f29e9a25fde9d037dcb
    tx_idx=529   0xc1cbcd452811a008a3e5bb40fcf9dbb091ba81b02567e32cc7c4226b14242508
    tx_idx=530   0x24d6cd155dfd53b23b841bdf5e33ac3ff1b598bafddf1397d41e37c080b1e12d
    tx_idx=531   0x1eb53c36b8aa3c0c022248469a1786453560f6fa425a0bbe053565511cfada3f
    tx_idx=532   0xdd3d505547f232fa400bf5bee9c1abb177fd8f1f4a32789a5c410e2a224b4d18
    tx_idx=533   0x5b308cfea0c5361d429bbefb1b4855dc0d7db9c25ddc9bd405a252c56831b2c3
    tx_idx=534   0x62e2140b05a835e5945cf540e263ba0bd6570e6c8554386d076dafed1405fa46
    tx_idx=535   0x66da073ae9c30cd565e57314dd5a2bd9c32c854eb705e74bc4caa7fcedc5c8fa
    tx_idx=536   0xe35a00b74ea64fe3326094866d18af4aa54ba8148732c4a97ca63a167d30199e
    tx_idx=537   0xd9c5ca76d7170064c909fa98bec28b42d3317db2add07b40a51a9aa7d0fbbaa7
    tx_idx=538   0x1cbd0f422d4fbd4e2e708f45e8b80fa513d012286cb73e2989aeed549d61b4c7
    tx_idx=539   0x676663c5c878a0ba1ddbb1bd1f9a43c623c119d0af9e5002c859301daa878647
    tx_idx=540   0x3d83f5eca5a546aeed0718ae8fd3a463ea099003208f32ed2f9cfaff1719ce2a
    tx_idx=541   0x750bb299487fb996c5a95502b297615cc226a09fdac3aa91b1d7dcca0376ebb9
    tx_idx=542   0xc5b72b156f91434a5bf493c1c3049a9940eb516723c839d2ddb8bcd185241270
    tx_idx=543   0xb8213b5f3a85e3db46744d207ac334806bdaf44709b901747d8bc5647e761985
    tx_idx=544   0xaa642e4d6cd6562610fd0ebcf455ac998c96bd4347a37467bd09d00ae6f7c2a1
    tx_idx=545   0x40736639b0071216334a45bfe97feb9cd6a05e568e9f39ef2e1059ca72bcdf50
    tx_idx=546   0x9372aa65db3ef2c9e7c5196c79e445b4893c17733bf9b9f9c1d4c8435450aad5
    tx_idx=547   0x053de2b8f6119160989c987f22ca47f33fdbbe7bb21925f19cc8a560a126feb0
    tx_idx=548   0x8aa7db8bd531531fbabfee8126357fb6c38aa9797abd4398f03b4760b2b1eaa4
    tx_idx=549   0x398978f323076570788d0e08c23564aa41dcc34021e6d8a14c03ecd078b62542
    tx_idx=550   0x02b2c0af79990762379500b6dcdee94a4fe068c676fc2fba3ea34048af163b86
  LOST_HASHES (168):
    0x0105084b6ddb67fd50d409a1cc3b6a5d42f456711878df0e59e4f1db7c0d1bf0
    0x0123789d5dddc540aad4a20b6f8e40bd8cfdc67578bf09f71993293091e27cc3
    0x0312cfb8c31dec8d909411185b2a4514383df16362c4233655177e75e302d7ac
    0x03378bfc366c2b25a4b36a56c08d7c10501a2ae8aea2f36e14d1862e70254364
    0x04ffb5b6c98e328208953e79036ba32438f9da553e0ea6993307ee3cc20bd1fb
    0x08679e4578f6cf75497e05bfbebe3f999c13a4446966d5aeff7cb9b0523d94b9
    0x08eb362b758cec56fd098b4aa2d5d8d527365b98dfddaafaa41944919353d0b6
    0x0a865d779242533d2b3ce09cb2573a14a073f5c4b51b1344c18f810a807f684d
    0x0b660d46535ae9cb60f6e61a273ef63f642f55ad9ca6fb5d4a64433c73ef76cf
    0x0ebd833897dfe0d716a72778fb7c030114423d79c66db77c03c70d5d838bce4a
    0x0f05cb0d22c1a8f8d981d5a70ef98903a2ac847b35ec660ca6329c9836b6e5cf
    0x0f2ca8d1f44f06de99000f4151c9305dfcf4f1827e4466de809bee4f49b6b951
    0x0f7ab5b6439ba40ef347f30a5b6e1655cf7612d8df201be3ef77a51a72c405ea
    0x109fce926d0391e932e84270bdd171b17f8745cbe5232ab3be8319d95eeda597
    0x10e98dafcd0b1af429f947fffd8400616269370a6a9f246c6615d3a02b07f66e
    0x12d5aff145eb342c2381cb821183e592a7d7a92343907c4275b575fe0d283825
    0x130515374055738f4310ea7985dcb3d4b01b43eebd6cb1cc649fa16663034133
    0x13208a89fa87a847d2d942d63204945314695a8da54fcdb1eea0b0557d047433
    0x13c5b24f6e3dec17d67333abffe30103d7d36088c014562edd86c94c5a352eb3
    0x1495a5bfc151671ea4a3ba4b9425e4dde7ef5e9fbc2d1513409b48b2cd639ca6
    0x16aa7b13c6fcdf498afb06223d18ed00f87c8b745508d3f429b49c4ffde28b02
    0x16f2e40d7309cf20788ac67f25dd4562016f632ba50c019b851f08685bc35135
    0x179d46c88bcdd1312f9aa03274822d61db1ab1fd228c5272c6cc5ca9ad6df123
    0x1855c0d1bcaaf0afa226c2d2f48360d0beadf7d143e03bd28e1c40897ea7e0c8
    0x1d60099a14ee9b80352db34455ebb645bc0bd78de3dfe03398a56387ed856273
    0x249b1cf155571ccb924c9faccbf7ea28f21fa3130fe8851111750cfc946eb0ce
    0x24de44147f26605c06b12f0270f07804a91bea54e998aa47902ecbffb401ff42
    0x253abcd25c84585e5888c18eb743aa7ad327dce0797d704c1d7eb70425e4f00d
    0x255aa7ccf14ad2183f97027a5483429e008ca5df467885126e94c8a2d412c51c
    0x27802e39f721f0ab13951eac91961a2cd7d11089726717bec32d47ea8e21494d
    0x29870174b808cd06f018020269b0e68703861c191ccc29979153869eeb020bf3
    0x29cc7286626e840a94008dfb3c88c73d16cc8f288de837cf0e76b2c086ce5567
    0x2aae6a97c2532e699705db5d827b1e6f0acbac14906a451f7be5061eb165a0cf
    0x2aeabdc045aa73cda103056191f1d6fc18624cf7bc14d6205bb07ff9f77f1a28
    0x2ba888677256680b4d06d194127e0ce8429dd69e565b54795b3fe4a0c2cab7bd
    0x2c287e69cd1fcc9d0d4d7779bbb70506fb308e973d0d3bed46a330de76fb88fd
    0x2c56732ea332f06b443b9ff4e7fbbb253528f342a3d42e3a66d557a01947f2d2
    0x2d50f23c03b34e85f5907ce01f2e1cf2f10f6bb13c1d43696ffec350f2b83aa3
    0x34905411f7f96baa396147495028a2f428f20dda751bec20447d4baa2f954969
    0x35170a75d8cc165f8b6fb308953f69d6d87eddc43c801f8355efd3eda2d7e266
    0x35ae77f0d5be0ec115b75e6606542c06261b7c126dac9fef9260351ed76cd9b0
    0x3828f05a9d455e23920513532adf403d319525a2e4d7c41e6f1ac4b363813793
    0x3831e16fe5710d833037c3771b7fec9f01b0e70ca77884241c06c477723622c3
    0x391b7ae71a18b2440ee308cc94531adfe04915cd0bd92269f5271c19d3599617
    0x3955165587cd2ad4663445e52da2b07af21303924dde2dd276ef264cfa3e9e10
    0x3c39aafc5c500e32636519c8431d651a507beea831e2060d56af7a4eca9e7b95
    0x3cf0139d5c37c9bb32f153cc51e6c80e7a440ade8c3320cd7404645cefde4d1b
    0x3f29771161b4ae0ae5d27a8cf6ccad9842ef29ff071644af63060d9aac27faa2
    0x3fd230d65861bd2f98742baeee667baed4318e82c120d0810ab7bf309681fe1f
    0x40cfcecca1c005a4930d923122fa9c7cf95c68fec772d0a6a4ed2a094af1ec92
    0x4208ca515348a1fff5d462cc0f0f2e620b5bb75447257eb31121fd10c0a4929d
    0x437d7b37b60ae404534ae77aa8b5fd0709dc45fb23672aa092a15a63c3a64780
    0x4550f208cef58cecce726b42307bbeb1a124f5154ec6415c96ced8e6f16cd707
    0x4618a9b19d736f5b9730945f3eaef7b73ebf7e4a855a5fc8c8278421deddfd29
    0x4691c5a352c7fadb056ef0cef85e95513bd724bb7deb1347424fc916eae84df1
    0x48cc3c6b00b0ba243f52726abf600b25fdb16b608f7856d11f894ba5c23acfed
    0x4a17a29ba41f700aa7fc45ad82ab33c4d2c6b3e20f78db1e981673c5d96b9ef0
    0x4a3c1303b73a863435d3a743d7b3ad8f99d8825d9e8449655362279baabfc5fc
    0x4d4c24759ce3fefb5fcbbc29c10bbe6d9316a90340287556b381c3ad3996e396
    0x4d8a00554459505fccc64d2fdc7889f30cef127b1a5064301249862a6a0c770c
    0x4d9a8f0d361619ee41586185e60f0aab39a1d4c5b26d2ead41133456aa6ca56d
    0x50438b1d074d70733f21b8c1781a8df2c00ac71f80c25a76294ecebc66ca7a6c
    0x521bcd86e78f99270dc9fa8b762aded91a7b8b148371afabe1e2869dc4e8eec1
    0x52ab33ff3eb969b2cacc450462204362e704629b1751798177351030155fcfcd
    0x53948fee01b08a187c101d36de83d1e72454bcdc36d3647e97f85e9deb822f39
    0x53dbccd4fc815b195c20f2d4b5bb3a1fc09b8928e45b513c8e127620e5d8f0dd
    0x5620e41fa9c41dea69ef756ebfb2e709e3c616a3b0d1e1936de6d891ccea0103
    0x5627012e0ab56da53e404f92bfff2ca8ad4626728a162348ad9261b827b0adee
    0x56cbe50f841c74f4fe1ed29a98de9aacd4a5304e0f50befd3954ef2b4b98d0f5
    0x5750fd025f64e03cea417abbdddd0ea381fd1870e8a3db99717b37b1885732c7
    0x58544efbea9df6313e5e2d4f6e020cde472cdf897b9946d54863cfe691acceed
    0x5b5201833765ebf001a12d1c344aee984a2b2a73eaa1290d7586766ad550cb91
    0x5c3e52343421ed2b78685808f67ef30bac216128786f38d0a780892f339d7600
    0x5df268a4b3491380d240999729d53178c2645135967ce3fadb579717f4590400
    0x5efe1afbe6cd7902d25ad66cdcb323e4ba2294ef68ea26d6e143fcda8ee68ca2
    0x5f9fc9d8b7511cccea3c07459772dc612c6f6e0773929486780529cc1f32da3f
    0x634c92ba4bf81243506528945799e3da4ef00f873bc6cc4bd1babe9c19283852
    0x64f427ebee20f461252d8ddf38afe44f3e75e5265ea9ae2b7c130bb8a507b762
    0x692c82593acdddc5546b4762eac10b6eadb0bbc2f284476fc23b5713a9188687
    0x6a11676e033b2da4379eb2638225fdc9b56ba28ffcedf8703526e8c66a5f3e07
    0x703348a30e391bfb8c6d8775dc565c6a47cddc4ed9b31fceeeefc11f0598f6ed
    0x720b970320c0da4ebe018bbe3a575157ab7ecb7298977d69820073ee29d48f6c
    0x72226bf02138b1ab5cdec02bb1fd1965fe397aa8443453132c836810c640784a
    0x72a51bfe8317f25fd7e4755534af30f7476bf92280eb5be5585139278069f685
    0x74b120d795d31f3dc42ea54cedbcd433ec1c21c97d676cd9ba9418c7c4cc0327
    0x75c63d5f8dc2a124082eabd927c402f28977be5507105e606323bb7d15877ca5
    0x7b9ddab8776d56f40816ce4761046ba80937506fe0293a8833460b61618cc953
    0x7e03542b98824f066401698ceb411b991ca1ba26a3b252a09ea6a5c72e48eeb2
    0x7e2da5d30401ab2929f4e37080aa851d0030d160e66a36760bb15740c6a4d931
    0x7f543b43c16a170f416791b1c97a6adaa2b4be450286d114e662e029e36161ca
    0x7fc57b3a86008cc99e35c5c46f358cf305b201573d53b57aba2191f780bbac3a
    0x81b4b8a460ac232466789fb8eb5a054969dca4c2176a14b18910fe4300e28266
    0x83727b5befa164c31c6910f613275df73a604f81a611c79d778649f295c2e9d5
    0x83a242ae2339de30af09ea470cfb41b3120fe011bf3ea61841d6cbf4a0e97d40
    0x84dc2be68ee1943a617741afd825ce2cda86ea0d4dcbbc8d738be472bcd72919
    0x8530b072a7446b26a52fe126b65161977ca6b9af22064ea9ca5f2f5f7a5a9277
    0x8660c0198daa986b8aea4b37e72a852d07f7b69d8f136071b4f3240ff339dc7c
    0x87e84767390c967274ef206533610b4c1c0eda2d19a928ccaf2b7aac05b5ec5a
    0x89112ecf5ab069998ec296bdb9eb1e71cc764c788ff60ac83cc8c6ffa84536ea
    0x892a38ade6d7d0d60b213a3ff2dd190b080589e541919797673a6653840c1e8b
    0x892fa9287cda61e6e2adb247c885bf35bc4000144aea1ee010020ff509cba853
    0x8ae7bfad597cec4346ebaee13eec37e524626250628e3a369872ca9240d5cf30
    0x8c1f18eb02165671c9d576aa9c79978618443c08f7301279a0f1ee76671d2b7b
    0x8c438b606a538859e11c85052c589a6dc4a8f0fad33a1925e120962339a5ad9e
    0x9081dbaf5fd8467cd05774bf1a7644f60a36b5a36dcb030372db531c44232aa4
    0x91d0aa02bbec90fc8319931e7de1385143525341a97a885df7f6ee8867ba1bb3
    0x91d402d152531b1995778e5740d674fbfcd92efcb67d217fcdb6262077bbf060
    0x92e0532890f2b9a29348e30e6af57856913c9816c04fe20ce85fc4114b7b50b7
    0x98c6f3423c277ced5804bc2b89d75c095cfee671d1f140dc5e39a9457069ff57
    0x9bf9a6235271594808ee1d76d92301fbc3f4510215367d524f543283e080d66e
    0x9d0550fd2b889858220f699a162ae5f24d4cff95158f7f32d84a861131ef25ad
    0x9ede2f306ea3b8e387d6f6d2ff3e12dc84a43fcb47d738c72e32b5a42df31849
    0xa0eeca34bbb47406034ced69151e9ea88b9e7de4d7464e298d39e38a07999ca8
    0xa2cb2d4cd1f61fbd9d8f3232bf730c0496c39c0c0a7b0efd6a8a16385f2f427a
    0xa50f3db63923607d3032087a5ba1830eac7aa6acff1dd5196a5b13822c724614
    0xa6ad0434544158af1cf21a4093deb23048bd1aa73f150470b63ca72cdac0dbe3
    0xa6fa37479e999db4c1fc4e8c5fc2de29e396a57c47e9537ef31c9a1001e808f1
    0xa7ccf0d3d3d2b3532790a126c365647b930c5be562f3c4f2b0844426818d50ee
    0xacd4f71f84cf379ccba35174081bb65492d5824dd27667d63d13d1c6937ad146
    0xae69bdf16b5ba2a566eb5070b4e922468f31cfca191ff881091cadb5e9452c15
    0xb3bd04bb27e42c3ad183d90a9b00ffbe24a1740cc02b63be11e54faf0fa92b09
    0xb6b6cddbbc0e403a6ed0d33c7405afbc26a8d96ae7bd20d47654b3d490d69de2
    0xb714867afcdd8bdc5c57cadae7f72aedaf817fde0f5bc89dee7cc2dc23bbd9ba
    0xb87e650f70eae608e847eea4d51464014147b61320c6cfc850004a3d5b284bbc
    0xb9d39336be4d8c0163ef28d238816412b7be6b201ca8082b59c0b7661b7d77f1
    0xbc0b17f176cd2d0a86376c672abef57969f701eb57ba07d6210c2ac4694c0a26
    0xbf87f5f96826d32edf7282d6328a5f0e82a6dcd9aedd8b290479921c96863c3d
    0xc276e739474324feb41cb1a388bdee211ea8e3ee2c363ab159c583104691ea27
    0xc32c9419e6e6590b22032e147c63bc22812d068e2d39b460b363644b2a8c6c8f
    0xc39ee61c7a91599f30239085239deb921e0a972cd8f93cc63900109de6987be3
    0xc613af41f0bb3da016d096a15503f3fccea99eadba77625d13aab4526f4e6f1b
    0xc8e0a92f349c3dc2fa890dc53430c57f3c4e00c48bafd11ca8a07c491269e11c
    0xcd9ed250a327d76a68b3733b449652d47110e2ebc1742f25bcc8ebb5b8677ae3
    0xce40d7070cdbd009a6514731dcf99b7fb3a24bfbecbd3c2b83871a4b0b8cef47
    0xcf237bdf1cdab6dfa7ff8927aa6a8d5d323f418212692d97388e12b08cdeb5d4
    0xd0d76ccfdfd941c33a270b541657bd6dfac5c6537f7badf95e69c99fc1f0c023
    0xd20933fc020c71b26d3e972607b021e667f214e29df7443d6be655d0be2044be
    0xd48ff7f6a7527ec9e65c9b90b0082001350468bcf8f44bdbd04d39132bcc1d4e
    0xd57e6ed7921be14715c21dbb2b37dafba923da29c7f78d886a1e424a5b598d6b
    0xd643f4bcf537bfe1ba55fe73c38b19cf5b3b21b73638669d3a680767ea8828e8
    0xd7c1a308bc7e652908867a8c846c8697ada02f31923c078e1c34a6d898334b7d
    0xd8ed39c1dd3061d870982b871bf91ba79c5e9fa0fa902592db0f12e0101e935a
    0xd96151f6fa3deaea57973062085cf9b43edef6f32c575f16675bdf9ba1691e02
    0xdb842060208ccd0b87fed45c20b7578d643fe7cddbd112672cca16d67a584209
    0xdbcb0a32cae9a518c10deaac0b83259158f4991538fb71cb67ae3fa11627828e
    0xdd4ef7472581595222c85ddb0ca52bedd8a8fde726211b81a5094842a4b25500
    0xdd75d3040e0d072b5a0a3da2b372b6e2887c3897d1ae726d30d4ebd3703279e9
    0xdd785731441c277218018fc0cf70ea2c6a2791ab31a78110c8bd74ba3e9c6ca3
    0xde26025de524ce320bd4a95436f14b8edde352ed2129c6a7b3eb094b7ba15d2e
    0xde9ec59eb04ffacba95e1cde52ebb0c2e91d50617abe7d3aaa2c49c012bd78da
    0xdf8cbdd20df76114d18d24b5ec7e99b287af2c326c27fc7277ddbb0f5b3a86b9
    0xe0a6c75ff50a1859451052950c91d236546249a258c8572509168e8121552224
    0xe292da45f3fba1023d8f5e26195e96155c0e1a307e27df4a77dc2b79edfb92c4
    0xe4cfe3d49f3947b1f67cc7774259b1e070d7829aea5b1c39acb8a60ca400f0b3
    0xe5fda90a1e71c84bde7453a0e5b9e4f184ace2928c12bb2d07793623975d77d3
    0xe97b92cc8824834260d787da53ecd8652a9f63f4bc9e56a04d584f10aa36c19b
    0xea56a260a337ebf146410dbcb2ea33020b073895bfd3a2e2ddf9fe6beb412763
    0xee80de669331ca6fedf65e195309cf11540ad859ff654a53a8000985d71bcb66
    0xef6f81b453dbc475872b809a908e0d7d433a3ebe41ae7cd14865eb68bf77fede
    0xef9153b39270713d1a4d47f26b9ad807a2dc366bdfa9b6d27b43f3c95e19a9d7
    0xf09103cf4c597176c3eeb8ae9d463bb84c24b7aa31223ef9ba879dc4d627d98b
    0xf2cf6066cb58f79f0ea2716008d75e960341f1ed2874f1b5fd124ada8aa61adc
    0xf3e6649cfff683eba757d7e3c5bf576427261c1dfebb6eca0591bbf63a644f02
    0xf590c7fd6a03a6e61c4b4d8e5c5ade75bece5f28ed3b53a5f915dce838c4d7a9
    0xf60aabf1fc936baf0537b0f37ca04a76085f33b05439b63c8ce1c7081aaef9c6
    0xf68783822512e7709aecfc95e3789e82c6d26cc3c3881fb8d1d405accd0ffcf4
    0xf84da0a9c09dbd8d1345a38b3020af4788d6ecb55f9738b1a4d1144c389d2a84
    0xfe4c4e23b18abc2f49348e530a5e328ecce33172d633e8286f56a1bbb3f77c4c

=== SUMMARY ===
total blocks checked:    17
OK (clean):              0
NOT_INDEXED (no bc):     0
ORPHANED_SUPERSET:       10  (has all canonical + orphaned extras — cosmetic issue, no data loss)
MISSING_CANONICAL:       4  *** DATA INTEGRITY ISSUE — missing canonical txs ***
MIXED:                   3  *** DATA INTEGRITY ISSUE — wrong block indexed ***
ERROR:                   0

log written to: /home/alexey_smolyakov/reorg17_diff.log
finished: 2026-07-22T09:13:32Z
